<?xml version='1.0' encoding='UTF-8'?>
<gpx version="1.1" creator="https://www.komoot.de" xmlns="http://www.topografix.com/GPX/1/1" xmlns:xsi="http://www.w3.org/2001/XMLSchema-instance" xsi:schemaLocation="http://www.topografix.com/GPX/1/1 http://www.topografix.com/GPX/1/1/gpx.xsd">
  <metadata>
    <name>! Peaks of the Balkans</name>
    <author>
      <link href="https://www.komoot.de">
        <text>komoot</text>
        <type>text/html</type>
      </link>
    </author>
  </metadata>
  <wpt lat="42.396382" lon="19.772634">
    <name>Bus to Shkoder</name>
    <sym>Flag, Blue</sym>
  </wpt>
  <wpt lat="42.398940" lon="19.770845">
    <name>Routeaanduidingen in Nationaal Park Theth</name>
    <sym>Flag, Blue</sym>
  </wpt>
  <wpt lat="42.402437" lon="19.775301">
    <name>Bosingang in Nationaal Park Theth</name>
    <sym>Flag, Blue</sym>
  </wpt>
  <wpt lat="42.402732" lon="19.777842">
    <name>Rustplaats met bergzicht bij Theth</name>
    <sym>Fishing Hot Spot Facility</sym>
  </wpt>
  <wpt lat="42.401323" lon="19.783714">
    <name>Kiosk met verfrissingen</name>
    <sym>Picnic Area</sym>
  </wpt>
  <wpt lat="42.402103" lon="19.790220">
    <name>Uitzicht op de bergen in Nationaal Park Theth</name>
    <sym>Flag, Blue</sym>
  </wpt>
  <wpt lat="42.407225" lon="19.800338">
    <name>Café met uitzicht op het dal in Nationaal Park Theth</name>
    <sym>Restaurant</sym>
  </wpt>
  <wpt lat="42.406232" lon="19.802461">
    <name>Beukenbos op de helling (Theth Nationaal Park)</name>
    <sym>Flag, Blue</sym>
  </wpt>
  <wpt lat="42.405708" lon="19.806930">
    <name>Bosrandpad, Theth National Park</name>
    <sym>Flag, Blue</sym>
  </wpt>
  <wpt lat="42.406154" lon="19.813683">
    <name>Fantastisch uitzicht</name>
    <sym>Flag, Blue</sym>
  </wpt>
  <wpt lat="42.409053" lon="19.812304">
    <name>Uitzicht op de Valbona-vallei vanaf de rotswand</name>
    <sym>Flag, Blue</sym>
  </wpt>
  <wpt lat="42.411483" lon="19.815072">
    <name>Campingplaats in Nationaal Park Valbona Valley</name>
    <sym>Picnic Area</sym>
  </wpt>
  <wpt lat="42.416329" lon="19.858512">
    <name>Valbona-rivierbeddingpad</name>
    <sym>Flag, Blue</sym>
  </wpt>
  <wpt lat="42.418314" lon="19.863999">
    <name>Parkeerplaats in de oude rivierbedding</name>
    <sym>Flag, Blue</sym>
  </wpt>
  <wpt lat="42.430530" lon="19.873870">
    <name>Valbona-vallei</name>
    <sym>Flag, Blue</sym>
  </wpt>
  <wpt lat="42.441963" lon="19.883569">
    <name>Uitzicht op de bergen van het Valbona-dal</name>
    <sym>Flag, Blue</sym>
  </wpt>
  <wpt lat="42.458374" lon="19.934715">
    <name>Valbona-rivier in het Nationaal Park Valbona-vallei</name>
    <sym>Flag, Blue</sym>
  </wpt>
  <wpt lat="42.458757" lon="19.941244">
    <name>Bloemenweide met uitzicht op de bergen</name>
    <sym>Flag, Blue</sym>
  </wpt>
  <wpt lat="42.462617" lon="19.944057">
    <name>Bron in Nationaal park Valbona-vallei</name>
    <sym>Flag, Blue</sym>
  </wpt>
  <wpt lat="42.463730" lon="19.944970">
    <name>Rivieroversteek in Nationaal Park Valbona-vallei</name>
    <sym>Flag, Blue</sym>
  </wpt>
  <wpt lat="42.465472" lon="19.948870">
    <name>Uitzicht op Qerem</name>
    <sym>Flag, Blue</sym>
  </wpt>
  <wpt lat="42.504129" lon="19.967118">
    <name>Houten hutbar in Nationaal Park Valbona-vallei</name>
    <sym>Fishing Hot Spot Facility</sym>
  </wpt>
  <wpt lat="42.510165" lon="19.979198">
    <name>Uitzicht op de Cerem-vallei</name>
    <sym>Flag, Blue</sym>
  </wpt>
  <wpt lat="42.512312" lon="19.983653">
    <name>Grensmarkering in Nationaal Park Prokletije</name>
    <sym>Flag, Blue</sym>
  </wpt>
  <wpt lat="42.516297" lon="19.994087">
    <name>Weide met berguitzicht in Nationaal Park Prokletije</name>
    <sym>Flag, Blue</sym>
  </wpt>
  <wpt lat="42.514033" lon="19.997989">
    <name>Bron in Nationaal Park Prokletije</name>
    <sym>Flag, Blue</sym>
  </wpt>
  <wpt lat="42.515373" lon="20.008490">
    <name>Uitzicht op Doberdol</name>
    <sym>Flag, Blue</sym>
  </wpt>
  <wpt lat="42.526397" lon="20.023154">
    <name>Berghutten met uitzicht in Lumi Gashit</name>
    <sym>Fishing Hot Spot Facility</sym>
  </wpt>
  <wpt lat="42.534660" lon="20.027309">
    <name>Uitzicht op de Doberdol-vallei</name>
    <sym>Flag, Blue</sym>
  </wpt>
  <wpt lat="42.543411" lon="20.056093">
    <name>Uitzicht op de Dobërdol-vallei</name>
    <sym>Flag, Blue</sym>
  </wpt>
  <wpt lat="42.555825" lon="20.076228">
    <name>Tromedja / Trekufiri drielandenpunt (Kosovo–Albanië–Montenegro)</name>
    <sym>Summit</sym>
  </wpt>
  <wpt lat="42.559357" lon="20.078888">
    <name>Rustplaats bij de Tromeda-top</name>
    <sym>Fishing Hot Spot Facility</sym>
  </wpt>
  <wpt lat="42.560928" lon="20.054058">
    <name>Uitzicht op bergtoppen in Nationaal Park Prokletije</name>
    <sym>Flag, Blue</sym>
  </wpt>
  <wpt lat="42.571470" lon="20.035897">
    <name>Hridsko-meer</name>
    <sym>Flag, Blue</sym>
  </wpt>
  <wpt lat="42.578621" lon="20.021320">
    <name>Bergschuilhut in Nationaal Park Prokletije</name>
    <sym>Fishing Hot Spot Facility</sym>
  </wpt>
  <wpt lat="42.587327" lon="20.011395">
    <name>Bron bij de rots in Nationaal Park Prokletije</name>
    <sym>Flag, Blue</sym>
  </wpt>
  <wpt lat="42.594563" lon="19.996104">
    <name>Stenen waterfontein</name>
    <sym>Picnic Area</sym>
  </wpt>
  <wpt lat="42.595893" lon="19.993879">
    <name>Uitzicht op de vallei en wilde bloemen</name>
    <sym>Flag, Blue</sym>
  </wpt>
  <wpt lat="42.595871" lon="19.986539">
    <name>Rivieroversteek in het bos van Montenegro</name>
    <sym>Flag, Blue</sym>
  </wpt>
  <wpt lat="42.599286" lon="19.983834">
    <name>Cottage Gavazović Huisgemaakte Zoetigheden &amp; Café</name>
    <sym>Restaurant</sym>
  </wpt>
  <wpt lat="42.610957" lon="19.957203">
    <name>Uitzicht op het meer van Plav</name>
    <sym>Flag, Blue</sym>
  </wpt>
  <wpt lat="42.596657" lon="19.944160">
    <name>Ćarska Džamija (Keizerlijke Moskee)</name>
    <sym>Flag, Blue</sym>
  </wpt>
  <wpt lat="42.592221" lon="19.941344">
    <name>Prachtig uitzicht op het meer</name>
    <sym>Flag, Blue</sym>
  </wpt>
  <wpt lat="42.577167" lon="19.928368">
    <name>Waterfontein met uitzicht op de bergen</name>
    <sym>Picnic Area</sym>
  </wpt>
  <wpt lat="42.537825" lon="19.908038">
    <name>Prachtige kampeerplek</name>
    <sym>Picnic Area</sym>
  </wpt>
  <wpt lat="42.537650" lon="19.906710">
    <name>Bron onder Borit</name>
    <sym>Flag, Blue</sym>
  </wpt>
  <wpt lat="42.539224" lon="19.902268">
    <name>Rugpad op de Maja e Borit</name>
    <sym>Flag, Blue</sym>
  </wpt>
  <wpt lat="42.525071" lon="19.892271">
    <name>Bora-top (2106 m)</name>
    <sym>Summit</sym>
  </wpt>
  <wpt lat="42.521820" lon="19.894520">
    <name>Uitzicht op de Montenegrijnse bergen</name>
    <sym>Flag, Blue</sym>
  </wpt>
  <wpt lat="42.508804" lon="19.899086">
    <name>Bron met bergzicht in Nationaal Park Prokletije</name>
    <sym>Flag, Blue</sym>
  </wpt>
  <wpt lat="42.505670" lon="19.899863">
    <name>Bron in Nationaal Park Prokletije</name>
    <sym>Flag, Blue</sym>
  </wpt>
  <wpt lat="42.507209" lon="19.897899">
    <name>Wild Camping Spot</name>
    <sym>Campground</sym>
  </wpt>
  <wpt lat="42.511232" lon="19.891983">
    <name>Uitzicht op de Vusanje-vallei</name>
    <sym>Flag, Blue</sym>
  </wpt>
  <wpt lat="42.513011" lon="19.886851">
    <name>Herderhut Café in Nationaal Park Prokletije</name>
    <sym>Restaurant</sym>
  </wpt>
  <wpt lat="42.522408" lon="19.854386">
    <name>Uitzicht op Vusanje</name>
    <sym>Flag, Blue</sym>
  </wpt>
  <wpt lat="42.524837" lon="19.849750">
    <name>Uitzicht op de vallei en bergen bij het stenen gebouw</name>
    <sym>Flag, Blue</sym>
  </wpt>
  <wpt lat="42.525757" lon="19.844890">
    <name>Vusanje-moskee</name>
    <sym>Flag, Blue</sym>
  </wpt>
  <wpt lat="42.511782" lon="19.834901">
    <name>Oko Skakavice (Blue Eye Spring)</name>
    <sym>Flag, Blue</sym>
  </wpt>
  <wpt lat="42.509108" lon="19.833453">
    <name>Camping onder Kulj Bresnjik</name>
    <sym>Picnic Area</sym>
  </wpt>
  <wpt lat="42.501797" lon="19.824121">
    <name>Ropojana-vallei</name>
    <sym>Flag, Blue</sym>
  </wpt>
  <wpt lat="42.489570" lon="19.815541">
    <name>Zastan Karaula Shelter</name>
    <sym>Fishing Hot Spot Facility</sym>
  </wpt>
  <wpt lat="42.467311" lon="19.814414">
    <name>Bergmeer</name>
    <sym>Flag, Blue</sym>
  </wpt>
  <wpt lat="42.461386" lon="19.805711">
    <name>Waterbron bij het meer in de Albanese Alpen</name>
    <sym>Flag, Blue</sym>
  </wpt>
  <wpt lat="42.457767" lon="19.775248">
    <name>Grot boven Burimi Sheu i Bardhë</name>
    <sym>Flag, Blue</sym>
  </wpt>
  <wpt lat="42.457848" lon="19.774452">
    <name>Bergbron Burimi sheu i bardhë/ de Witte Bron</name>
    <sym>Flag, Blue</sym>
  </wpt>
  <wpt lat="42.455576" lon="19.772397">
    <name>Oude bunker</name>
    <sym>Flag, Blue</sym>
  </wpt>
  <wpt lat="42.452277" lon="19.769729">
    <name>Bunker in de Albanese Alpen</name>
    <sym>Flag, Blue</sym>
  </wpt>
  <wpt lat="42.446985" lon="19.769278">
    <name>Liqeni i Pejës (Meer van Peja)</name>
    <sym>Flag, Blue</sym>
  </wpt>
  <wpt lat="42.445801" lon="19.770799">
    <name>Meer van Peja</name>
    <sym>Flag, Blue</sym>
  </wpt>
  <wpt lat="42.441837" lon="19.769224">
    <name>Uitzicht op de Theth-vallei</name>
    <sym>Flag, Blue</sym>
  </wpt>
  <wpt lat="42.438427" lon="19.770483">
    <name>Beklimming naar de Peja-pas</name>
    <sym>Flag, Blue</sym>
  </wpt>
  <wpt lat="42.433000" lon="19.766649">
    <name>Uitzicht op de steile kliffen in Nationaal Park Theth</name>
    <sym>Flag, Blue</sym>
  </wpt>
  <wpt lat="42.439506" lon="19.759602">
    <name>Shpella e Majës së Harapit</name>
    <sym>Flag, Blue</sym>
  </wpt>
  <wpt lat="42.439770" lon="19.756795">
    <name>Grot onder de berg Arapi</name>
    <sym>Flag, Blue</sym>
  </wpt>
  <wpt lat="42.426885" lon="19.761210">
    <name>Bar Clute Tina Krona</name>
    <sym>Restaurant</sym>
  </wpt>
  <wpt lat="42.419587" lon="19.758223">
    <name>Küstelak Bunker</name>
    <sym>Flag, Blue</sym>
  </wpt>
  <trk>
    <name>! Peaks of the Balkans</name>
    <trkseg>
      <trkpt lat="42.396312" lon="19.772539">
        <ele>756.643309</ele>
        <time>2026-05-04T05:46:59.494Z</time>
      </trkpt>
      <trkpt lat="42.396391" lon="19.772433">
        <ele>756.643309</ele>
        <time>2026-05-04T05:47:15.023Z</time>
      </trkpt>
      <trkpt lat="42.396568" lon="19.772306">
        <ele>756.643309</ele>
        <time>2026-05-04T05:47:43.539Z</time>
      </trkpt>
      <trkpt lat="42.396745" lon="19.772319">
        <ele>756.643309</ele>
        <time>2026-05-04T05:48:09.313Z</time>
      </trkpt>
      <trkpt lat="42.396819" lon="19.772240">
        <ele>756.643309</ele>
        <time>2026-05-04T05:48:26.487Z</time>
      </trkpt>
      <trkpt lat="42.397007" lon="19.772155">
        <ele>756.643309</ele>
        <time>2026-05-04T05:49:03.443Z</time>
      </trkpt>
      <trkpt lat="42.397108" lon="19.772146">
        <ele>756.643309</ele>
        <time>2026-05-04T05:49:22.410Z</time>
      </trkpt>
      <trkpt lat="42.397378" lon="19.772198">
        <ele>758.882143</ele>
        <time>2026-05-04T05:50:14.861Z</time>
      </trkpt>
      <trkpt lat="42.397526" lon="19.772138">
        <ele>760.234088</ele>
        <time>2026-05-04T05:50:44.807Z</time>
      </trkpt>
      <trkpt lat="42.397610" lon="19.772015">
        <ele>761.316764</ele>
        <time>2026-05-04T05:51:09.000Z</time>
      </trkpt>
      <trkpt lat="42.397670" lon="19.771877">
        <ele>762.351669</ele>
        <time>2026-05-04T05:51:27.374Z</time>
      </trkpt>
      <trkpt lat="42.397764" lon="19.771809">
        <ele>763.284286</ele>
        <time>2026-05-04T05:51:44.061Z</time>
      </trkpt>
      <trkpt lat="42.398128" lon="19.771656">
        <ele>766.619576</ele>
        <time>2026-05-04T05:52:43.795Z</time>
      </trkpt>
      <trkpt lat="42.398183" lon="19.771577">
        <ele>767.321214</ele>
        <time>2026-05-04T05:52:56.334Z</time>
      </trkpt>
      <trkpt lat="42.398287" lon="19.771261">
        <ele>769.556954</ele>
        <time>2026-05-04T05:53:36.264Z</time>
      </trkpt>
      <trkpt lat="42.398611" lon="19.770824">
        <ele>773.596458</ele>
        <time>2026-05-04T05:54:48.607Z</time>
      </trkpt>
      <trkpt lat="42.398694" lon="19.770816">
        <ele>774.347986</ele>
        <time>2026-05-04T05:55:01.883Z</time>
      </trkpt>
      <trkpt lat="42.398827" lon="19.770889">
        <ele>775.644127</ele>
        <time>2026-05-04T05:55:24.749Z</time>
      </trkpt>
      <trkpt lat="42.398905" lon="19.770881">
        <ele>776.350618</ele>
        <time>2026-05-04T05:55:37.394Z</time>
      </trkpt>
      <trkpt lat="42.398938" lon="19.770842">
        <ele>776.746209</ele>
        <time>2026-05-04T05:55:46.039Z</time>
      </trkpt>
      <trkpt lat="42.399021" lon="19.770742">
        <ele>777.749597</ele>
        <time>2026-05-04T05:56:08.502Z</time>
      </trkpt>
      <trkpt lat="42.399083" lon="19.770758">
        <ele>778.319640</ele>
        <time>2026-05-04T05:56:21.111Z</time>
      </trkpt>
      <trkpt lat="42.399294" lon="19.770892">
        <ele>780.424494</ele>
        <time>2026-05-04T05:56:58.489Z</time>
      </trkpt>
      <trkpt lat="42.399427" lon="19.770927">
        <ele>781.648183</ele>
        <time>2026-05-04T05:57:19.955Z</time>
      </trkpt>
      <trkpt lat="42.399621" lon="19.770885">
        <ele>783.422586</ele>
        <time>2026-05-04T05:57:50.937Z</time>
      </trkpt>
      <trkpt lat="42.399931" lon="19.770944">
        <ele>786.249934</ele>
        <time>2026-05-04T05:58:39.365Z</time>
      </trkpt>
      <trkpt lat="42.400109" lon="19.770831">
        <ele>788.025467</ele>
        <time>2026-05-04T05:59:16.890Z</time>
      </trkpt>
      <trkpt lat="42.400366" lon="19.770532">
        <ele>790.671072</ele>
        <time>2026-05-04T06:00:20.523Z</time>
      </trkpt>
      <trkpt lat="42.400474" lon="19.770489">
        <ele>791.516284</ele>
        <time>2026-05-04T06:00:41.451Z</time>
      </trkpt>
      <trkpt lat="42.400802" lon="19.770478">
        <ele>793.979745</ele>
        <time>2026-05-04T06:01:41.423Z</time>
      </trkpt>
      <trkpt lat="42.400853" lon="19.770457">
        <ele>794.379976</ele>
        <time>2026-05-04T06:01:51.025Z</time>
      </trkpt>
      <trkpt lat="42.400977" lon="19.770285">
        <ele>795.712730</ele>
        <time>2026-05-04T06:02:23.221Z</time>
      </trkpt>
      <trkpt lat="42.401288" lon="19.770160">
        <ele>798.148474</ele>
        <time>2026-05-04T06:03:21.838Z</time>
      </trkpt>
      <trkpt lat="42.401326" lon="19.770123">
        <ele>798.499882</ele>
        <time>2026-05-04T06:03:30.640Z</time>
      </trkpt>
      <trkpt lat="42.401395" lon="19.770127">
        <ele>799.018425</ele>
        <time>2026-05-04T06:03:43.407Z</time>
      </trkpt>
      <trkpt lat="42.401682" lon="19.769810">
        <ele>801.799160</ele>
        <time>2026-05-04T06:04:52.715Z</time>
      </trkpt>
      <trkpt lat="42.401753" lon="19.769817">
        <ele>802.505625</ele>
        <time>2026-05-04T06:05:07.043Z</time>
      </trkpt>
      <trkpt lat="42.401777" lon="19.769872">
        <ele>803.162953</ele>
        <time>2026-05-04T06:05:16.055Z</time>
      </trkpt>
      <trkpt lat="42.401755" lon="19.770512">
        <ele>809.755170</ele>
        <time>2026-05-04T06:06:59.749Z</time>
      </trkpt>
      <trkpt lat="42.401750" lon="19.770605">
        <ele>810.714598</ele>
        <time>2026-05-04T06:07:16.705Z</time>
      </trkpt>
      <trkpt lat="42.401774" lon="19.770670">
        <ele>811.462343</ele>
        <time>2026-05-04T06:07:28.899Z</time>
      </trkpt>
      <trkpt lat="42.401822" lon="19.770684">
        <ele>812.146501</ele>
        <time>2026-05-04T06:07:39.913Z</time>
      </trkpt>
      <trkpt lat="42.401879" lon="19.770651">
        <ele>813.010263</ele>
        <time>2026-05-04T06:07:55.375Z</time>
      </trkpt>
      <trkpt lat="42.401921" lon="19.770566">
        <ele>814.062581</ele>
        <time>2026-05-04T06:08:12.036Z</time>
      </trkpt>
      <trkpt lat="42.402030" lon="19.770425">
        <ele>816.162924</ele>
        <time>2026-05-04T06:08:48.446Z</time>
      </trkpt>
      <trkpt lat="42.402141" lon="19.770596">
        <ele>818.505524</ele>
        <time>2026-05-04T06:09:30.606Z</time>
      </trkpt>
      <trkpt lat="42.402220" lon="19.770893">
        <ele>821.753607</ele>
        <time>2026-05-04T06:10:30.992Z</time>
      </trkpt>
      <trkpt lat="42.402277" lon="19.771007">
        <ele>823.170163</ele>
        <time>2026-05-04T06:10:57.453Z</time>
      </trkpt>
      <trkpt lat="42.402391" lon="19.771251">
        <ele>826.141021</ele>
        <time>2026-05-04T06:11:54.401Z</time>
      </trkpt>
      <trkpt lat="42.402461" lon="19.771515">
        <ele>829.498843</ele>
        <time>2026-05-04T06:12:49.733Z</time>
      </trkpt>
      <trkpt lat="42.402772" lon="19.772076">
        <ele>838.574505</ele>
        <time>2026-05-04T06:15:13.719Z</time>
      </trkpt>
      <trkpt lat="42.403674" lon="19.773267">
        <ele>860.330056</ele>
        <time>2026-05-04T06:20:57.777Z</time>
      </trkpt>
      <trkpt lat="42.403807" lon="19.773586">
        <ele>864.296211</ele>
        <time>2026-05-04T06:22:12.657Z</time>
      </trkpt>
      <trkpt lat="42.403943" lon="19.774133">
        <ele>870.544993</ele>
        <time>2026-05-04T06:24:05.768Z</time>
      </trkpt>
      <trkpt lat="42.404024" lon="19.774227">
        <ele>872.109000</ele>
        <time>2026-05-04T06:24:34.090Z</time>
      </trkpt>
      <trkpt lat="42.404160" lon="19.774430">
        <ele>875.076542</ele>
        <time>2026-05-04T06:25:25.149Z</time>
      </trkpt>
      <trkpt lat="42.404164" lon="19.774513">
        <ele>875.977049</ele>
        <time>2026-05-04T06:25:40.387Z</time>
      </trkpt>
      <trkpt lat="42.404142" lon="19.774546">
        <ele>876.458391</ele>
        <time>2026-05-04T06:25:48.185Z</time>
      </trkpt>
      <trkpt lat="42.404049" lon="19.774665">
        <ele>878.334325</ele>
        <time>2026-05-04T06:26:17.655Z</time>
      </trkpt>
      <trkpt lat="42.403805" lon="19.774762">
        <ele>882.062782</ele>
        <time>2026-05-04T06:27:11.515Z</time>
      </trkpt>
      <trkpt lat="42.403479" lon="19.774937">
        <ele>886.443819</ele>
        <time>2026-05-04T06:28:22.225Z</time>
      </trkpt>
      <trkpt lat="42.403313" lon="19.774985">
        <ele>888.041911</ele>
        <time>2026-05-04T06:28:55.106Z</time>
      </trkpt>
      <trkpt lat="42.403099" lon="19.774975">
        <ele>890.057887</ele>
        <time>2026-05-04T06:29:35.217Z</time>
      </trkpt>
      <trkpt lat="42.402826" lon="19.775090">
        <ele>892.749612</ele>
        <time>2026-05-04T06:30:28.588Z</time>
      </trkpt>
      <trkpt lat="42.402604" lon="19.775147">
        <ele>894.876941</ele>
        <time>2026-05-04T06:31:11.060Z</time>
      </trkpt>
      <trkpt lat="42.402393" lon="19.775196">
        <ele>896.892470</ele>
        <time>2026-05-04T06:31:51.980Z</time>
      </trkpt>
      <trkpt lat="42.402399" lon="19.775282">
        <ele>897.493020</ele>
        <time>2026-05-04T06:32:03.968Z</time>
      </trkpt>
      <trkpt lat="42.402438" lon="19.775291">
        <ele>897.865492</ele>
        <time>2026-05-04T06:32:11.719Z</time>
      </trkpt>
      <trkpt lat="42.402837" lon="19.775378">
        <ele>901.670395</ele>
        <time>2026-05-04T06:33:32.665Z</time>
      </trkpt>
      <trkpt lat="42.403062" lon="19.775560">
        <ele>905.506800</ele>
        <time>2026-05-04T06:34:31.893Z</time>
      </trkpt>
      <trkpt lat="42.403167" lon="19.775589">
        <ele>907.165737</ele>
        <time>2026-05-04T06:34:57.239Z</time>
      </trkpt>
      <trkpt lat="42.403394" lon="19.775463">
        <ele>910.963583</ele>
        <time>2026-05-04T06:35:57.738Z</time>
      </trkpt>
      <trkpt lat="42.403502" lon="19.775481">
        <ele>912.648116</ele>
        <time>2026-05-04T06:36:24.809Z</time>
      </trkpt>
      <trkpt lat="42.403593" lon="19.775543">
        <ele>914.225097</ele>
        <time>2026-05-04T06:36:50.584Z</time>
      </trkpt>
      <trkpt lat="42.403631" lon="19.775629">
        <ele>915.370743</ele>
        <time>2026-05-04T06:37:09.585Z</time>
      </trkpt>
      <trkpt lat="42.403604" lon="19.775678">
        <ele>916.069635</ele>
        <time>2026-05-04T06:37:21.198Z</time>
      </trkpt>
      <trkpt lat="42.403422" lon="19.775753">
        <ele>919.014680</ele>
        <time>2026-05-04T06:38:11.240Z</time>
      </trkpt>
      <trkpt lat="42.403355" lon="19.775810">
        <ele>920.239571</ele>
        <time>2026-05-04T06:38:32.771Z</time>
      </trkpt>
      <trkpt lat="42.403345" lon="19.775920">
        <ele>921.506498</ele>
        <time>2026-05-04T06:38:55.094Z</time>
      </trkpt>
      <trkpt lat="42.403483" lon="19.776015">
        <ele>923.903010</ele>
        <time>2026-05-04T06:39:37.997Z</time>
      </trkpt>
      <trkpt lat="42.403697" lon="19.775947">
        <ele>927.305857</ele>
        <time>2026-05-04T06:40:39.051Z</time>
      </trkpt>
      <trkpt lat="42.403738" lon="19.775959">
        <ele>927.955221</ele>
        <time>2026-05-04T06:40:50.779Z</time>
      </trkpt>
      <trkpt lat="42.403757" lon="19.776010">
        <ele>928.608206</ele>
        <time>2026-05-04T06:41:02.683Z</time>
      </trkpt>
      <trkpt lat="42.403739" lon="19.776072">
        <ele>929.369749</ele>
        <time>2026-05-04T06:41:16.498Z</time>
      </trkpt>
      <trkpt lat="42.403587" lon="19.776258">
        <ele>933.566180</ele>
        <time>2026-05-04T06:42:13.070Z</time>
      </trkpt>
      <trkpt lat="42.403435" lon="19.776365">
        <ele>937.231085</ele>
        <time>2026-05-04T06:42:57.743Z</time>
      </trkpt>
      <trkpt lat="42.403326" lon="19.776481">
        <ele>940.196857</ele>
        <time>2026-05-04T06:43:33.465Z</time>
      </trkpt>
      <trkpt lat="42.403233" lon="19.776522">
        <ele>942.289231</ele>
        <time>2026-05-04T06:43:59.775Z</time>
      </trkpt>
      <trkpt lat="42.402935" lon="19.776481">
        <ele>948.697338</ele>
        <time>2026-05-04T06:45:24.428Z</time>
      </trkpt>
      <trkpt lat="42.402747" lon="19.776575">
        <ele>952.984711</ele>
        <time>2026-05-04T06:46:25.265Z</time>
      </trkpt>
      <trkpt lat="42.402600" lon="19.776607">
        <ele>956.169940</ele>
        <time>2026-05-04T06:47:12.745Z</time>
      </trkpt>
      <trkpt lat="42.402384" lon="19.776587">
        <ele>960.801744</ele>
        <time>2026-05-04T06:48:25.525Z</time>
      </trkpt>
      <trkpt lat="42.402301" lon="19.776629">
        <ele>962.697326</ele>
        <time>2026-05-04T06:48:56.455Z</time>
      </trkpt>
      <trkpt lat="42.402442" lon="19.776772">
        <ele>966.465960</ele>
        <time>2026-05-04T06:49:58.982Z</time>
      </trkpt>
      <trkpt lat="42.402507" lon="19.776875">
        <ele>968.746387</ele>
        <time>2026-05-04T06:50:34.828Z</time>
      </trkpt>
      <trkpt lat="42.402593" lon="19.777121">
        <ele>975.279779</ele>
        <time>2026-05-04T06:51:50.456Z</time>
      </trkpt>
      <trkpt lat="42.402668" lon="19.777494">
        <ele>984.559367</ele>
        <time>2026-05-04T06:53:43.244Z</time>
      </trkpt>
      <trkpt lat="42.402831" lon="19.777794">
        <ele>993.499971</ele>
        <time>2026-05-04T06:55:38.887Z</time>
      </trkpt>
      <trkpt lat="42.402940" lon="19.778027">
        <ele>1000.120868</ele>
        <time>2026-05-04T06:57:10.814Z</time>
      </trkpt>
      <trkpt lat="42.402980" lon="19.778173">
        <ele>1003.858915</ele>
        <time>2026-05-04T06:58:02.521Z</time>
      </trkpt>
      <trkpt lat="42.402957" lon="19.778328">
        <ele>1007.653932</ele>
        <time>2026-05-04T06:58:54.941Z</time>
      </trkpt>
      <trkpt lat="42.402985" lon="19.778526">
        <ele>1012.493118</ele>
        <time>2026-05-04T07:00:00.949Z</time>
      </trkpt>
      <trkpt lat="42.402970" lon="19.778752">
        <ele>1017.939918</ele>
        <time>2026-05-04T07:01:14.162Z</time>
      </trkpt>
      <trkpt lat="42.403011" lon="19.778795">
        <ele>1019.625667</ele>
        <time>2026-05-04T07:01:36.390Z</time>
      </trkpt>
      <trkpt lat="42.403071" lon="19.778810">
        <ele>1021.609066</ele>
        <time>2026-05-04T07:02:02.828Z</time>
      </trkpt>
      <trkpt lat="42.403140" lon="19.778938">
        <ele>1025.413205</ele>
        <time>2026-05-04T07:02:52.419Z</time>
      </trkpt>
      <trkpt lat="42.403262" lon="19.779052">
        <ele>1029.941371</ele>
        <time>2026-05-04T07:03:54.784Z</time>
      </trkpt>
      <trkpt lat="42.403180" lon="19.779275">
        <ele>1035.414670</ele>
        <time>2026-05-04T07:05:10.864Z</time>
      </trkpt>
      <trkpt lat="42.403259" lon="19.779356">
        <ele>1038.362893</ele>
        <time>2026-05-04T07:05:51.676Z</time>
      </trkpt>
      <trkpt lat="42.403276" lon="19.779456">
        <ele>1040.617418</ele>
        <time>2026-05-04T07:06:22.744Z</time>
      </trkpt>
      <trkpt lat="42.403118" lon="19.779634">
        <ele>1046.732481</ele>
        <time>2026-05-04T07:07:45.745Z</time>
      </trkpt>
      <trkpt lat="42.403094" lon="19.779767">
        <ele>1049.740556</ele>
        <time>2026-05-04T07:08:25.444Z</time>
      </trkpt>
      <trkpt lat="42.403136" lon="19.779809">
        <ele>1051.293977</ele>
        <time>2026-05-04T07:08:45.825Z</time>
      </trkpt>
      <trkpt lat="42.403197" lon="19.779813">
        <ele>1053.111070</ele>
        <time>2026-05-04T07:09:09.037Z</time>
      </trkpt>
      <trkpt lat="42.403090" lon="19.780159">
        <ele>1061.352617</ele>
        <time>2026-05-04T07:10:53.385Z</time>
      </trkpt>
      <trkpt lat="42.403044" lon="19.780456">
        <ele>1068.019876</ele>
        <time>2026-05-04T07:12:15.131Z</time>
      </trkpt>
      <trkpt lat="42.402774" lon="19.781053">
        <ele>1083.572599</ele>
        <time>2026-05-04T07:15:19.234Z</time>
      </trkpt>
      <trkpt lat="42.402705" lon="19.781393">
        <ele>1091.751425</ele>
        <time>2026-05-04T07:16:55.719Z</time>
      </trkpt>
      <trkpt lat="42.402612" lon="19.781689">
        <ele>1099.212901</ele>
        <time>2026-05-04T07:18:26.032Z</time>
      </trkpt>
      <trkpt lat="42.402533" lon="19.781857">
        <ele>1103.832783</ele>
        <time>2026-05-04T07:19:23.860Z</time>
      </trkpt>
      <trkpt lat="42.402477" lon="19.782203">
        <ele>1112.048912</ele>
        <time>2026-05-04T07:21:10.371Z</time>
      </trkpt>
      <trkpt lat="42.402299" lon="19.782523">
        <ele>1121.341767</ele>
        <time>2026-05-04T07:23:15.201Z</time>
      </trkpt>
      <trkpt lat="42.402119" lon="19.782535">
        <ele>1127.002769</ele>
        <time>2026-05-04T07:24:32.975Z</time>
      </trkpt>
      <trkpt lat="42.402024" lon="19.782637">
        <ele>1130.811021</ele>
        <time>2026-05-04T07:25:25.721Z</time>
      </trkpt>
      <trkpt lat="42.401990" lon="19.782847">
        <ele>1135.797804</ele>
        <time>2026-05-04T07:26:35.814Z</time>
      </trkpt>
      <trkpt lat="42.402042" lon="19.783021">
        <ele>1140.266511</ele>
        <time>2026-05-04T07:27:37.254Z</time>
      </trkpt>
      <trkpt lat="42.401904" lon="19.783195">
        <ele>1146.393297</ele>
        <time>2026-05-04T07:29:01.529Z</time>
      </trkpt>
      <trkpt lat="42.401879" lon="19.783362">
        <ele>1150.481838</ele>
        <time>2026-05-04T07:29:57.447Z</time>
      </trkpt>
      <trkpt lat="42.401681" lon="19.783512">
        <ele>1157.853819</ele>
        <time>2026-05-04T07:31:37.165Z</time>
      </trkpt>
      <trkpt lat="42.401566" lon="19.783754">
        <ele>1164.758891</ele>
        <time>2026-05-04T07:33:08.448Z</time>
      </trkpt>
      <trkpt lat="42.401322" lon="19.783744">
        <ele>1172.690904</ele>
        <time>2026-05-04T07:34:50.982Z</time>
      </trkpt>
      <trkpt lat="42.401309" lon="19.783743">
        <ele>1173.113999</ele>
        <time>2026-05-04T07:34:56.442Z</time>
      </trkpt>
      <trkpt lat="42.401161" lon="19.783863">
        <ele>1178.719106</ele>
        <time>2026-05-04T07:36:06.263Z</time>
      </trkpt>
      <trkpt lat="42.401015" lon="19.784120">
        <ele>1186.499376</ele>
        <time>2026-05-04T07:37:39.732Z</time>
      </trkpt>
      <trkpt lat="42.401047" lon="19.784330">
        <ele>1191.644388</ele>
        <time>2026-05-04T07:38:39.937Z</time>
      </trkpt>
      <trkpt lat="42.400893" lon="19.784486">
        <ele>1197.438362</ele>
        <time>2026-05-04T07:39:52.001Z</time>
      </trkpt>
      <trkpt lat="42.400478" lon="19.784575">
        <ele>1208.727303</ele>
        <time>2026-05-04T07:42:25.374Z</time>
      </trkpt>
      <trkpt lat="42.400356" lon="19.784652">
        <ele>1212.343658</ele>
        <time>2026-05-04T07:43:13.599Z</time>
      </trkpt>
      <trkpt lat="42.400299" lon="19.784781">
        <ele>1215.326248</ele>
        <time>2026-05-04T07:43:53.188Z</time>
      </trkpt>
      <trkpt lat="42.400222" lon="19.785283">
        <ele>1225.498678</ele>
        <time>2026-05-04T07:46:08.482Z</time>
      </trkpt>
      <trkpt lat="42.400202" lon="19.785647">
        <ele>1232.740524</ele>
        <time>2026-05-04T07:47:44.851Z</time>
      </trkpt>
      <trkpt lat="42.400225" lon="19.786101">
        <ele>1241.769209</ele>
        <time>2026-05-04T07:49:44.447Z</time>
      </trkpt>
      <trkpt lat="42.400297" lon="19.786168">
        <ele>1244.101769</ele>
        <time>2026-05-04T07:50:15.459Z</time>
      </trkpt>
      <trkpt lat="42.400395" lon="19.786158">
        <ele>1246.669018</ele>
        <time>2026-05-04T07:50:50.865Z</time>
      </trkpt>
      <trkpt lat="42.400710" lon="19.786458">
        <ele>1256.728762</ele>
        <time>2026-05-04T07:53:09.029Z</time>
      </trkpt>
      <trkpt lat="42.400826" lon="19.786499">
        <ele>1259.860468</ele>
        <time>2026-05-04T07:53:52.058Z</time>
      </trkpt>
      <trkpt lat="42.400899" lon="19.786571">
        <ele>1262.219571</ele>
        <time>2026-05-04T07:54:24.782Z</time>
      </trkpt>
      <trkpt lat="42.401041" lon="19.787027">
        <ele>1271.765907</ele>
        <time>2026-05-04T07:56:36.848Z</time>
      </trkpt>
      <trkpt lat="42.401063" lon="19.787222">
        <ele>1275.571081</ele>
        <time>2026-05-04T07:57:29.517Z</time>
      </trkpt>
      <trkpt lat="42.401040" lon="19.787440">
        <ele>1279.818978</ele>
        <time>2026-05-04T07:58:28.043Z</time>
      </trkpt>
      <trkpt lat="42.401109" lon="19.787477">
        <ele>1281.757588</ele>
        <time>2026-05-04T07:58:54.449Z</time>
      </trkpt>
      <trkpt lat="42.401146" lon="19.787539">
        <ele>1283.295288</ele>
        <time>2026-05-04T07:59:15.170Z</time>
      </trkpt>
      <trkpt lat="42.401187" lon="19.787942">
        <ele>1290.991221</ele>
        <time>2026-05-04T08:01:00.706Z</time>
      </trkpt>
      <trkpt lat="42.401263" lon="19.788084">
        <ele>1293.472729</ele>
        <time>2026-05-04T08:01:45.718Z</time>
      </trkpt>
      <trkpt lat="42.401286" lon="19.788228">
        <ele>1295.557404</ele>
        <time>2026-05-04T08:02:23.380Z</time>
      </trkpt>
      <trkpt lat="42.401369" lon="19.788403">
        <ele>1298.500355</ele>
        <time>2026-05-04T08:03:15.572Z</time>
      </trkpt>
      <trkpt lat="42.401396" lon="19.788615">
        <ele>1301.544375</ele>
        <time>2026-05-04T08:04:08.065Z</time>
      </trkpt>
      <trkpt lat="42.401723" lon="19.789491">
        <ele>1315.433180</ele>
        <time>2026-05-04T08:07:42.398Z</time>
      </trkpt>
      <trkpt lat="42.401815" lon="19.789681">
        <ele>1318.648039</ele>
        <time>2026-05-04T08:08:23.984Z</time>
      </trkpt>
      <trkpt lat="42.401901" lon="19.789802">
        <ele>1321.024349</ele>
        <time>2026-05-04T08:08:52.386Z</time>
      </trkpt>
      <trkpt lat="42.402049" lon="19.789916">
        <ele>1324.286917</ele>
        <time>2026-05-04T08:09:29.414Z</time>
      </trkpt>
      <trkpt lat="42.402063" lon="19.789971">
        <ele>1325.074875</ele>
        <time>2026-05-04T08:09:38.491Z</time>
      </trkpt>
      <trkpt lat="42.402040" lon="19.790001">
        <ele>1325.381119</ele>
        <time>2026-05-04T08:09:44.977Z</time>
      </trkpt>
      <trkpt lat="42.401910" lon="19.790020">
        <ele>1326.635064</ele>
        <time>2026-05-04T08:10:11.623Z</time>
      </trkpt>
      <trkpt lat="42.401755" lon="19.789981">
        <ele>1328.146959</ele>
        <time>2026-05-04T08:10:43.177Z</time>
      </trkpt>
      <trkpt lat="42.401672" lon="19.790025">
        <ele>1329.001747</ele>
        <time>2026-05-04T08:11:00.729Z</time>
      </trkpt>
      <trkpt lat="42.401757" lon="19.790446">
        <ele>1332.092540</ele>
        <time>2026-05-04T08:12:02.257Z</time>
      </trkpt>
      <trkpt lat="42.401881" lon="19.790686">
        <ele>1334.166837</ele>
        <time>2026-05-04T08:12:42.888Z</time>
      </trkpt>
      <trkpt lat="42.401985" lon="19.790789">
        <ele>1335.402460</ele>
        <time>2026-05-04T08:13:07.082Z</time>
      </trkpt>
      <trkpt lat="42.402737" lon="19.791240">
        <ele>1343.611620</ele>
        <time>2026-05-04T08:15:46.213Z</time>
      </trkpt>
      <trkpt lat="42.404032" lon="19.791883">
        <ele>1361.092439</ele>
        <time>2026-05-04T08:20:48.009Z</time>
      </trkpt>
      <trkpt lat="42.404024" lon="19.792128">
        <ele>1363.387481</ele>
        <time>2026-05-04T08:21:31.458Z</time>
      </trkpt>
      <trkpt lat="42.404478" lon="19.793099">
        <ele>1378.146105</ele>
        <time>2026-05-04T08:25:19.749Z</time>
      </trkpt>
      <trkpt lat="42.404742" lon="19.793301">
        <ele>1383.687306</ele>
        <time>2026-05-04T08:26:48.968Z</time>
      </trkpt>
      <trkpt lat="42.405101" lon="19.793892">
        <ele>1394.013862</ele>
        <time>2026-05-04T08:29:38.714Z</time>
      </trkpt>
      <trkpt lat="42.405595" lon="19.794615">
        <ele>1406.740617</ele>
        <time>2026-05-04T08:33:06.944Z</time>
      </trkpt>
      <trkpt lat="42.405821" lon="19.795521">
        <ele>1418.864837</ele>
        <time>2026-05-04T08:36:09.727Z</time>
      </trkpt>
      <trkpt lat="42.406400" lon="19.796488">
        <ele>1434.604268</ele>
        <time>2026-05-04T08:40:06.172Z</time>
      </trkpt>
      <trkpt lat="42.406583" lon="19.796978">
        <ele>1441.512555</ele>
        <time>2026-05-04T08:42:01.947Z</time>
      </trkpt>
      <trkpt lat="42.407448" lon="19.797895">
        <ele>1460.073251</ele>
        <time>2026-05-04T08:47:03.840Z</time>
      </trkpt>
      <trkpt lat="42.407703" lon="19.798447">
        <ele>1466.556075</ele>
        <time>2026-05-04T08:48:55.513Z</time>
      </trkpt>
      <trkpt lat="42.407776" lon="19.798705">
        <ele>1469.306914</ele>
        <time>2026-05-04T08:49:38.725Z</time>
      </trkpt>
      <trkpt lat="42.407916" lon="19.798997">
        <ele>1472.773253</ele>
        <time>2026-05-04T08:50:31.074Z</time>
      </trkpt>
      <trkpt lat="42.407968" lon="19.799221">
        <ele>1475.111058</ele>
        <time>2026-05-04T08:51:06.035Z</time>
      </trkpt>
      <trkpt lat="42.407916" lon="19.800228">
        <ele>1486.288187</ele>
        <time>2026-05-04T08:53:46.876Z</time>
      </trkpt>
      <trkpt lat="42.407869" lon="19.800345">
        <ele>1488.662106</ele>
        <time>2026-05-04T08:54:12.771Z</time>
      </trkpt>
      <trkpt lat="42.407465" lon="19.800267">
        <ele>1498.512614</ele>
        <time>2026-05-04T08:56:15.230Z</time>
      </trkpt>
      <trkpt lat="42.407347" lon="19.800325">
        <ele>1501.542730</ele>
        <time>2026-05-04T08:56:57.424Z</time>
      </trkpt>
      <trkpt lat="42.407278" lon="19.800396">
        <ele>1503.634473</ele>
        <time>2026-05-04T08:57:27.896Z</time>
      </trkpt>
      <trkpt lat="42.407227" lon="19.800519">
        <ele>1506.148716</ele>
        <time>2026-05-04T08:58:05.404Z</time>
      </trkpt>
      <trkpt lat="42.407252" lon="19.800663">
        <ele>1508.785230</ele>
        <time>2026-05-04T08:58:45.841Z</time>
      </trkpt>
      <trkpt lat="42.407403" lon="19.800987">
        <ele>1515.614000</ele>
        <time>2026-05-04T09:00:34.729Z</time>
      </trkpt>
      <trkpt lat="42.407439" lon="19.801156">
        <ele>1518.748937</ele>
        <time>2026-05-04T09:01:25.930Z</time>
      </trkpt>
      <trkpt lat="42.407414" lon="19.801370">
        <ele>1522.610509</ele>
        <time>2026-05-04T09:02:29.472Z</time>
      </trkpt>
      <trkpt lat="42.407344" lon="19.801502">
        <ele>1525.507053</ele>
        <time>2026-05-04T09:03:17.472Z</time>
      </trkpt>
      <trkpt lat="42.407166" lon="19.801726">
        <ele>1531.410042</ele>
        <time>2026-05-04T09:04:54.740Z</time>
      </trkpt>
      <trkpt lat="42.406918" lon="19.801776">
        <ele>1537.516583</ele>
        <time>2026-05-04T09:06:32.747Z</time>
      </trkpt>
      <trkpt lat="42.406282" lon="19.802379">
        <ele>1556.424671</ele>
        <time>2026-05-04T09:10:59.673Z</time>
      </trkpt>
      <trkpt lat="42.406225" lon="19.802389">
        <ele>1557.824492</ele>
        <time>2026-05-04T09:11:17.216Z</time>
      </trkpt>
      <trkpt lat="42.405943" lon="19.802441">
        <ele>1564.755905</ele>
        <time>2026-05-04T09:12:41.020Z</time>
      </trkpt>
      <trkpt lat="42.405856" lon="19.802556">
        <ele>1567.716733</ele>
        <time>2026-05-04T09:13:15.690Z</time>
      </trkpt>
      <trkpt lat="42.405825" lon="19.802897">
        <ele>1573.274512</ele>
        <time>2026-05-04T09:14:27.393Z</time>
      </trkpt>
      <trkpt lat="42.405880" lon="19.803747">
        <ele>1585.376646</ele>
        <time>2026-05-04T09:17:24.475Z</time>
      </trkpt>
      <trkpt lat="42.406117" lon="19.804800">
        <ele>1600.990205</ele>
        <time>2026-05-04T09:21:24.091Z</time>
      </trkpt>
      <trkpt lat="42.406143" lon="19.805321">
        <ele>1607.777840</ele>
        <time>2026-05-04T09:23:18.298Z</time>
      </trkpt>
      <trkpt lat="42.406219" lon="19.805780">
        <ele>1613.021084</ele>
        <time>2026-05-04T09:24:56.260Z</time>
      </trkpt>
      <trkpt lat="42.406147" lon="19.805885">
        <ele>1614.618297</ele>
        <time>2026-05-04T09:25:25.150Z</time>
      </trkpt>
      <trkpt lat="42.405926" lon="19.806570">
        <ele>1622.950611</ele>
        <time>2026-05-04T09:27:44.046Z</time>
      </trkpt>
      <trkpt lat="42.405690" lon="19.806907">
        <ele>1628.127689</ele>
        <time>2026-05-04T09:28:57.181Z</time>
      </trkpt>
      <trkpt lat="42.405649" lon="19.806966">
        <ele>1629.030771</ele>
        <time>2026-05-04T09:29:09.407Z</time>
      </trkpt>
      <trkpt lat="42.405504" lon="19.807402">
        <ele>1634.155411</ele>
        <time>2026-05-04T09:30:21.328Z</time>
      </trkpt>
      <trkpt lat="42.405324" lon="19.808156">
        <ele>1641.922352</ele>
        <time>2026-05-04T09:32:19.292Z</time>
      </trkpt>
      <trkpt lat="42.405252" lon="19.808980">
        <ele>1650.055117</ele>
        <time>2026-05-04T09:34:34.854Z</time>
      </trkpt>
      <trkpt lat="42.405355" lon="19.809044">
        <ele>1651.559381</ele>
        <time>2026-05-04T09:35:02.357Z</time>
      </trkpt>
      <trkpt lat="42.405348" lon="19.809244">
        <ele>1653.521875</ele>
        <time>2026-05-04T09:35:39.588Z</time>
      </trkpt>
      <trkpt lat="42.405425" lon="19.809495">
        <ele>1656.185915</ele>
        <time>2026-05-04T09:36:33.158Z</time>
      </trkpt>
      <trkpt lat="42.405406" lon="19.810132">
        <ele>1666.604647</ele>
        <time>2026-05-04T09:38:48.887Z</time>
      </trkpt>
      <trkpt lat="42.405470" lon="19.810380">
        <ele>1670.999341</ele>
        <time>2026-05-04T09:39:47.451Z</time>
      </trkpt>
      <trkpt lat="42.405493" lon="19.811035">
        <ele>1681.968760</ele>
        <time>2026-05-04T09:42:20.843Z</time>
      </trkpt>
      <trkpt lat="42.405779" lon="19.811987">
        <ele>1699.768051</ele>
        <time>2026-05-04T09:46:51.430Z</time>
      </trkpt>
      <trkpt lat="42.405729" lon="19.812263">
        <ele>1706.055684</ele>
        <time>2026-05-04T09:48:13.186Z</time>
      </trkpt>
      <trkpt lat="42.405775" lon="19.812341">
        <ele>1708.264322</ele>
        <time>2026-05-04T09:48:42.098Z</time>
      </trkpt>
      <trkpt lat="42.405858" lon="19.812362">
        <ele>1710.794370</ele>
        <time>2026-05-04T09:49:15.620Z</time>
      </trkpt>
      <trkpt lat="42.405961" lon="19.812665">
        <ele>1718.174574</ele>
        <time>2026-05-04T09:50:53.845Z</time>
      </trkpt>
      <trkpt lat="42.406120" lon="19.812977">
        <ele>1726.562058</ele>
        <time>2026-05-04T09:52:46.812Z</time>
      </trkpt>
      <trkpt lat="42.406181" lon="19.813229">
        <ele>1732.429511</ele>
        <time>2026-05-04T09:54:06.300Z</time>
      </trkpt>
      <trkpt lat="42.406205" lon="19.813432">
        <ele>1736.978085</ele>
        <time>2026-05-04T09:55:09.508Z</time>
      </trkpt>
      <trkpt lat="42.406209" lon="19.813572">
        <ele>1740.077896</ele>
        <time>2026-05-04T09:55:52.587Z</time>
      </trkpt>
      <trkpt lat="42.406183" lon="19.813694">
        <ele>1742.887320</ele>
        <time>2026-05-04T09:56:32.203Z</time>
      </trkpt>
      <trkpt lat="42.406178" lon="19.813719">
        <ele>1743.460375</ele>
        <time>2026-05-04T09:56:40.459Z</time>
      </trkpt>
      <trkpt lat="42.405973" lon="19.814168">
        <ele>1753.359170</ele>
        <time>2026-05-04T09:59:20.282Z</time>
      </trkpt>
      <trkpt lat="42.405936" lon="19.814419">
        <ele>1756.477267</ele>
        <time>2026-05-04T10:00:28.770Z</time>
      </trkpt>
      <trkpt lat="42.405872" lon="19.814626">
        <ele>1759.211148</ele>
        <time>2026-05-04T10:01:23.491Z</time>
      </trkpt>
      <trkpt lat="42.405746" lon="19.814849">
        <ele>1762.631928</ele>
        <time>2026-05-04T10:02:25.344Z</time>
      </trkpt>
      <trkpt lat="42.405670" lon="19.815092">
        <ele>1765.846843</ele>
        <time>2026-05-04T10:03:17.384Z</time>
      </trkpt>
      <trkpt lat="42.405678" lon="19.815126">
        <ele>1766.281565</ele>
        <time>2026-05-04T10:03:24.354Z</time>
      </trkpt>
      <trkpt lat="42.405694" lon="19.815198">
        <ele>1767.197556</ele>
        <time>2026-05-04T10:03:38.504Z</time>
      </trkpt>
      <trkpt lat="42.405754" lon="19.815191">
        <ele>1768.191137</ele>
        <time>2026-05-04T10:03:52.692Z</time>
      </trkpt>
      <trkpt lat="42.405963" lon="19.815060">
        <ele>1771.990733</ele>
        <time>2026-05-04T10:04:45.380Z</time>
      </trkpt>
      <trkpt lat="42.406302" lon="19.815061">
        <ele>1777.583762</ele>
        <time>2026-05-04T10:05:54.080Z</time>
      </trkpt>
      <trkpt lat="42.406381" lon="19.815006">
        <ele>1779.049282</ele>
        <time>2026-05-04T10:06:11.065Z</time>
      </trkpt>
      <trkpt lat="42.406435" lon="19.814920">
        <ele>1780.424548</ele>
        <time>2026-05-04T10:06:26.137Z</time>
      </trkpt>
      <trkpt lat="42.406447" lon="19.814836">
        <ele>1780.827323</ele>
        <time>2026-05-04T10:06:37.158Z</time>
      </trkpt>
      <trkpt lat="42.406511" lon="19.814760">
        <ele>1780.770990</ele>
        <time>2026-05-04T10:06:51.099Z</time>
      </trkpt>
      <trkpt lat="42.406975" lon="19.814521">
        <ele>1780.442443</ele>
        <time>2026-05-04T10:08:10.964Z</time>
      </trkpt>
      <trkpt lat="42.407259" lon="19.814390">
        <ele>1780.243881</ele>
        <time>2026-05-04T10:09:00.922Z</time>
      </trkpt>
      <trkpt lat="42.407399" lon="19.814259">
        <ele>1780.131262</ele>
        <time>2026-05-04T10:09:28.656Z</time>
      </trkpt>
      <trkpt lat="42.407705" lon="19.814135">
        <ele>1779.919872</ele>
        <time>2026-05-04T10:10:19.584Z</time>
      </trkpt>
      <trkpt lat="42.407770" lon="19.814173">
        <ele>1779.873017</ele>
        <time>2026-05-04T10:10:30.746Z</time>
      </trkpt>
      <trkpt lat="42.407793" lon="19.814268">
        <ele>1779.824162</ele>
        <time>2026-05-04T10:10:42.259Z</time>
      </trkpt>
      <trkpt lat="42.407837" lon="19.814321">
        <ele>1779.785190</ele>
        <time>2026-05-04T10:10:51.356Z</time>
      </trkpt>
      <trkpt lat="42.407906" lon="19.814275">
        <ele>1779.734292</ele>
        <time>2026-05-04T10:11:03.004Z</time>
      </trkpt>
      <trkpt lat="42.407926" lon="19.814115">
        <ele>1779.698775</ele>
        <time>2026-05-04T10:11:21.544Z</time>
      </trkpt>
      <trkpt lat="42.407980" lon="19.814073">
        <ele>1779.930705</ele>
        <time>2026-05-04T10:11:31.638Z</time>
      </trkpt>
      <trkpt lat="42.408040" lon="19.814202">
        <ele>1780.349978</ele>
        <time>2026-05-04T10:11:50.155Z</time>
      </trkpt>
      <trkpt lat="42.408105" lon="19.814275">
        <ele>1780.664478</ele>
        <time>2026-05-04T10:12:04.333Z</time>
      </trkpt>
      <trkpt lat="42.408130" lon="19.814259">
        <ele>1780.767464</ele>
        <time>2026-05-04T10:12:08.897Z</time>
      </trkpt>
      <trkpt lat="42.408184" lon="19.814157">
        <ele>1781.112619</ele>
        <time>2026-05-04T10:12:24.663Z</time>
      </trkpt>
      <trkpt lat="42.408184" lon="19.814035">
        <ele>1781.448122</ele>
        <time>2026-05-04T10:12:39.987Z</time>
      </trkpt>
      <trkpt lat="42.408257" lon="19.813949">
        <ele>1781.808479</ele>
        <time>2026-05-04T10:12:57.146Z</time>
      </trkpt>
      <trkpt lat="42.408237" lon="19.813787">
        <ele>1782.260167</ele>
        <time>2026-05-04T10:13:18.846Z</time>
      </trkpt>
      <trkpt lat="42.408282" lon="19.813547">
        <ele>1782.941121</ele>
        <time>2026-05-04T10:13:53.192Z</time>
      </trkpt>
      <trkpt lat="42.408504" lon="19.813366">
        <ele>1783.906224</ele>
        <time>2026-05-04T10:14:44.073Z</time>
      </trkpt>
      <trkpt lat="42.408626" lon="19.813154">
        <ele>1784.645387</ele>
        <time>2026-05-04T10:15:23.198Z</time>
      </trkpt>
      <trkpt lat="42.408787" lon="19.812271">
        <ele>1782.223158</ele>
        <time>2026-05-04T10:17:15.559Z</time>
      </trkpt>
      <trkpt lat="42.408923" lon="19.812204">
        <ele>1779.385561</ele>
        <time>2026-05-04T10:17:39.184Z</time>
      </trkpt>
      <trkpt lat="42.409042" lon="19.812184">
        <ele>1777.034336</ele>
        <time>2026-05-04T10:18:00.079Z</time>
      </trkpt>
      <trkpt lat="42.409147" lon="19.812167">
        <ele>1774.960859</ele>
        <time>2026-05-04T10:18:19.604Z</time>
      </trkpt>
      <trkpt lat="42.409199" lon="19.812052">
        <ele>1773.008558</ele>
        <time>2026-05-04T10:18:38.873Z</time>
      </trkpt>
      <trkpt lat="42.409231" lon="19.812082">
        <ele>1772.245454</ele>
        <time>2026-05-04T10:18:46.498Z</time>
      </trkpt>
      <trkpt lat="42.409273" lon="19.812067">
        <ele>1771.393775</ele>
        <time>2026-05-04T10:18:55.264Z</time>
      </trkpt>
      <trkpt lat="42.409286" lon="19.812013">
        <ele>1770.571492</ele>
        <time>2026-05-04T10:19:04.430Z</time>
      </trkpt>
      <trkpt lat="42.409256" lon="19.811912">
        <ele>1768.995395</ele>
        <time>2026-05-04T10:19:22.319Z</time>
      </trkpt>
      <trkpt lat="42.409269" lon="19.811843">
        <ele>1767.964449</ele>
        <time>2026-05-04T10:19:34.455Z</time>
      </trkpt>
      <trkpt lat="42.409527" lon="19.811389">
        <ele>1759.670356</ele>
        <time>2026-05-04T10:21:27.438Z</time>
      </trkpt>
      <trkpt lat="42.409606" lon="19.811363">
        <ele>1758.076262</ele>
        <time>2026-05-04T10:21:51.951Z</time>
      </trkpt>
      <trkpt lat="42.409688" lon="19.811423">
        <ele>1756.248784</ele>
        <time>2026-05-04T10:22:21.174Z</time>
      </trkpt>
      <trkpt lat="42.409800" lon="19.811312">
        <ele>1753.527552</ele>
        <time>2026-05-04T10:23:05.129Z</time>
      </trkpt>
      <trkpt lat="42.409808" lon="19.811376">
        <ele>1752.587826</ele>
        <time>2026-05-04T10:23:20.770Z</time>
      </trkpt>
      <trkpt lat="42.409898" lon="19.811284">
        <ele>1749.726200</ele>
        <time>2026-05-04T10:23:57.648Z</time>
      </trkpt>
      <trkpt lat="42.409905" lon="19.811470">
        <ele>1744.580623</ele>
        <time>2026-05-04T10:24:43.677Z</time>
      </trkpt>
      <trkpt lat="42.409979" lon="19.811419">
        <ele>1741.473668</ele>
        <time>2026-05-04T10:25:11.610Z</time>
      </trkpt>
      <trkpt lat="42.409995" lon="19.811509">
        <ele>1738.916040</ele>
        <time>2026-05-04T10:25:34.693Z</time>
      </trkpt>
      <trkpt lat="42.410041" lon="19.811407">
        <ele>1735.613825</ele>
        <time>2026-05-04T10:26:04.410Z</time>
      </trkpt>
      <trkpt lat="42.410080" lon="19.811525">
        <ele>1732.041935</ele>
        <time>2026-05-04T10:26:36.663Z</time>
      </trkpt>
      <trkpt lat="42.410140" lon="19.811417">
        <ele>1728.307720</ele>
        <time>2026-05-04T10:27:10.168Z</time>
      </trkpt>
      <trkpt lat="42.410184" lon="19.811595">
        <ele>1723.121567</ele>
        <time>2026-05-04T10:27:56.782Z</time>
      </trkpt>
      <trkpt lat="42.410246" lon="19.811517">
        <ele>1719.955082</ele>
        <time>2026-05-04T10:28:25.533Z</time>
      </trkpt>
      <trkpt lat="42.410269" lon="19.811568">
        <ele>1718.303979</ele>
        <time>2026-05-04T10:28:39.876Z</time>
      </trkpt>
      <trkpt lat="42.410257" lon="19.811615">
        <ele>1716.929998</ele>
        <time>2026-05-04T10:28:52.215Z</time>
      </trkpt>
      <trkpt lat="42.410280" lon="19.811625">
        <ele>1716.026083</ele>
        <time>2026-05-04T10:29:00.260Z</time>
      </trkpt>
      <trkpt lat="42.410318" lon="19.811586">
        <ele>1714.241995</ele>
        <time>2026-05-04T10:29:16.259Z</time>
      </trkpt>
      <trkpt lat="42.410330" lon="19.811604">
        <ele>1713.571956</ele>
        <time>2026-05-04T10:29:22.037Z</time>
      </trkpt>
      <trkpt lat="42.410293" lon="19.811755">
        <ele>1709.176332</ele>
        <time>2026-05-04T10:30:01.298Z</time>
      </trkpt>
      <trkpt lat="42.410305" lon="19.811773">
        <ele>1708.506292</ele>
        <time>2026-05-04T10:30:07.207Z</time>
      </trkpt>
      <trkpt lat="42.410373" lon="19.811725">
        <ele>1705.636897</ele>
        <time>2026-05-04T10:30:32.181Z</time>
      </trkpt>
      <trkpt lat="42.410399" lon="19.811739">
        <ele>1704.589912</ele>
        <time>2026-05-04T10:30:41.686Z</time>
      </trkpt>
      <trkpt lat="42.410393" lon="19.811810">
        <ele>1702.615496</ele>
        <time>2026-05-04T10:30:59.018Z</time>
      </trkpt>
      <trkpt lat="42.410446" lon="19.811766">
        <ele>1700.289323</ele>
        <time>2026-05-04T10:31:19.263Z</time>
      </trkpt>
      <trkpt lat="42.410452" lon="19.811829">
        <ele>1698.534321</ele>
        <time>2026-05-04T10:31:34.483Z</time>
      </trkpt>
      <trkpt lat="42.410418" lon="19.811902">
        <ele>1696.149698</ele>
        <time>2026-05-04T10:31:54.945Z</time>
      </trkpt>
      <trkpt lat="42.410337" lon="19.811981">
        <ele>1692.414606</ele>
        <time>2026-05-04T10:32:27.283Z</time>
      </trkpt>
      <trkpt lat="42.410320" lon="19.812033">
        <ele>1690.843396</ele>
        <time>2026-05-04T10:32:40.765Z</time>
      </trkpt>
      <trkpt lat="42.410339" lon="19.812141">
        <ele>1687.776002</ele>
        <time>2026-05-04T10:33:06.664Z</time>
      </trkpt>
      <trkpt lat="42.410303" lon="19.812237">
        <ele>1684.801188</ele>
        <time>2026-05-04T10:33:31.679Z</time>
      </trkpt>
      <trkpt lat="42.410316" lon="19.812255">
        <ele>1684.105516</ele>
        <time>2026-05-04T10:33:37.426Z</time>
      </trkpt>
      <trkpt lat="42.410293" lon="19.812298">
        <ele>1682.755445</ele>
        <time>2026-05-04T10:33:49.548Z</time>
      </trkpt>
      <trkpt lat="42.410321" lon="19.812311">
        <ele>1681.760488</ele>
        <time>2026-05-04T10:33:58.604Z</time>
      </trkpt>
      <trkpt lat="42.410291" lon="19.812362">
        <ele>1680.142153</ele>
        <time>2026-05-04T10:34:13.568Z</time>
      </trkpt>
      <trkpt lat="42.410295" lon="19.812409">
        <ele>1678.967965</ele>
        <time>2026-05-04T10:34:24.238Z</time>
      </trkpt>
      <trkpt lat="42.410191" lon="19.812532">
        <ele>1674.326866</ele>
        <time>2026-05-04T10:35:07.066Z</time>
      </trkpt>
      <trkpt lat="42.410232" lon="19.812586">
        <ele>1672.404500</ele>
        <time>2026-05-04T10:35:24.851Z</time>
      </trkpt>
      <trkpt lat="42.410321" lon="19.812576">
        <ele>1669.402574</ele>
        <time>2026-05-04T10:35:52.493Z</time>
      </trkpt>
      <trkpt lat="42.410237" lon="19.812747">
        <ele>1664.305154</ele>
        <time>2026-05-04T10:36:39.325Z</time>
      </trkpt>
      <trkpt lat="42.410241" lon="19.812825">
        <ele>1662.364654</ele>
        <time>2026-05-04T10:36:56.934Z</time>
      </trkpt>
      <trkpt lat="42.410206" lon="19.812868">
        <ele>1660.776249</ele>
        <time>2026-05-04T10:37:11.431Z</time>
      </trkpt>
      <trkpt lat="42.410198" lon="19.812975">
        <ele>1658.107096</ele>
        <time>2026-05-04T10:37:35.743Z</time>
      </trkpt>
      <trkpt lat="42.410271" lon="19.812964">
        <ele>1655.638131</ele>
        <time>2026-05-04T10:37:58.318Z</time>
      </trkpt>
      <trkpt lat="42.410290" lon="19.813003">
        <ele>1654.478494</ele>
        <time>2026-05-04T10:38:08.936Z</time>
      </trkpt>
      <trkpt lat="42.410242" lon="19.813035">
        <ele>1652.680152</ele>
        <time>2026-05-04T10:38:25.268Z</time>
      </trkpt>
      <trkpt lat="42.410244" lon="19.813058">
        <ele>1652.105383</ele>
        <time>2026-05-04T10:38:30.450Z</time>
      </trkpt>
      <trkpt lat="42.410345" lon="19.813055">
        <ele>1648.709548</ele>
        <time>2026-05-04T10:39:01.600Z</time>
      </trkpt>
      <trkpt lat="42.410362" lon="19.813093">
        <ele>1647.606835</ele>
        <time>2026-05-04T10:39:11.422Z</time>
      </trkpt>
      <trkpt lat="42.410288" lon="19.813269">
        <ele>1642.580198</ele>
        <time>2026-05-04T10:39:56.814Z</time>
      </trkpt>
      <trkpt lat="42.410381" lon="19.813262">
        <ele>1639.449269</ele>
        <time>2026-05-04T10:40:25.314Z</time>
      </trkpt>
      <trkpt lat="42.410380" lon="19.813400">
        <ele>1636.024170</ele>
        <time>2026-05-04T10:40:55.983Z</time>
      </trkpt>
      <trkpt lat="42.410457" lon="19.813363">
        <ele>1633.277821</ele>
        <time>2026-05-04T10:41:20.810Z</time>
      </trkpt>
      <trkpt lat="42.410490" lon="19.813376">
        <ele>1632.122589</ele>
        <time>2026-05-04T10:41:30.924Z</time>
      </trkpt>
      <trkpt lat="42.410499" lon="19.813347">
        <ele>1631.341861</ele>
        <time>2026-05-04T10:41:37.969Z</time>
      </trkpt>
      <trkpt lat="42.410513" lon="19.813379">
        <ele>1630.418719</ele>
        <time>2026-05-04T10:41:46.141Z</time>
      </trkpt>
      <trkpt lat="42.410561" lon="19.813359">
        <ele>1628.730620</ele>
        <time>2026-05-04T10:42:01.066Z</time>
      </trkpt>
      <trkpt lat="42.410561" lon="19.813430">
        <ele>1626.968522</ele>
        <time>2026-05-04T10:42:16.533Z</time>
      </trkpt>
      <trkpt lat="42.410525" lon="19.813479">
        <ele>1625.252933</ele>
        <time>2026-05-04T10:42:31.440Z</time>
      </trkpt>
      <trkpt lat="42.410543" lon="19.813516">
        <ele>1624.153241</ele>
        <time>2026-05-04T10:42:40.967Z</time>
      </trkpt>
      <trkpt lat="42.410497" lon="19.813572">
        <ele>1622.386137</ele>
        <time>2026-05-04T10:42:58.779Z</time>
      </trkpt>
      <trkpt lat="42.410466" lon="19.813681">
        <ele>1620.208101</ele>
        <time>2026-05-04T10:43:23.234Z</time>
      </trkpt>
      <trkpt lat="42.410554" lon="19.813642">
        <ele>1617.869722</ele>
        <time>2026-05-04T10:43:48.992Z</time>
      </trkpt>
      <trkpt lat="42.410557" lon="19.813693">
        <ele>1616.915741</ele>
        <time>2026-05-04T10:43:59.469Z</time>
      </trkpt>
      <trkpt lat="42.410526" lon="19.813754">
        <ele>1615.534913</ele>
        <time>2026-05-04T10:44:14.440Z</time>
      </trkpt>
      <trkpt lat="42.410542" lon="19.813786">
        <ele>1614.814279</ele>
        <time>2026-05-04T10:44:22.011Z</time>
      </trkpt>
      <trkpt lat="42.410605" lon="19.813747">
        <ele>1613.064911</ele>
        <time>2026-05-04T10:44:40.591Z</time>
      </trkpt>
      <trkpt lat="42.410616" lon="19.813770">
        <ele>1612.553929</ele>
        <time>2026-05-04T10:44:46.082Z</time>
      </trkpt>
      <trkpt lat="42.410664" lon="19.813728">
        <ele>1611.110728</ele>
        <time>2026-05-04T10:45:01.182Z</time>
      </trkpt>
      <trkpt lat="42.410676" lon="19.813789">
        <ele>1609.933616</ele>
        <time>2026-05-04T10:45:13.235Z</time>
      </trkpt>
      <trkpt lat="42.410744" lon="19.813774">
        <ele>1608.193660</ele>
        <time>2026-05-04T10:45:31.368Z</time>
      </trkpt>
      <trkpt lat="42.410693" lon="19.814042">
        <ele>1603.033112</ele>
        <time>2026-05-04T10:46:23.259Z</time>
      </trkpt>
      <trkpt lat="42.410776" lon="19.814053">
        <ele>1600.926949</ele>
        <time>2026-05-04T10:46:44.007Z</time>
      </trkpt>
      <trkpt lat="42.410885" lon="19.813953">
        <ele>1597.602095</ele>
        <time>2026-05-04T10:47:16.321Z</time>
      </trkpt>
      <trkpt lat="42.410984" lon="19.813970">
        <ele>1595.081852</ele>
        <time>2026-05-04T10:47:40.458Z</time>
      </trkpt>
      <trkpt lat="42.410986" lon="19.814033">
        <ele>1593.906049</ele>
        <time>2026-05-04T10:47:51.823Z</time>
      </trkpt>
      <trkpt lat="42.410960" lon="19.814080">
        <ele>1592.810972</ele>
        <time>2026-05-04T10:48:02.239Z</time>
      </trkpt>
      <trkpt lat="42.410925" lon="19.814294">
        <ele>1588.723931</ele>
        <time>2026-05-04T10:48:40.540Z</time>
      </trkpt>
      <trkpt lat="42.410932" lon="19.814338">
        <ele>1587.884663</ele>
        <time>2026-05-04T10:48:48.222Z</time>
      </trkpt>
      <trkpt lat="42.410960" lon="19.814344">
        <ele>1587.168732</ele>
        <time>2026-05-04T10:48:54.869Z</time>
      </trkpt>
      <trkpt lat="42.411023" lon="19.814305">
        <ele>1585.419365</ele>
        <time>2026-05-04T10:49:10.782Z</time>
      </trkpt>
      <trkpt lat="42.411037" lon="19.814356">
        <ele>1584.404803</ele>
        <time>2026-05-04T10:49:19.932Z</time>
      </trkpt>
      <trkpt lat="42.410932" lon="19.814458">
        <ele>1581.141502</ele>
        <time>2026-05-04T10:49:49.460Z</time>
      </trkpt>
      <trkpt lat="42.410950" lon="19.814539">
        <ele>1579.564222</ele>
        <time>2026-05-04T10:50:03.620Z</time>
      </trkpt>
      <trkpt lat="42.410905" lon="19.814592">
        <ele>1578.058165</ele>
        <time>2026-05-04T10:50:17.175Z</time>
      </trkpt>
      <trkpt lat="42.411046" lon="19.814647">
        <ele>1575.106627</ele>
        <time>2026-05-04T10:50:50.035Z</time>
      </trkpt>
      <trkpt lat="42.411235" lon="19.814641">
        <ele>1571.345921</ele>
        <time>2026-05-04T10:51:31.445Z</time>
      </trkpt>
      <trkpt lat="42.411218" lon="19.814891">
        <ele>1567.658617</ele>
        <time>2026-05-04T10:52:11.906Z</time>
      </trkpt>
      <trkpt lat="42.411183" lon="19.814954">
        <ele>1566.500646</ele>
        <time>2026-05-04T10:52:24.679Z</time>
      </trkpt>
      <trkpt lat="42.411270" lon="19.814986">
        <ele>1564.707322</ele>
        <time>2026-05-04T10:52:44.230Z</time>
      </trkpt>
      <trkpt lat="42.411260" lon="19.815117">
        <ele>1562.773062</ele>
        <time>2026-05-04T10:53:05.489Z</time>
      </trkpt>
      <trkpt lat="42.411323" lon="19.815132">
        <ele>1561.500622</ele>
        <time>2026-05-04T10:53:19.386Z</time>
      </trkpt>
      <trkpt lat="42.411450" lon="19.815089">
        <ele>1558.896539</ele>
        <time>2026-05-04T10:53:48.030Z</time>
      </trkpt>
      <trkpt lat="42.411479" lon="19.815098">
        <ele>1558.304708</ele>
        <time>2026-05-04T10:53:54.422Z</time>
      </trkpt>
      <trkpt lat="42.411489" lon="19.815101">
        <ele>1558.100962</ele>
        <time>2026-05-04T10:53:56.705Z</time>
      </trkpt>
      <trkpt lat="42.411496" lon="19.815273">
        <ele>1555.570964</ele>
        <time>2026-05-04T10:54:23.977Z</time>
      </trkpt>
      <trkpt lat="42.411552" lon="19.815315">
        <ele>1554.297601</ele>
        <time>2026-05-04T10:54:37.720Z</time>
      </trkpt>
      <trkpt lat="42.411540" lon="19.815380">
        <ele>1553.313555</ele>
        <time>2026-05-04T10:54:48.440Z</time>
      </trkpt>
      <trkpt lat="42.411558" lon="19.815466">
        <ele>1552.000703</ele>
        <time>2026-05-04T10:55:02.799Z</time>
      </trkpt>
      <trkpt lat="42.411490" lon="19.815561">
        <ele>1550.057375</ele>
        <time>2026-05-04T10:55:24.129Z</time>
      </trkpt>
      <trkpt lat="42.411486" lon="19.815631">
        <ele>1549.026211</ele>
        <time>2026-05-04T10:55:35.461Z</time>
      </trkpt>
      <trkpt lat="42.411547" lon="19.815667">
        <ele>1547.702582</ele>
        <time>2026-05-04T10:55:50.341Z</time>
      </trkpt>
      <trkpt lat="42.411632" lon="19.815805">
        <ele>1545.063088</ele>
        <time>2026-05-04T10:56:19.157Z</time>
      </trkpt>
      <trkpt lat="42.411790" lon="19.816363">
        <ele>1537.119062</ele>
        <time>2026-05-04T10:57:53.814Z</time>
      </trkpt>
      <trkpt lat="42.411766" lon="19.816562">
        <ele>1534.580268</ele>
        <time>2026-05-04T10:58:25.432Z</time>
      </trkpt>
      <trkpt lat="42.411737" lon="19.816616">
        <ele>1533.739520</ele>
        <time>2026-05-04T10:58:35.916Z</time>
      </trkpt>
      <trkpt lat="42.411731" lon="19.816811">
        <ele>1531.282164</ele>
        <time>2026-05-04T10:59:05.929Z</time>
      </trkpt>
      <trkpt lat="42.411610" lon="19.817122">
        <ele>1526.855970</ele>
        <time>2026-05-04T10:59:58.722Z</time>
      </trkpt>
      <trkpt lat="42.411752" lon="19.817679">
        <ele>1519.436523</ele>
        <time>2026-05-04T11:01:24.556Z</time>
      </trkpt>
      <trkpt lat="42.411788" lon="19.817940">
        <ele>1516.093447</ele>
        <time>2026-05-04T11:02:02.843Z</time>
      </trkpt>
      <trkpt lat="42.411738" lon="19.818155">
        <ele>1513.255292</ele>
        <time>2026-05-04T11:02:35.303Z</time>
      </trkpt>
      <trkpt lat="42.411720" lon="19.818389">
        <ele>1510.450835</ele>
        <time>2026-05-04T11:03:08.750Z</time>
      </trkpt>
      <trkpt lat="42.411665" lon="19.818559">
        <ele>1508.432131</ele>
        <time>2026-05-04T11:03:34.895Z</time>
      </trkpt>
      <trkpt lat="42.411598" lon="19.818645">
        <ele>1507.072329</ele>
        <time>2026-05-04T11:03:52.493Z</time>
      </trkpt>
      <trkpt lat="42.411552" lon="19.818767">
        <ele>1505.582398</ele>
        <time>2026-05-04T11:04:11.762Z</time>
      </trkpt>
      <trkpt lat="42.411476" lon="19.818856">
        <ele>1504.102377</ele>
        <time>2026-05-04T11:04:30.804Z</time>
      </trkpt>
      <trkpt lat="42.411414" lon="19.819009">
        <ele>1502.204124</ele>
        <time>2026-05-04T11:04:55.249Z</time>
      </trkpt>
      <trkpt lat="42.411186" lon="19.819407">
        <ele>1496.725112</ele>
        <time>2026-05-04T11:06:05.434Z</time>
      </trkpt>
      <trkpt lat="42.410977" lon="19.820160">
        <ele>1487.975565</ele>
        <time>2026-05-04T11:07:59.343Z</time>
      </trkpt>
      <trkpt lat="42.410885" lon="19.820649">
        <ele>1481.302198</ele>
        <time>2026-05-04T11:09:12.430Z</time>
      </trkpt>
      <trkpt lat="42.410943" lon="19.820990">
        <ele>1475.669265</ele>
        <time>2026-05-04T11:10:05.440Z</time>
      </trkpt>
      <trkpt lat="42.410805" lon="19.821593">
        <ele>1465.507013</ele>
        <time>2026-05-04T11:11:48.234Z</time>
      </trkpt>
      <trkpt lat="42.410784" lon="19.821810">
        <ele>1461.984026</ele>
        <time>2026-05-04T11:12:25.958Z</time>
      </trkpt>
      <trkpt lat="42.410694" lon="19.821986">
        <ele>1458.537746</ele>
        <time>2026-05-04T11:13:03.882Z</time>
      </trkpt>
      <trkpt lat="42.410596" lon="19.822330">
        <ele>1452.602358</ele>
        <time>2026-05-04T11:14:12.096Z</time>
      </trkpt>
      <trkpt lat="42.410595" lon="19.822457">
        <ele>1450.557882</ele>
        <time>2026-05-04T11:14:36.327Z</time>
      </trkpt>
      <trkpt lat="42.410440" lon="19.822467">
        <ele>1447.174689</ele>
        <time>2026-05-04T11:15:16.863Z</time>
      </trkpt>
      <trkpt lat="42.410368" lon="19.822580">
        <ele>1444.342430</ele>
        <time>2026-05-04T11:15:46.233Z</time>
      </trkpt>
      <trkpt lat="42.410342" lon="19.822737">
        <ele>1440.603849</ele>
        <time>2026-05-04T11:16:18.179Z</time>
      </trkpt>
      <trkpt lat="42.410322" lon="19.822994">
        <ele>1434.599293</ele>
        <time>2026-05-04T11:17:10.577Z</time>
      </trkpt>
      <trkpt lat="42.410515" lon="19.823613">
        <ele>1418.986787</ele>
        <time>2026-05-04T11:19:32.472Z</time>
      </trkpt>
      <trkpt lat="42.410513" lon="19.823716">
        <ele>1416.592727</ele>
        <time>2026-05-04T11:19:54.711Z</time>
      </trkpt>
      <trkpt lat="42.410472" lon="19.823807">
        <ele>1414.115730</ele>
        <time>2026-05-04T11:20:17.889Z</time>
      </trkpt>
      <trkpt lat="42.410445" lon="19.824157">
        <ele>1405.939114</ele>
        <time>2026-05-04T11:21:34.933Z</time>
      </trkpt>
      <trkpt lat="42.410497" lon="19.824368">
        <ele>1400.770571</ele>
        <time>2026-05-04T11:22:24.957Z</time>
      </trkpt>
      <trkpt lat="42.410566" lon="19.824468">
        <ele>1397.590342</ele>
        <time>2026-05-04T11:22:56.347Z</time>
      </trkpt>
      <trkpt lat="42.410636" lon="19.824387">
        <ele>1394.692950</ele>
        <time>2026-05-04T11:23:24.821Z</time>
      </trkpt>
      <trkpt lat="42.410716" lon="19.824431">
        <ele>1391.975693</ele>
        <time>2026-05-04T11:23:51.825Z</time>
      </trkpt>
      <trkpt lat="42.410743" lon="19.824785">
        <ele>1383.188049</ele>
        <time>2026-05-04T11:25:13.785Z</time>
      </trkpt>
      <trkpt lat="42.410731" lon="19.824918">
        <ele>1379.777481</ele>
        <time>2026-05-04T11:25:44.910Z</time>
      </trkpt>
      <trkpt lat="42.410623" lon="19.825031">
        <ele>1375.072564</ele>
        <time>2026-05-04T11:26:27.691Z</time>
      </trkpt>
      <trkpt lat="42.410342" lon="19.825057">
        <ele>1365.362461</ele>
        <time>2026-05-04T11:27:54.838Z</time>
      </trkpt>
      <trkpt lat="42.410232" lon="19.825344">
        <ele>1357.131451</ele>
        <time>2026-05-04T11:29:08.186Z</time>
      </trkpt>
      <trkpt lat="42.410127" lon="19.825354">
        <ele>1353.502620</ele>
        <time>2026-05-04T11:29:40.067Z</time>
      </trkpt>
      <trkpt lat="42.410188" lon="19.825523">
        <ele>1348.714326</ele>
        <time>2026-05-04T11:30:22.497Z</time>
      </trkpt>
      <trkpt lat="42.410241" lon="19.825487">
        <ele>1346.670236</ele>
        <time>2026-05-04T11:30:40.640Z</time>
      </trkpt>
      <trkpt lat="42.410270" lon="19.825565">
        <ele>1344.447290</ele>
        <time>2026-05-04T11:31:00.230Z</time>
      </trkpt>
      <trkpt lat="42.410335" lon="19.825611">
        <ele>1341.918939</ele>
        <time>2026-05-04T11:31:22.847Z</time>
      </trkpt>
      <trkpt lat="42.410481" lon="19.825645">
        <ele>1336.811704</ele>
        <time>2026-05-04T11:32:08.099Z</time>
      </trkpt>
      <trkpt lat="42.410685" lon="19.825795">
        <ele>1328.809194</ele>
        <time>2026-05-04T11:33:19.280Z</time>
      </trkpt>
      <trkpt lat="42.410834" lon="19.825799">
        <ele>1323.922358</ele>
        <time>2026-05-04T11:34:05.386Z</time>
      </trkpt>
      <trkpt lat="42.411224" lon="19.825892">
        <ele>1311.261189</ele>
        <time>2026-05-04T11:36:07.997Z</time>
      </trkpt>
      <trkpt lat="42.411260" lon="19.825922">
        <ele>1309.909754</ele>
        <time>2026-05-04T11:36:21.053Z</time>
      </trkpt>
      <trkpt lat="42.411285" lon="19.826062">
        <ele>1306.509595</ele>
        <time>2026-05-04T11:36:53.304Z</time>
      </trkpt>
      <trkpt lat="42.411379" lon="19.826233">
        <ele>1301.476971</ele>
        <time>2026-05-04T11:37:40.416Z</time>
      </trkpt>
      <trkpt lat="42.411492" lon="19.826349">
        <ele>1296.943586</ele>
        <time>2026-05-04T11:38:22.454Z</time>
      </trkpt>
      <trkpt lat="42.411826" lon="19.826876">
        <ele>1280.548384</ele>
        <time>2026-05-04T11:40:51.413Z</time>
      </trkpt>
      <trkpt lat="42.411977" lon="19.827027">
        <ele>1274.547201</ele>
        <time>2026-05-04T11:41:43.698Z</time>
      </trkpt>
      <trkpt lat="42.412057" lon="19.827206">
        <ele>1269.611172</ele>
        <time>2026-05-04T11:42:26.037Z</time>
      </trkpt>
      <trkpt lat="42.412087" lon="19.827378">
        <ele>1266.458327</ele>
        <time>2026-05-04T11:43:01.728Z</time>
      </trkpt>
      <trkpt lat="42.412418" lon="19.827751">
        <ele>1256.054421</ele>
        <time>2026-05-04T11:44:54.940Z</time>
      </trkpt>
      <trkpt lat="42.412482" lon="19.827957">
        <ele>1252.067409</ele>
        <time>2026-05-04T11:45:36.337Z</time>
      </trkpt>
      <trkpt lat="42.412483" lon="19.828211">
        <ele>1247.536154</ele>
        <time>2026-05-04T11:46:21.772Z</time>
      </trkpt>
      <trkpt lat="42.412364" lon="19.828833">
        <ele>1236.073588</ele>
        <time>2026-05-04T11:48:15.065Z</time>
      </trkpt>
      <trkpt lat="42.412087" lon="19.829334">
        <ele>1225.451600</ele>
        <time>2026-05-04T11:50:01.267Z</time>
      </trkpt>
      <trkpt lat="42.412042" lon="19.829877">
        <ele>1219.931299</ele>
        <time>2026-05-04T11:51:28.113Z</time>
      </trkpt>
      <trkpt lat="42.411849" lon="19.830623">
        <ele>1211.945239</ele>
        <time>2026-05-04T11:53:19.498Z</time>
      </trkpt>
      <trkpt lat="42.411886" lon="19.831094">
        <ele>1207.159920</ele>
        <time>2026-05-04T11:54:22.716Z</time>
      </trkpt>
      <trkpt lat="42.411906" lon="19.831995">
        <ele>1199.924418</ele>
        <time>2026-05-04T11:56:18.896Z</time>
      </trkpt>
      <trkpt lat="42.411926" lon="19.832846">
        <ele>1195.926097</ele>
        <time>2026-05-04T11:58:05.973Z</time>
      </trkpt>
      <trkpt lat="42.411720" lon="19.834202">
        <ele>1189.351466</ele>
        <time>2026-05-04T12:00:56.191Z</time>
      </trkpt>
      <trkpt lat="42.411781" lon="19.834623">
        <ele>1187.120617</ele>
        <time>2026-05-04T12:01:48.140Z</time>
      </trkpt>
      <trkpt lat="42.411762" lon="19.834815">
        <ele>1186.113338</ele>
        <time>2026-05-04T12:02:11.733Z</time>
      </trkpt>
      <trkpt lat="42.411785" lon="19.834926">
        <ele>1185.513867</ele>
        <time>2026-05-04T12:02:25.790Z</time>
      </trkpt>
      <trkpt lat="42.411850" lon="19.835042">
        <ele>1184.756653</ele>
        <time>2026-05-04T12:02:43.641Z</time>
      </trkpt>
      <trkpt lat="42.411857" lon="19.835170">
        <ele>1184.089263</ele>
        <time>2026-05-04T12:02:59.526Z</time>
      </trkpt>
      <trkpt lat="42.411895" lon="19.835284">
        <ele>1183.438880</ele>
        <time>2026-05-04T12:03:15.049Z</time>
      </trkpt>
      <trkpt lat="42.411895" lon="19.835409">
        <ele>1182.788913</ele>
        <time>2026-05-04T12:03:30.571Z</time>
      </trkpt>
      <trkpt lat="42.411972" lon="19.835634">
        <ele>1181.499403</ele>
        <time>2026-05-04T12:04:01.644Z</time>
      </trkpt>
      <trkpt lat="42.411976" lon="19.835732">
        <ele>1180.989052</ele>
        <time>2026-05-04T12:04:14.026Z</time>
      </trkpt>
      <trkpt lat="42.411887" lon="19.836255">
        <ele>1178.198292</ele>
        <time>2026-05-04T12:05:23.734Z</time>
      </trkpt>
      <trkpt lat="42.411873" lon="19.836310">
        <ele>1177.895787</ele>
        <time>2026-05-04T12:05:31.482Z</time>
      </trkpt>
      <trkpt lat="42.411844" lon="19.836320">
        <ele>1177.685033</ele>
        <time>2026-05-04T12:05:36.843Z</time>
      </trkpt>
      <trkpt lat="42.411836" lon="19.836377">
        <ele>1177.317030</ele>
        <time>2026-05-04T12:05:44.734Z</time>
      </trkpt>
      <trkpt lat="42.411873" lon="19.836541">
        <ele>1175.421476</ele>
        <time>2026-05-04T12:06:07.953Z</time>
      </trkpt>
      <trkpt lat="42.411939" lon="19.836609">
        <ele>1174.179960</ele>
        <time>2026-05-04T12:06:23.464Z</time>
      </trkpt>
      <trkpt lat="42.411906" lon="19.837033">
        <ele>1169.467226</ele>
        <time>2026-05-04T12:07:23.085Z</time>
      </trkpt>
      <trkpt lat="42.411956" lon="19.837661">
        <ele>1162.485263</ele>
        <time>2026-05-04T12:08:54.186Z</time>
      </trkpt>
      <trkpt lat="42.411877" lon="19.838036">
        <ele>1158.174691</ele>
        <time>2026-05-04T12:09:53.959Z</time>
      </trkpt>
      <trkpt lat="42.411869" lon="19.838334">
        <ele>1154.878511</ele>
        <time>2026-05-04T12:10:40.995Z</time>
      </trkpt>
      <trkpt lat="42.411934" lon="19.838522">
        <ele>1152.583844</ele>
        <time>2026-05-04T12:11:12.327Z</time>
      </trkpt>
      <trkpt lat="42.411924" lon="19.838878">
        <ele>1149.065667</ele>
        <time>2026-05-04T12:12:04.364Z</time>
      </trkpt>
      <trkpt lat="42.411801" lon="19.839131">
        <ele>1146.469727</ele>
        <time>2026-05-04T12:12:47.470Z</time>
      </trkpt>
      <trkpt lat="42.411571" lon="19.839384">
        <ele>1143.030613</ele>
        <time>2026-05-04T12:13:44.216Z</time>
      </trkpt>
      <trkpt lat="42.411553" lon="19.839486">
        <ele>1142.131887</ele>
        <time>2026-05-04T12:13:58.885Z</time>
      </trkpt>
      <trkpt lat="42.411568" lon="19.839584">
        <ele>1141.274205</ele>
        <time>2026-05-04T12:14:12.649Z</time>
      </trkpt>
      <trkpt lat="42.411671" lon="19.839706">
        <ele>1139.686022</ele>
        <time>2026-05-04T12:14:38.220Z</time>
      </trkpt>
      <trkpt lat="42.411887" lon="19.840050">
        <ele>1135.816141</ele>
        <time>2026-05-04T12:15:38.969Z</time>
      </trkpt>
      <trkpt lat="42.411966" lon="19.840614">
        <ele>1130.896677</ele>
        <time>2026-05-04T12:16:52.909Z</time>
      </trkpt>
      <trkpt lat="42.412156" lon="19.841137">
        <ele>1127.265443</ele>
        <time>2026-05-04T12:18:03.865Z</time>
      </trkpt>
      <trkpt lat="42.412352" lon="19.841354">
        <ele>1125.399948</ele>
        <time>2026-05-04T12:18:45.920Z</time>
      </trkpt>
      <trkpt lat="42.412280" lon="19.841809">
        <ele>1122.868196</ele>
        <time>2026-05-04T12:19:43.434Z</time>
      </trkpt>
      <trkpt lat="42.412299" lon="19.842053">
        <ele>1121.533295</ele>
        <time>2026-05-04T12:20:13.979Z</time>
      </trkpt>
      <trkpt lat="42.412635" lon="19.842831">
        <ele>1116.629419</ele>
        <time>2026-05-04T12:22:10.136Z</time>
      </trkpt>
      <trkpt lat="42.412570" lon="19.843033">
        <ele>1114.825353</ele>
        <time>2026-05-04T12:22:39.686Z</time>
      </trkpt>
      <trkpt lat="42.412527" lon="19.843318">
        <ele>1112.236598</ele>
        <time>2026-05-04T12:23:19.517Z</time>
      </trkpt>
      <trkpt lat="42.412335" lon="19.843632">
        <ele>1108.608245</ele>
        <time>2026-05-04T12:24:16.120Z</time>
      </trkpt>
      <trkpt lat="42.412079" lon="19.844440">
        <ele>1100.783332</ele>
        <time>2026-05-04T12:26:20.063Z</time>
      </trkpt>
      <trkpt lat="42.412098" lon="19.844650">
        <ele>1098.900458</ele>
        <time>2026-05-04T12:26:49.752Z</time>
      </trkpt>
      <trkpt lat="42.412208" lon="19.844940">
        <ele>1095.998933</ele>
        <time>2026-05-04T12:27:34.889Z</time>
      </trkpt>
      <trkpt lat="42.412207" lon="19.845228">
        <ele>1094.130220</ele>
        <time>2026-05-04T12:28:14.006Z</time>
      </trkpt>
      <trkpt lat="42.412407" lon="19.845791">
        <ele>1091.619199</ele>
        <time>2026-05-04T12:29:35.096Z</time>
      </trkpt>
      <trkpt lat="42.412606" lon="19.846209">
        <ele>1089.620265</ele>
        <time>2026-05-04T12:30:36.180Z</time>
      </trkpt>
      <trkpt lat="42.412700" lon="19.846677">
        <ele>1087.670999</ele>
        <time>2026-05-04T12:31:33.652Z</time>
      </trkpt>
      <trkpt lat="42.412807" lon="19.847539">
        <ele>1084.882760</ele>
        <time>2026-05-04T12:33:13.692Z</time>
      </trkpt>
      <trkpt lat="42.412816" lon="19.848106">
        <ele>1084.797340</ele>
        <time>2026-05-04T12:34:16.993Z</time>
      </trkpt>
      <trkpt lat="42.412857" lon="19.848400">
        <ele>1084.752276</ele>
        <time>2026-05-04T12:34:50.282Z</time>
      </trkpt>
      <trkpt lat="42.413102" lon="19.849262">
        <ele>1084.613155</ele>
        <time>2026-05-04T12:36:33.863Z</time>
      </trkpt>
      <trkpt lat="42.413144" lon="19.849600">
        <ele>1084.561531</ele>
        <time>2026-05-04T12:37:12.307Z</time>
      </trkpt>
      <trkpt lat="42.413457" lon="19.850276">
        <ele>1084.033219</ele>
        <time>2026-05-04T12:38:42.200Z</time>
      </trkpt>
      <trkpt lat="42.413704" lon="19.851011">
        <ele>1083.428227</ele>
        <time>2026-05-04T12:40:11.863Z</time>
      </trkpt>
      <trkpt lat="42.413778" lon="19.851085">
        <ele>1083.334891</ele>
        <time>2026-05-04T12:40:25.861Z</time>
      </trkpt>
      <trkpt lat="42.413887" lon="19.851081">
        <ele>1083.224246</ele>
        <time>2026-05-04T12:40:42.623Z</time>
      </trkpt>
      <trkpt lat="42.413973" lon="19.851257">
        <ele>1083.066132</ele>
        <time>2026-05-04T12:41:06.664Z</time>
      </trkpt>
      <trkpt lat="42.414187" lon="19.851883">
        <ele>1081.675599</ele>
        <time>2026-05-04T12:42:27.821Z</time>
      </trkpt>
      <trkpt lat="42.414514" lon="19.852564">
        <ele>1077.931914</ele>
        <time>2026-05-04T12:44:08.066Z</time>
      </trkpt>
      <trkpt lat="42.414576" lon="19.852797">
        <ele>1076.790552</ele>
        <time>2026-05-04T12:44:39.452Z</time>
      </trkpt>
      <trkpt lat="42.414675" lon="19.853019">
        <ele>1075.595348</ele>
        <time>2026-05-04T12:45:12.336Z</time>
      </trkpt>
      <trkpt lat="42.414793" lon="19.853473">
        <ele>1073.377292</ele>
        <time>2026-05-04T12:46:13.969Z</time>
      </trkpt>
      <trkpt lat="42.415042" lon="19.853842">
        <ele>1070.981937</ele>
        <time>2026-05-04T12:47:18.419Z</time>
      </trkpt>
      <trkpt lat="42.415124" lon="19.854166">
        <ele>1069.057935</ele>
        <time>2026-05-04T12:48:02.680Z</time>
      </trkpt>
      <trkpt lat="42.415236" lon="19.854297">
        <ele>1067.932003</ele>
        <time>2026-05-04T12:48:28.465Z</time>
      </trkpt>
      <trkpt lat="42.415320" lon="19.854318">
        <ele>1067.282072</ele>
        <time>2026-05-04T12:48:43.280Z</time>
      </trkpt>
      <trkpt lat="42.415385" lon="19.854373">
        <ele>1066.698933</ele>
        <time>2026-05-04T12:48:56.402Z</time>
      </trkpt>
      <trkpt lat="42.415492" lon="19.854636">
        <ele>1065.012097</ele>
        <time>2026-05-04T12:49:34.542Z</time>
      </trkpt>
      <trkpt lat="42.415684" lon="19.854992">
        <ele>1062.535556</ele>
        <time>2026-05-04T12:50:30.462Z</time>
      </trkpt>
      <trkpt lat="42.415780" lon="19.855307">
        <ele>1060.621263</ele>
        <time>2026-05-04T12:51:13.657Z</time>
      </trkpt>
      <trkpt lat="42.415701" lon="19.855830">
        <ele>1057.622208</ele>
        <time>2026-05-04T12:52:21.813Z</time>
      </trkpt>
      <trkpt lat="42.415706" lon="19.856032">
        <ele>1056.484794</ele>
        <time>2026-05-04T12:52:47.625Z</time>
      </trkpt>
      <trkpt lat="42.415766" lon="19.856326">
        <ele>1054.768229</ele>
        <time>2026-05-04T12:53:26.742Z</time>
      </trkpt>
      <trkpt lat="42.415793" lon="19.856596">
        <ele>1053.234904</ele>
        <time>2026-05-04T12:54:01.789Z</time>
      </trkpt>
      <trkpt lat="42.415935" lon="19.856851">
        <ele>1051.437417</ele>
        <time>2026-05-04T12:54:42.601Z</time>
      </trkpt>
      <trkpt lat="42.416081" lon="19.857205">
        <ele>1049.155471</ele>
        <time>2026-05-04T12:55:34.682Z</time>
      </trkpt>
      <trkpt lat="42.416144" lon="19.857734">
        <ele>1046.140005</ele>
        <time>2026-05-04T12:56:43.466Z</time>
      </trkpt>
      <trkpt lat="42.416324" lon="19.857984">
        <ele>1044.174822</ele>
        <time>2026-05-04T12:57:27.871Z</time>
      </trkpt>
      <trkpt lat="42.416351" lon="19.858107">
        <ele>1043.587791</ele>
        <time>2026-05-04T12:57:44.233Z</time>
      </trkpt>
      <trkpt lat="42.416366" lon="19.858510">
        <ele>1041.793986</ele>
        <time>2026-05-04T12:58:34.989Z</time>
      </trkpt>
      <trkpt lat="42.416375" lon="19.858757">
        <ele>1040.694616</ele>
        <time>2026-05-04T12:59:06.044Z</time>
      </trkpt>
      <trkpt lat="42.416433" lon="19.858980">
        <ele>1039.643552</ele>
        <time>2026-05-04T12:59:35.605Z</time>
      </trkpt>
      <trkpt lat="42.416566" lon="19.859236">
        <ele>1038.251962</ele>
        <time>2026-05-04T13:00:14.286Z</time>
      </trkpt>
      <trkpt lat="42.416636" lon="19.859555">
        <ele>1036.772542</ele>
        <time>2026-05-04T13:00:55.286Z</time>
      </trkpt>
      <trkpt lat="42.416887" lon="19.859774">
        <ele>1034.974720</ele>
        <time>2026-05-04T13:01:44.905Z</time>
      </trkpt>
      <trkpt lat="42.417006" lon="19.860110">
        <ele>1033.318065</ele>
        <time>2026-05-04T13:02:30.415Z</time>
      </trkpt>
      <trkpt lat="42.417066" lon="19.860601">
        <ele>1031.655665</ele>
        <time>2026-05-04T13:03:31.196Z</time>
      </trkpt>
      <trkpt lat="42.417065" lon="19.860891">
        <ele>1030.694802</ele>
        <time>2026-05-04T13:04:06.754Z</time>
      </trkpt>
      <trkpt lat="42.417107" lon="19.861331">
        <ele>1029.224822</ele>
        <time>2026-05-04T13:05:01.186Z</time>
      </trkpt>
      <trkpt lat="42.416930" lon="19.861703">
        <ele>1027.758468</ele>
        <time>2026-05-04T13:05:55.008Z</time>
      </trkpt>
      <trkpt lat="42.416901" lon="19.861921">
        <ele>1027.024538</ele>
        <time>2026-05-04T13:06:21.721Z</time>
      </trkpt>
      <trkpt lat="42.417122" lon="19.862499">
        <ele>1025.057487</ele>
        <time>2026-05-04T13:07:38.958Z</time>
      </trkpt>
      <trkpt lat="42.417145" lon="19.862756">
        <ele>1024.700028</ele>
        <time>2026-05-04T13:08:09.173Z</time>
      </trkpt>
      <trkpt lat="42.417358" lon="19.863093">
        <ele>1024.087466</ele>
        <time>2026-05-04T13:09:00.381Z</time>
      </trkpt>
      <trkpt lat="42.417459" lon="19.863175">
        <ele>1023.867229</ele>
        <time>2026-05-04T13:09:18.780Z</time>
      </trkpt>
      <trkpt lat="42.417650" lon="19.863233">
        <ele>1023.501128</ele>
        <time>2026-05-04T13:09:48.891Z</time>
      </trkpt>
      <trkpt lat="42.417760" lon="19.863327">
        <ele>1023.257872</ele>
        <time>2026-05-04T13:10:08.848Z</time>
      </trkpt>
      <trkpt lat="42.417910" lon="19.863492">
        <ele>1022.896467</ele>
        <time>2026-05-04T13:10:38.334Z</time>
      </trkpt>
      <trkpt lat="42.418008" lon="19.863684">
        <ele>1022.574167</ele>
        <time>2026-05-04T13:11:04.672Z</time>
      </trkpt>
      <trkpt lat="42.418234" lon="19.863850">
        <ele>1022.093327</ele>
        <time>2026-05-04T13:11:44.340Z</time>
      </trkpt>
      <trkpt lat="42.418327" lon="19.863982">
        <ele>1021.841386</ele>
        <time>2026-05-04T13:12:05.109Z</time>
      </trkpt>
      <trkpt lat="42.418451" lon="19.864161">
        <ele>1021.305819</ele>
        <time>2026-05-04T13:12:33.182Z</time>
      </trkpt>
      <trkpt lat="42.418582" lon="19.864271">
        <ele>1020.843914</ele>
        <time>2026-05-04T13:12:57.146Z</time>
      </trkpt>
      <trkpt lat="42.418793" lon="19.864699">
        <ele>1019.705272</ele>
        <time>2026-05-04T13:13:57.167Z</time>
      </trkpt>
      <trkpt lat="42.419133" lon="19.865278">
        <ele>1018.068456</ele>
        <time>2026-05-04T13:15:24.751Z</time>
      </trkpt>
      <trkpt lat="42.419416" lon="19.865503">
        <ele>1017.085042</ele>
        <time>2026-05-04T13:16:18.114Z</time>
      </trkpt>
      <trkpt lat="42.419557" lon="19.865598">
        <ele>1016.613096</ele>
        <time>2026-05-04T13:16:43.955Z</time>
      </trkpt>
      <trkpt lat="42.419649" lon="19.865697">
        <ele>1016.234527</ele>
        <time>2026-05-04T13:17:02.940Z</time>
      </trkpt>
      <trkpt lat="42.419776" lon="19.865888">
        <ele>1015.581141</ele>
        <time>2026-05-04T13:17:33.881Z</time>
      </trkpt>
      <trkpt lat="42.419883" lon="19.866125">
        <ele>1014.875004</ele>
        <time>2026-05-04T13:18:07.080Z</time>
      </trkpt>
      <trkpt lat="42.420010" lon="19.866306">
        <ele>1014.240279</ele>
        <time>2026-05-04T13:18:36.963Z</time>
      </trkpt>
      <trkpt lat="42.420262" lon="19.866480">
        <ele>1013.266386</ele>
        <time>2026-05-04T13:19:22.648Z</time>
      </trkpt>
      <trkpt lat="42.420265" lon="19.866614">
        <ele>1012.925629</ele>
        <time>2026-05-04T13:19:38.595Z</time>
      </trkpt>
      <trkpt lat="42.420563" lon="19.866930">
        <ele>1011.622578</ele>
        <time>2026-05-04T13:20:39.556Z</time>
      </trkpt>
      <trkpt lat="42.420630" lon="19.867114">
        <ele>1011.101089</ele>
        <time>2026-05-04T13:21:03.822Z</time>
      </trkpt>
      <trkpt lat="42.420653" lon="19.867304">
        <ele>1010.611701</ele>
        <time>2026-05-04T13:21:26.443Z</time>
      </trkpt>
      <trkpt lat="42.420907" lon="19.867377">
        <ele>1009.964886</ele>
        <time>2026-05-04T13:22:07.290Z</time>
      </trkpt>
      <trkpt lat="42.421099" lon="19.867385">
        <ele>1009.613226</ele>
        <time>2026-05-04T13:22:37.222Z</time>
      </trkpt>
      <trkpt lat="42.421230" lon="19.867473">
        <ele>1009.345536</ele>
        <time>2026-05-04T13:22:59.814Z</time>
      </trkpt>
      <trkpt lat="42.421501" lon="19.867678">
        <ele>1008.777305</ele>
        <time>2026-05-04T13:23:47.952Z</time>
      </trkpt>
      <trkpt lat="42.421732" lon="19.867721">
        <ele>1008.350440</ele>
        <time>2026-05-04T13:24:24.152Z</time>
      </trkpt>
      <trkpt lat="42.421946" lon="19.867814">
        <ele>1007.939005</ele>
        <time>2026-05-04T13:24:59.088Z</time>
      </trkpt>
      <trkpt lat="42.422260" lon="19.867831">
        <ele>1007.363707</ele>
        <time>2026-05-04T13:25:47.732Z</time>
      </trkpt>
      <trkpt lat="42.422312" lon="19.867795">
        <ele>1007.256799</ele>
        <time>2026-05-04T13:25:56.772Z</time>
      </trkpt>
      <trkpt lat="42.422443" lon="19.867968">
        <ele>1006.917865</ele>
        <time>2026-05-04T13:26:25.108Z</time>
      </trkpt>
      <trkpt lat="42.422460" lon="19.868222">
        <ele>1006.528479</ele>
        <time>2026-05-04T13:26:54.229Z</time>
      </trkpt>
      <trkpt lat="42.422507" lon="19.868328">
        <ele>1006.339693</ele>
        <time>2026-05-04T13:27:08.328Z</time>
      </trkpt>
      <trkpt lat="42.422755" lon="19.868548">
        <ele>1005.726579</ele>
        <time>2026-05-04T13:27:54.423Z</time>
      </trkpt>
      <trkpt lat="42.422813" lon="19.868621">
        <ele>1005.562837</ele>
        <time>2026-05-04T13:28:06.985Z</time>
      </trkpt>
      <trkpt lat="42.422878" lon="19.868771">
        <ele>1005.297283</ele>
        <time>2026-05-04T13:28:27.018Z</time>
      </trkpt>
      <trkpt lat="42.422975" lon="19.868893">
        <ele>1005.023528</ele>
        <time>2026-05-04T13:28:47.886Z</time>
      </trkpt>
      <trkpt lat="42.423047" lon="19.868927">
        <ele>1004.865826</ele>
        <time>2026-05-04T13:28:59.859Z</time>
      </trkpt>
      <trkpt lat="42.423401" lon="19.868966">
        <ele>1004.131253</ele>
        <time>2026-05-04T13:29:55.952Z</time>
      </trkpt>
      <trkpt lat="42.423640" lon="19.869036">
        <ele>1003.625524</ele>
        <time>2026-05-04T13:30:34.376Z</time>
      </trkpt>
      <trkpt lat="42.423773" lon="19.869127">
        <ele>1003.317354</ele>
        <time>2026-05-04T13:30:57.693Z</time>
      </trkpt>
      <trkpt lat="42.424133" lon="19.869621">
        <ele>1002.054199</ele>
        <time>2026-05-04T13:32:18.092Z</time>
      </trkpt>
      <trkpt lat="42.424223" lon="19.869688">
        <ele>1001.797516</ele>
        <time>2026-05-04T13:32:34.253Z</time>
      </trkpt>
      <trkpt lat="42.424350" lon="19.869672">
        <ele>1001.478710</ele>
        <time>2026-05-04T13:32:54.338Z</time>
      </trkpt>
      <trkpt lat="42.424552" lon="19.869542">
        <ele>1000.919736</ele>
        <time>2026-05-04T13:33:29.592Z</time>
      </trkpt>
      <trkpt lat="42.424633" lon="19.869522">
        <ele>1000.713941</ele>
        <time>2026-05-04T13:33:42.687Z</time>
      </trkpt>
      <trkpt lat="42.424781" lon="19.869542">
        <ele>1000.342180</ele>
        <time>2026-05-04T13:34:06.439Z</time>
      </trkpt>
      <trkpt lat="42.424947" lon="19.869695">
        <ele>999.840341</ele>
        <time>2026-05-04T13:34:38.523Z</time>
      </trkpt>
      <trkpt lat="42.425266" lon="19.869866">
        <ele>998.982851</ele>
        <time>2026-05-04T13:35:33.113Z</time>
      </trkpt>
      <trkpt lat="42.425403" lon="19.870074">
        <ele>998.526911</ele>
        <time>2026-05-04T13:36:05.298Z</time>
      </trkpt>
      <trkpt lat="42.425533" lon="19.870366">
        <ele>998.034554</ele>
        <time>2026-05-04T13:36:44.607Z</time>
      </trkpt>
      <trkpt lat="42.425624" lon="19.870671">
        <ele>997.559562</ele>
        <time>2026-05-04T13:37:22.746Z</time>
      </trkpt>
      <trkpt lat="42.425776" lon="19.870729">
        <ele>997.250674</ele>
        <time>2026-05-04T13:37:47.490Z</time>
      </trkpt>
      <trkpt lat="42.425913" lon="19.870631">
        <ele>996.947632</ele>
        <time>2026-05-04T13:38:11.635Z</time>
      </trkpt>
      <trkpt lat="42.426041" lon="19.870440">
        <ele>996.575155</ele>
        <time>2026-05-04T13:38:41.316Z</time>
      </trkpt>
      <trkpt lat="42.426080" lon="19.870480">
        <ele>996.479473</ele>
        <time>2026-05-04T13:38:47.428Z</time>
      </trkpt>
      <trkpt lat="42.427701" lon="19.872104">
        <ele>992.778639</ele>
        <time>2026-05-04T13:42:57.326Z</time>
      </trkpt>
      <trkpt lat="42.427961" lon="19.872276">
        <ele>992.263878</ele>
        <time>2026-05-04T13:43:33.562Z</time>
      </trkpt>
      <trkpt lat="42.429615" lon="19.872914">
        <ele>987.728463</ele>
        <time>2026-05-04T13:47:11.216Z</time>
      </trkpt>
      <trkpt lat="42.429878" lon="19.873030">
        <ele>986.986554</ele>
        <time>2026-05-04T13:47:46.679Z</time>
      </trkpt>
      <trkpt lat="42.430077" lon="19.873140">
        <ele>986.433011</ele>
        <time>2026-05-04T13:48:14.420Z</time>
      </trkpt>
      <trkpt lat="42.430195" lon="19.873242">
        <ele>986.072513</ele>
        <time>2026-05-04T13:48:32.444Z</time>
      </trkpt>
      <trkpt lat="42.430268" lon="19.873358">
        <ele>985.782729</ele>
        <time>2026-05-04T13:48:46.944Z</time>
      </trkpt>
      <trkpt lat="42.430505" lon="19.873891">
        <ele>984.599851</ele>
        <time>2026-05-04T13:49:46.152Z</time>
      </trkpt>
      <trkpt lat="42.430689" lon="19.874305">
        <ele>983.681185</ele>
        <time>2026-05-04T13:50:31.268Z</time>
      </trkpt>
      <trkpt lat="42.431067" lon="19.875139">
        <ele>982.501021</ele>
        <time>2026-05-04T13:52:00.752Z</time>
      </trkpt>
      <trkpt lat="42.431576" lon="19.876346">
        <ele>982.471853</ele>
        <time>2026-05-04T13:54:07.166Z</time>
      </trkpt>
      <trkpt lat="42.431754" lon="19.876740">
        <ele>982.462160</ele>
        <time>2026-05-04T13:54:49.354Z</time>
      </trkpt>
      <trkpt lat="42.431924" lon="19.876985">
        <ele>982.321768</ele>
        <time>2026-05-04T13:55:19.179Z</time>
      </trkpt>
      <trkpt lat="42.432121" lon="19.877168">
        <ele>981.934101</ele>
        <time>2026-05-04T13:55:48.159Z</time>
      </trkpt>
      <trkpt lat="42.432913" lon="19.877938">
        <ele>980.351979</ele>
        <time>2026-05-04T13:57:50.000Z</time>
      </trkpt>
      <trkpt lat="42.432953" lon="19.877979">
        <ele>980.270573</ele>
        <time>2026-05-04T13:57:56.334Z</time>
      </trkpt>
      <trkpt lat="42.433508" lon="19.878506">
        <ele>979.148005</ele>
        <time>2026-05-04T13:59:22.332Z</time>
      </trkpt>
      <trkpt lat="42.434074" lon="19.879026">
        <ele>977.969857</ele>
        <time>2026-05-04T14:00:47.215Z</time>
      </trkpt>
      <trkpt lat="42.434206" lon="19.879139">
        <ele>977.700857</ele>
        <time>2026-05-04T14:01:06.307Z</time>
      </trkpt>
      <trkpt lat="42.434506" lon="19.879398">
        <ele>977.088007</ele>
        <time>2026-05-04T14:01:50.112Z</time>
      </trkpt>
      <trkpt lat="42.434959" lon="19.879660">
        <ele>976.177210</ele>
        <time>2026-05-04T14:02:51.024Z</time>
      </trkpt>
      <trkpt lat="42.435097" lon="19.879741">
        <ele>975.837525</ele>
        <time>2026-05-04T14:03:09.819Z</time>
      </trkpt>
      <trkpt lat="42.435354" lon="19.879829">
        <ele>975.238798</ele>
        <time>2026-05-04T14:03:42.952Z</time>
      </trkpt>
      <trkpt lat="42.435854" lon="19.879921">
        <ele>974.099100</ele>
        <time>2026-05-04T14:04:46.415Z</time>
      </trkpt>
      <trkpt lat="42.436071" lon="19.879885">
        <ele>973.605309</ele>
        <time>2026-05-04T14:05:14.170Z</time>
      </trkpt>
      <trkpt lat="42.436282" lon="19.879713">
        <ele>973.049131</ele>
        <time>2026-05-04T14:05:45.616Z</time>
      </trkpt>
      <trkpt lat="42.436862" lon="19.879215">
        <ele>971.586007</ele>
        <time>2026-05-04T14:07:12.451Z</time>
      </trkpt>
      <trkpt lat="42.436985" lon="19.879140">
        <ele>971.311788</ele>
        <time>2026-05-04T14:07:29.343Z</time>
      </trkpt>
      <trkpt lat="42.437083" lon="19.879111">
        <ele>971.107854</ele>
        <time>2026-05-04T14:07:41.963Z</time>
      </trkpt>
      <trkpt lat="42.437296" lon="19.879152">
        <ele>970.670467</ele>
        <time>2026-05-04T14:08:08.848Z</time>
      </trkpt>
      <trkpt lat="42.437381" lon="19.879175">
        <ele>970.494245</ele>
        <time>2026-05-04T14:08:19.590Z</time>
      </trkpt>
      <trkpt lat="42.438208" lon="19.879684">
        <ele>968.654135</ele>
        <time>2026-05-04T14:10:12.658Z</time>
      </trkpt>
      <trkpt lat="42.438608" lon="19.879895">
        <ele>967.860026</ele>
        <time>2026-05-04T14:11:05.843Z</time>
      </trkpt>
      <trkpt lat="42.439110" lon="19.880055">
        <ele>966.905966</ele>
        <time>2026-05-04T14:12:09.996Z</time>
      </trkpt>
      <trkpt lat="42.439264" lon="19.880101">
        <ele>966.614221</ele>
        <time>2026-05-04T14:12:29.668Z</time>
      </trkpt>
      <trkpt lat="42.439384" lon="19.880180">
        <ele>966.367403</ele>
        <time>2026-05-04T14:12:46.269Z</time>
      </trkpt>
      <trkpt lat="42.440121" lon="19.880798">
        <ele>964.502550</ele>
        <time>2026-05-04T14:14:34.898Z</time>
      </trkpt>
      <trkpt lat="42.440388" lon="19.881057">
        <ele>963.642483</ele>
        <time>2026-05-04T14:15:16.091Z</time>
      </trkpt>
      <trkpt lat="42.440557" lon="19.881315">
        <ele>962.975665</ele>
        <time>2026-05-04T14:15:48.311Z</time>
      </trkpt>
      <trkpt lat="42.440895" lon="19.881899">
        <ele>961.541075</ele>
        <time>2026-05-04T14:16:58.192Z</time>
      </trkpt>
      <trkpt lat="42.441619" lon="19.883371">
        <ele>958.336179</ele>
        <time>2026-05-04T14:19:44.945Z</time>
      </trkpt>
      <trkpt lat="42.441717" lon="19.883478">
        <ele>958.034148</ele>
        <time>2026-05-04T14:20:00.701Z</time>
      </trkpt>
      <trkpt lat="42.441874" lon="19.883584">
        <ele>957.613192</ele>
        <time>2026-05-04T14:20:22.712Z</time>
      </trkpt>
      <trkpt lat="42.441941" lon="19.883629">
        <ele>957.433734</ele>
        <time>2026-05-04T14:20:32.053Z</time>
      </trkpt>
      <trkpt lat="42.443590" lon="19.884724">
        <ele>954.550006</ele>
        <time>2026-05-04T14:24:17.985Z</time>
      </trkpt>
      <trkpt lat="42.444010" lon="19.885019">
        <ele>953.869982</ele>
        <time>2026-05-04T14:25:16.637Z</time>
      </trkpt>
      <trkpt lat="42.444546" lon="19.885487">
        <ele>952.426968</ele>
        <time>2026-05-04T14:26:35.883Z</time>
      </trkpt>
      <trkpt lat="42.445299" lon="19.885952">
        <ele>950.554252</ele>
        <time>2026-05-04T14:28:20.418Z</time>
      </trkpt>
      <trkpt lat="42.445582" lon="19.886104">
        <ele>949.859791</ele>
        <time>2026-05-04T14:28:59.152Z</time>
      </trkpt>
      <trkpt lat="42.445656" lon="19.886134">
        <ele>949.673243</ele>
        <time>2026-05-04T14:29:09.019Z</time>
      </trkpt>
      <trkpt lat="42.446084" lon="19.886273">
        <ele>948.610281</ele>
        <time>2026-05-04T14:30:05.162Z</time>
      </trkpt>
      <trkpt lat="42.446720" lon="19.886348">
        <ele>947.068429</ele>
        <time>2026-05-04T14:31:26.377Z</time>
      </trkpt>
      <trkpt lat="42.447276" lon="19.886374">
        <ele>945.724796</ele>
        <time>2026-05-04T14:32:35.824Z</time>
      </trkpt>
      <trkpt lat="42.448324" lon="19.886667">
        <ele>944.080983</ele>
        <time>2026-05-04T14:34:47.288Z</time>
      </trkpt>
      <trkpt lat="42.448442" lon="19.886741">
        <ele>943.886869</ele>
        <time>2026-05-04T14:35:03.186Z</time>
      </trkpt>
      <trkpt lat="42.448579" lon="19.886901">
        <ele>943.616869</ele>
        <time>2026-05-04T14:35:25.249Z</time>
      </trkpt>
      <trkpt lat="42.449628" lon="19.888566">
        <ele>939.550935</ele>
        <time>2026-05-04T14:38:47.905Z</time>
      </trkpt>
      <trkpt lat="42.449776" lon="19.888630">
        <ele>939.095086</ele>
        <time>2026-05-04T14:39:08.278Z</time>
      </trkpt>
      <trkpt lat="42.450210" lon="19.888514">
        <ele>937.797068</ele>
        <time>2026-05-04T14:40:06.164Z</time>
      </trkpt>
      <trkpt lat="42.450323" lon="19.888521">
        <ele>937.462529</ele>
        <time>2026-05-04T14:40:20.994Z</time>
      </trkpt>
      <trkpt lat="42.450735" lon="19.888766">
        <ele>936.122656</ele>
        <time>2026-05-04T14:41:19.855Z</time>
      </trkpt>
      <trkpt lat="42.450860" lon="19.888844">
        <ele>935.712837</ele>
        <time>2026-05-04T14:41:37.810Z</time>
      </trkpt>
      <trkpt lat="42.451735" lon="19.889393">
        <ele>932.841345</ele>
        <time>2026-05-04T14:43:39.548Z</time>
      </trkpt>
      <trkpt lat="42.451817" lon="19.889436">
        <ele>932.579503</ele>
        <time>2026-05-04T14:43:50.373Z</time>
      </trkpt>
      <trkpt lat="42.452070" lon="19.889574">
        <ele>931.991571</ele>
        <time>2026-05-04T14:44:24.026Z</time>
      </trkpt>
      <trkpt lat="42.452300" lon="19.889794">
        <ele>931.516975</ele>
        <time>2026-05-04T14:44:58.882Z</time>
      </trkpt>
      <trkpt lat="42.452346" lon="19.889962">
        <ele>931.294073</ele>
        <time>2026-05-04T14:45:15.303Z</time>
      </trkpt>
      <trkpt lat="42.452344" lon="19.890131">
        <ele>931.083826</ele>
        <time>2026-05-04T14:45:30.721Z</time>
      </trkpt>
      <trkpt lat="42.452168" lon="19.890696">
        <ele>930.320950</ele>
        <time>2026-05-04T14:46:26.957Z</time>
      </trkpt>
      <trkpt lat="42.452177" lon="19.890802">
        <ele>930.188226</ele>
        <time>2026-05-04T14:46:36.843Z</time>
      </trkpt>
      <trkpt lat="42.452961" lon="19.892195">
        <ele>928.301020</ele>
        <time>2026-05-04T14:49:17.614Z</time>
      </trkpt>
      <trkpt lat="42.453326" lon="19.892849">
        <ele>927.520719</ele>
        <time>2026-05-04T14:50:32.412Z</time>
      </trkpt>
      <trkpt lat="42.453558" lon="19.893264">
        <ele>927.025275</ele>
        <time>2026-05-04T14:51:19.601Z</time>
      </trkpt>
      <trkpt lat="42.455171" lon="19.896160">
        <ele>927.396207</ele>
        <time>2026-05-04T14:56:41.636Z</time>
      </trkpt>
      <trkpt lat="42.455223" lon="19.896295">
        <ele>927.482896</ele>
        <time>2026-05-04T14:56:56.133Z</time>
      </trkpt>
      <trkpt lat="42.455080" lon="19.898751">
        <ele>925.844443</ele>
        <time>2026-05-04T15:00:44.515Z</time>
      </trkpt>
      <trkpt lat="42.455158" lon="19.899429">
        <ele>924.593365</ele>
        <time>2026-05-04T15:01:51.047Z</time>
      </trkpt>
      <trkpt lat="42.455265" lon="19.899905">
        <ele>923.599443</ele>
        <time>2026-05-04T15:02:41.189Z</time>
      </trkpt>
      <trkpt lat="42.455406" lon="19.900365">
        <ele>920.148882</ele>
        <time>2026-05-04T15:03:33.794Z</time>
      </trkpt>
      <trkpt lat="42.455537" lon="19.900689">
        <ele>917.589561</ele>
        <time>2026-05-04T15:04:13.414Z</time>
      </trkpt>
      <trkpt lat="42.455788" lon="19.901052">
        <ele>914.143309</ele>
        <time>2026-05-04T15:05:07.551Z</time>
      </trkpt>
      <trkpt lat="42.456111" lon="19.901393">
        <ele>910.299281</ele>
        <time>2026-05-04T15:06:06.803Z</time>
      </trkpt>
      <trkpt lat="42.456559" lon="19.901766">
        <ele>905.811816</ele>
        <time>2026-05-04T15:07:20.569Z</time>
      </trkpt>
      <trkpt lat="42.457161" lon="19.902355">
        <ele>900.974504</ele>
        <time>2026-05-04T15:09:01.781Z</time>
      </trkpt>
      <trkpt lat="42.457298" lon="19.902731">
        <ele>898.958734</ele>
        <time>2026-05-04T15:09:42.921Z</time>
      </trkpt>
      <trkpt lat="42.457463" lon="19.903209">
        <ele>896.422014</ele>
        <time>2026-05-04T15:10:34.219Z</time>
      </trkpt>
      <trkpt lat="42.458108" lon="19.904847">
        <ele>885.878445</ele>
        <time>2026-05-04T15:13:39.781Z</time>
      </trkpt>
      <trkpt lat="42.458700" lon="19.905559">
        <ele>878.750039</ele>
        <time>2026-05-04T15:15:33.510Z</time>
      </trkpt>
      <trkpt lat="42.458898" lon="19.905913">
        <ele>874.383142</ele>
        <time>2026-05-04T15:16:23.262Z</time>
      </trkpt>
      <trkpt lat="42.458930" lon="19.906091">
        <ele>872.582171</ele>
        <time>2026-05-04T15:16:44.030Z</time>
      </trkpt>
      <trkpt lat="42.459021" lon="19.907473">
        <ele>858.942886</ele>
        <time>2026-05-04T15:19:21.032Z</time>
      </trkpt>
      <trkpt lat="42.458867" lon="19.907588">
        <ele>856.671566</ele>
        <time>2026-05-04T15:19:48.286Z</time>
      </trkpt>
      <trkpt lat="42.458697" lon="19.907380">
        <ele>854.270290</ele>
        <time>2026-05-04T15:20:23.266Z</time>
      </trkpt>
      <trkpt lat="42.458614" lon="19.907397">
        <ele>853.390140</ele>
        <time>2026-05-04T15:20:35.929Z</time>
      </trkpt>
      <trkpt lat="42.458452" lon="19.907860">
        <ele>849.426173</ele>
        <time>2026-05-04T15:21:31.828Z</time>
      </trkpt>
      <trkpt lat="42.458462" lon="19.908053">
        <ele>847.929520</ele>
        <time>2026-05-04T15:21:52.486Z</time>
      </trkpt>
      <trkpt lat="42.458139" lon="19.908302">
        <ele>844.033368</ele>
        <time>2026-05-04T15:22:45.135Z</time>
      </trkpt>
      <trkpt lat="42.457826" lon="19.909176">
        <ele>837.235286</ele>
        <time>2026-05-04T15:24:26.060Z</time>
      </trkpt>
      <trkpt lat="42.457799" lon="19.909927">
        <ele>834.096421</ele>
        <time>2026-05-04T15:25:41.081Z</time>
      </trkpt>
      <trkpt lat="42.457723" lon="19.910257">
        <ele>832.653233</ele>
        <time>2026-05-04T15:26:14.933Z</time>
      </trkpt>
      <trkpt lat="42.457804" lon="19.910567">
        <ele>831.280333</ele>
        <time>2026-05-04T15:26:47.051Z</time>
      </trkpt>
      <trkpt lat="42.457899" lon="19.910811">
        <ele>830.128586</ele>
        <time>2026-05-04T15:27:13.701Z</time>
      </trkpt>
      <trkpt lat="42.458149" lon="19.912062">
        <ele>825.330885</ele>
        <time>2026-05-04T15:29:48.590Z</time>
      </trkpt>
      <trkpt lat="42.458154" lon="19.912222">
        <ele>824.791174</ele>
        <time>2026-05-04T15:30:08.220Z</time>
      </trkpt>
      <trkpt lat="42.458171" lon="19.912402">
        <ele>824.179593</ele>
        <time>2026-05-04T15:30:30.310Z</time>
      </trkpt>
      <trkpt lat="42.458362" lon="19.913197">
        <ele>821.361829</ele>
        <time>2026-05-04T15:32:10.419Z</time>
      </trkpt>
      <trkpt lat="42.458438" lon="19.913285">
        <ele>820.905229</ele>
        <time>2026-05-04T15:32:26.933Z</time>
      </trkpt>
      <trkpt lat="42.458606" lon="19.913325">
        <ele>820.126047</ele>
        <time>2026-05-04T15:32:55.030Z</time>
      </trkpt>
      <trkpt lat="42.458645" lon="19.913796">
        <ele>817.864017</ele>
        <time>2026-05-04T15:33:53.673Z</time>
      </trkpt>
      <trkpt lat="42.458584" lon="19.913996">
        <ele>816.714443</ele>
        <time>2026-05-04T15:34:21.163Z</time>
      </trkpt>
      <trkpt lat="42.458588" lon="19.914376">
        <ele>814.695736</ele>
        <time>2026-05-04T15:35:09.828Z</time>
      </trkpt>
      <trkpt lat="42.458607" lon="19.914564">
        <ele>813.687783</ele>
        <time>2026-05-04T15:35:34.444Z</time>
      </trkpt>
      <trkpt lat="42.458661" lon="19.914729">
        <ele>812.728964</ele>
        <time>2026-05-04T15:35:57.463Z</time>
      </trkpt>
      <trkpt lat="42.458697" lon="19.914940">
        <ele>811.578585</ele>
        <time>2026-05-04T15:36:24.545Z</time>
      </trkpt>
      <trkpt lat="42.458754" lon="19.915726">
        <ele>807.383360</ele>
        <time>2026-05-04T15:38:05.255Z</time>
      </trkpt>
      <trkpt lat="42.458743" lon="19.915863">
        <ele>806.615664</ele>
        <time>2026-05-04T15:38:22.947Z</time>
      </trkpt>
      <trkpt lat="42.458651" lon="19.916096">
        <ele>804.594088</ele>
        <time>2026-05-04T15:38:56.753Z</time>
      </trkpt>
      <trkpt lat="42.458564" lon="19.916638">
        <ele>800.350990</ele>
        <time>2026-05-04T15:40:08.684Z</time>
      </trkpt>
      <trkpt lat="42.458471" lon="19.917061">
        <ele>796.974566</ele>
        <time>2026-05-04T15:41:07.507Z</time>
      </trkpt>
      <trkpt lat="42.458390" lon="19.917242">
        <ele>795.355169</ele>
        <time>2026-05-04T15:41:35.943Z</time>
      </trkpt>
      <trkpt lat="42.458367" lon="19.917606">
        <ele>792.560499</ele>
        <time>2026-05-04T15:42:15.347Z</time>
      </trkpt>
      <trkpt lat="42.458426" lon="19.917727">
        <ele>791.450999</ele>
        <time>2026-05-04T15:42:31.091Z</time>
      </trkpt>
      <trkpt lat="42.458550" lon="19.917652">
        <ele>790.043087</ele>
        <time>2026-05-04T15:42:51.199Z</time>
      </trkpt>
      <trkpt lat="42.458630" lon="19.917789">
        <ele>788.706539</ele>
        <time>2026-05-04T15:43:10.398Z</time>
      </trkpt>
      <trkpt lat="42.458755" lon="19.918212">
        <ele>784.310255</ele>
        <time>2026-05-04T15:44:00.906Z</time>
      </trkpt>
      <trkpt lat="42.458788" lon="19.919061">
        <ele>775.737613</ele>
        <time>2026-05-04T15:45:38.129Z</time>
      </trkpt>
      <trkpt lat="42.458903" lon="19.919405">
        <ele>771.929452</ele>
        <time>2026-05-04T15:46:20.493Z</time>
      </trkpt>
      <trkpt lat="42.459105" lon="19.919684">
        <ele>767.987812</ele>
        <time>2026-05-04T15:47:03.871Z</time>
      </trkpt>
      <trkpt lat="42.459237" lon="19.920041">
        <ele>763.961289</ele>
        <time>2026-05-04T15:47:48.310Z</time>
      </trkpt>
      <trkpt lat="42.459247" lon="19.920949">
        <ele>757.090864</ele>
        <time>2026-05-04T15:49:30.030Z</time>
      </trkpt>
      <trkpt lat="42.459396" lon="19.921212">
        <ele>754.626370</ele>
        <time>2026-05-04T15:50:06.307Z</time>
      </trkpt>
      <trkpt lat="42.459462" lon="19.921516">
        <ele>752.271205</ele>
        <time>2026-05-04T15:50:40.181Z</time>
      </trkpt>
      <trkpt lat="42.459438" lon="19.921699">
        <ele>750.889804</ele>
        <time>2026-05-04T15:50:59.476Z</time>
      </trkpt>
      <trkpt lat="42.459491" lon="19.921913">
        <ele>749.212103</ele>
        <time>2026-05-04T15:51:22.640Z</time>
      </trkpt>
      <trkpt lat="42.459508" lon="19.922243">
        <ele>746.753533</ele>
        <time>2026-05-04T15:51:55.588Z</time>
      </trkpt>
      <trkpt lat="42.459415" lon="19.922299">
        <ele>745.728368</ele>
        <time>2026-05-04T15:52:09.080Z</time>
      </trkpt>
      <trkpt lat="42.459307" lon="19.922449">
        <ele>744.806178</ele>
        <time>2026-05-04T15:52:29.327Z</time>
      </trkpt>
      <trkpt lat="42.459124" lon="19.922561">
        <ele>743.845955</ele>
        <time>2026-05-04T15:52:55.503Z</time>
      </trkpt>
      <trkpt lat="42.459100" lon="19.922622">
        <ele>743.602048</ele>
        <time>2026-05-04T15:53:02.099Z</time>
      </trkpt>
      <trkpt lat="42.459131" lon="19.922863">
        <ele>742.738941</ele>
        <time>2026-05-04T15:53:31.550Z</time>
      </trkpt>
      <trkpt lat="42.459125" lon="19.923227">
        <ele>741.454380</ele>
        <time>2026-05-04T15:54:14.535Z</time>
      </trkpt>
      <trkpt lat="42.459150" lon="19.923698">
        <ele>739.788335</ele>
        <time>2026-05-04T15:55:10.444Z</time>
      </trkpt>
      <trkpt lat="42.459249" lon="19.924730">
        <ele>735.846952</ele>
        <time>2026-05-04T15:57:17.796Z</time>
      </trkpt>
      <trkpt lat="42.459300" lon="19.925038">
        <ele>734.279770</ele>
        <time>2026-05-04T15:57:57.871Z</time>
      </trkpt>
      <trkpt lat="42.459153" lon="19.925379">
        <ele>732.318962</ele>
        <time>2026-05-04T15:58:48.369Z</time>
      </trkpt>
      <trkpt lat="42.459155" lon="19.925531">
        <ele>731.564200</ele>
        <time>2026-05-04T15:59:07.688Z</time>
      </trkpt>
      <trkpt lat="42.459055" lon="19.925967">
        <ele>729.297374</ele>
        <time>2026-05-04T16:00:05.393Z</time>
      </trkpt>
      <trkpt lat="42.459118" lon="19.926439">
        <ele>726.915967</ele>
        <time>2026-05-04T16:01:05.483Z</time>
      </trkpt>
      <trkpt lat="42.459104" lon="19.926743">
        <ele>725.403744</ele>
        <time>2026-05-04T16:01:43.487Z</time>
      </trkpt>
      <trkpt lat="42.459128" lon="19.926944">
        <ele>724.356811</ele>
        <time>2026-05-04T16:02:09.030Z</time>
      </trkpt>
      <trkpt lat="42.459133" lon="19.927397">
        <ele>721.820314</ele>
        <time>2026-05-04T16:03:06.524Z</time>
      </trkpt>
      <trkpt lat="42.459238" lon="19.927858">
        <ele>719.119112</ele>
        <time>2026-05-04T16:04:08.181Z</time>
      </trkpt>
      <trkpt lat="42.459252" lon="19.928155">
        <ele>717.452909</ele>
        <time>2026-05-04T16:04:46.556Z</time>
      </trkpt>
      <trkpt lat="42.459235" lon="19.928631">
        <ele>714.784810</ele>
        <time>2026-05-04T16:05:47.989Z</time>
      </trkpt>
      <trkpt lat="42.459204" lon="19.928712">
        <ele>714.273927</ele>
        <time>2026-05-04T16:05:59.796Z</time>
      </trkpt>
      <trkpt lat="42.459123" lon="19.929187">
        <ele>711.544428</ele>
        <time>2026-05-04T16:07:02.300Z</time>
      </trkpt>
      <trkpt lat="42.459178" lon="19.929479">
        <ele>710.190571</ele>
        <time>2026-05-04T16:07:40.710Z</time>
      </trkpt>
      <trkpt lat="42.459213" lon="19.929507">
        <ele>709.970166</ele>
        <time>2026-05-04T16:07:47.669Z</time>
      </trkpt>
      <trkpt lat="42.459225" lon="19.929877">
        <ele>708.488366</ele>
        <time>2026-05-04T16:08:34.373Z</time>
      </trkpt>
      <trkpt lat="42.459222" lon="19.930331">
        <ele>706.671840</ele>
        <time>2026-05-04T16:09:30.769Z</time>
      </trkpt>
      <trkpt lat="42.459161" lon="19.930564">
        <ele>705.682650</ele>
        <time>2026-05-04T16:10:01.176Z</time>
      </trkpt>
      <trkpt lat="42.459139" lon="19.931216">
        <ele>703.071268</ele>
        <time>2026-05-04T16:11:20.278Z</time>
      </trkpt>
      <trkpt lat="42.458898" lon="19.932102">
        <ele>700.125438</ele>
        <time>2026-05-04T16:13:11.922Z</time>
      </trkpt>
      <trkpt lat="42.458753" lon="19.932312">
        <ele>699.458890</ele>
        <time>2026-05-04T16:13:45.610Z</time>
      </trkpt>
      <trkpt lat="42.458511" lon="19.932923">
        <ele>697.851795</ele>
        <time>2026-05-04T16:15:06.909Z</time>
      </trkpt>
      <trkpt lat="42.458289" lon="19.933302">
        <ele>696.730322</ele>
        <time>2026-05-04T16:16:03.813Z</time>
      </trkpt>
      <trkpt lat="42.458115" lon="19.934045">
        <ele>694.942669</ele>
        <time>2026-05-04T16:17:35.631Z</time>
      </trkpt>
      <trkpt lat="42.458241" lon="19.934234">
        <ele>694.368313</ele>
        <time>2026-05-04T16:17:59.742Z</time>
      </trkpt>
      <trkpt lat="42.458246" lon="19.934386">
        <ele>694.025252</ele>
        <time>2026-05-04T16:18:14.257Z</time>
      </trkpt>
      <trkpt lat="42.458225" lon="19.934697">
        <ele>693.321097</ele>
        <time>2026-05-04T16:18:44.087Z</time>
      </trkpt>
      <trkpt lat="42.458212" lon="19.934892">
        <ele>692.879631</ele>
        <time>2026-05-04T16:19:02.880Z</time>
      </trkpt>
      <trkpt lat="42.458128" lon="19.935055">
        <ele>692.431326</ele>
        <time>2026-05-04T16:19:22.038Z</time>
      </trkpt>
      <trkpt lat="42.458100" lon="19.935208">
        <ele>692.075895</ele>
        <time>2026-05-04T16:19:40.856Z</time>
      </trkpt>
      <trkpt lat="42.458093" lon="19.935447">
        <ele>691.536586</ele>
        <time>2026-05-04T16:20:09.013Z</time>
      </trkpt>
      <trkpt lat="42.458037" lon="19.935645">
        <ele>691.058466</ele>
        <time>2026-05-04T16:20:33.607Z</time>
      </trkpt>
      <trkpt lat="42.457900" lon="19.936033">
        <ele>690.112708</ele>
        <time>2026-05-04T16:21:23.047Z</time>
      </trkpt>
      <trkpt lat="42.457756" lon="19.936339">
        <ele>689.845964</ele>
        <time>2026-05-04T16:22:04.589Z</time>
      </trkpt>
      <trkpt lat="42.457782" lon="19.936395">
        <ele>689.797336</ele>
        <time>2026-05-04T16:22:10.628Z</time>
      </trkpt>
      <trkpt lat="42.457886" lon="19.936396">
        <ele>689.693733</ele>
        <time>2026-05-04T16:22:23.616Z</time>
      </trkpt>
      <trkpt lat="42.457952" lon="19.936435">
        <ele>689.622011</ele>
        <time>2026-05-04T16:22:32.552Z</time>
      </trkpt>
      <trkpt lat="42.458028" lon="19.936545">
        <ele>689.511253</ele>
        <time>2026-05-04T16:22:46.373Z</time>
      </trkpt>
      <trkpt lat="42.458140" lon="19.936672">
        <ele>689.365790</ele>
        <time>2026-05-04T16:23:04.646Z</time>
      </trkpt>
      <trkpt lat="42.457918" lon="19.937038">
        <ele>689.017567</ele>
        <time>2026-05-04T16:23:48.078Z</time>
      </trkpt>
      <trkpt lat="42.457726" lon="19.937379">
        <ele>688.702308</ele>
        <time>2026-05-04T16:24:26.789Z</time>
      </trkpt>
      <trkpt lat="42.457447" lon="19.938163">
        <ele>690.307200</ele>
        <time>2026-05-04T16:25:44.051Z</time>
      </trkpt>
      <trkpt lat="42.457390" lon="19.938379">
        <ele>691.539923</ele>
        <time>2026-05-04T16:26:05.971Z</time>
      </trkpt>
      <trkpt lat="42.457373" lon="19.938786">
        <ele>693.730504</ele>
        <time>2026-05-04T16:26:48.199Z</time>
      </trkpt>
      <trkpt lat="42.457441" lon="19.939182">
        <ele>695.915350</ele>
        <time>2026-05-04T16:27:32.693Z</time>
      </trkpt>
      <trkpt lat="42.457531" lon="19.939504">
        <ele>697.765674</ele>
        <time>2026-05-04T16:28:12.584Z</time>
      </trkpt>
      <trkpt lat="42.457664" lon="19.939487">
        <ele>698.738684</ele>
        <time>2026-05-04T16:28:34.420Z</time>
      </trkpt>
      <trkpt lat="42.457744" lon="19.939433">
        <ele>699.389625</ele>
        <time>2026-05-04T16:28:49.921Z</time>
      </trkpt>
      <trkpt lat="42.457778" lon="19.939477">
        <ele>699.732013</ele>
        <time>2026-05-04T16:28:57.942Z</time>
      </trkpt>
      <trkpt lat="42.457788" lon="19.939557">
        <ele>700.168029</ele>
        <time>2026-05-04T16:29:08.619Z</time>
      </trkpt>
      <trkpt lat="42.457930" lon="19.939747">
        <ele>701.935013</ele>
        <time>2026-05-04T16:29:45.623Z</time>
      </trkpt>
      <trkpt lat="42.457983" lon="19.940048">
        <ele>706.369659</ele>
        <time>2026-05-04T16:30:31.352Z</time>
      </trkpt>
      <trkpt lat="42.457957" lon="19.940175">
        <ele>708.258409</ele>
        <time>2026-05-04T16:30:52.297Z</time>
      </trkpt>
      <trkpt lat="42.458079" lon="19.940520">
        <ele>713.741032</ele>
        <time>2026-05-04T16:31:56.120Z</time>
      </trkpt>
      <trkpt lat="42.458422" lon="19.940726">
        <ele>721.028221</ele>
        <time>2026-05-04T16:33:23.117Z</time>
      </trkpt>
      <trkpt lat="42.458524" lon="19.940761">
        <ele>723.071978</ele>
        <time>2026-05-04T16:33:47.673Z</time>
      </trkpt>
      <trkpt lat="42.458779" lon="19.941221">
        <ele>731.317450</ele>
        <time>2026-05-04T16:35:33.090Z</time>
      </trkpt>
      <trkpt lat="42.458815" lon="19.941285">
        <ele>732.470761</ele>
        <time>2026-05-04T16:35:48.510Z</time>
      </trkpt>
      <trkpt lat="42.458885" lon="19.941511">
        <ele>735.983261</ele>
        <time>2026-05-04T16:36:36.466Z</time>
      </trkpt>
      <trkpt lat="42.458931" lon="19.941565">
        <ele>737.412515</ele>
        <time>2026-05-04T16:36:53.070Z</time>
      </trkpt>
      <trkpt lat="42.459082" lon="19.941617">
        <ele>741.379651</ele>
        <time>2026-05-04T16:37:36.322Z</time>
      </trkpt>
      <trkpt lat="42.459121" lon="19.941553">
        <ele>742.939048</ele>
        <time>2026-05-04T16:37:53.787Z</time>
      </trkpt>
      <trkpt lat="42.459167" lon="19.941552">
        <ele>744.110518</ele>
        <time>2026-05-04T16:38:06.717Z</time>
      </trkpt>
      <trkpt lat="42.459306" lon="19.941617">
        <ele>747.854653</ele>
        <time>2026-05-04T16:38:49.449Z</time>
      </trkpt>
      <trkpt lat="42.459434" lon="19.941596">
        <ele>751.137764</ele>
        <time>2026-05-04T16:39:27.473Z</time>
      </trkpt>
      <trkpt lat="42.459852" lon="19.941620">
        <ele>761.791037</ele>
        <time>2026-05-04T16:41:31.173Z</time>
      </trkpt>
      <trkpt lat="42.460287" lon="19.941683">
        <ele>772.930691</ele>
        <time>2026-05-04T16:43:40.102Z</time>
      </trkpt>
      <trkpt lat="42.460411" lon="19.941783">
        <ele>776.604732</ele>
        <time>2026-05-04T16:44:21.420Z</time>
      </trkpt>
      <trkpt lat="42.460479" lon="19.941888">
        <ele>779.229388</ele>
        <time>2026-05-04T16:44:50.191Z</time>
      </trkpt>
      <trkpt lat="42.460921" lon="19.942118">
        <ele>787.729936</ele>
        <time>2026-05-04T16:46:52.052Z</time>
      </trkpt>
      <trkpt lat="42.461059" lon="19.942260">
        <ele>790.421011</ele>
        <time>2026-05-04T16:47:30.955Z</time>
      </trkpt>
      <trkpt lat="42.461241" lon="19.942608">
        <ele>795.308965</ele>
        <time>2026-05-04T16:48:33.833Z</time>
      </trkpt>
      <trkpt lat="42.461463" lon="19.942803">
        <ele>799.417777</ele>
        <time>2026-05-04T16:49:20.068Z</time>
      </trkpt>
      <trkpt lat="42.461487" lon="19.943358">
        <ele>805.788200</ele>
        <time>2026-05-04T16:50:26.807Z</time>
      </trkpt>
      <trkpt lat="42.461540" lon="19.943444">
        <ele>807.072237</ele>
        <time>2026-05-04T16:50:40.247Z</time>
      </trkpt>
      <trkpt lat="42.461747" lon="19.943500">
        <ele>810.386380</ele>
        <time>2026-05-04T16:51:14.138Z</time>
      </trkpt>
      <trkpt lat="42.462028" lon="19.943752">
        <ele>816.382250</ele>
        <time>2026-05-04T16:52:09.143Z</time>
      </trkpt>
      <trkpt lat="42.462281" lon="19.943924">
        <ele>821.419039</ele>
        <time>2026-05-04T16:52:59.709Z</time>
      </trkpt>
      <trkpt lat="42.462619" lon="19.944047">
        <ele>827.646911</ele>
        <time>2026-05-04T16:54:11.798Z</time>
      </trkpt>
      <trkpt lat="42.462661" lon="19.944062">
        <ele>828.419831</ele>
        <time>2026-05-04T16:54:21.604Z</time>
      </trkpt>
      <trkpt lat="42.462828" lon="19.944357">
        <ele>833.301464</ele>
        <time>2026-05-04T16:55:26.198Z</time>
      </trkpt>
      <trkpt lat="42.463029" lon="19.944491">
        <ele>837.287549</ele>
        <time>2026-05-04T16:56:24.778Z</time>
      </trkpt>
      <trkpt lat="42.463168" lon="19.944766">
        <ele>841.663864</ele>
        <time>2026-05-04T16:57:32.759Z</time>
      </trkpt>
      <trkpt lat="42.463700" lon="19.944895">
        <ele>856.170817</ele>
        <time>2026-05-04T17:00:12.279Z</time>
      </trkpt>
      <trkpt lat="42.463730" lon="19.944970">
        <ele>857.888226</ele>
        <time>2026-05-04T17:00:32.213Z</time>
      </trkpt>
      <trkpt lat="42.463744" lon="19.945006">
        <ele>858.707436</ele>
        <time>2026-05-04T17:00:41.768Z</time>
      </trkpt>
      <trkpt lat="42.463731" lon="19.945264">
        <ele>863.913084</ele>
        <time>2026-05-04T17:01:42.537Z</time>
      </trkpt>
      <trkpt lat="42.463815" lon="19.945369">
        <ele>867.031004</ele>
        <time>2026-05-04T17:02:19.603Z</time>
      </trkpt>
      <trkpt lat="42.464034" lon="19.944966">
        <ele>877.106840</ele>
        <time>2026-05-04T17:04:15.207Z</time>
      </trkpt>
      <trkpt lat="42.464130" lon="19.945054">
        <ele>880.269151</ele>
        <time>2026-05-04T17:04:50.738Z</time>
      </trkpt>
      <trkpt lat="42.464330" lon="19.944870">
        <ele>886.864823</ele>
        <time>2026-05-04T17:06:01.715Z</time>
      </trkpt>
      <trkpt lat="42.464381" lon="19.944782">
        <ele>889.117522</ele>
        <time>2026-05-04T17:06:25.042Z</time>
      </trkpt>
      <trkpt lat="42.464459" lon="19.944756">
        <ele>891.262211</ele>
        <time>2026-05-04T17:06:47.194Z</time>
      </trkpt>
      <trkpt lat="42.464624" lon="19.944623">
        <ele>894.346031</ele>
        <time>2026-05-04T17:07:37.833Z</time>
      </trkpt>
      <trkpt lat="42.464709" lon="19.945216">
        <ele>901.504847</ele>
        <time>2026-05-04T17:09:23.266Z</time>
      </trkpt>
      <trkpt lat="42.464708" lon="19.945388">
        <ele>903.543207</ele>
        <time>2026-05-04T17:09:50.753Z</time>
      </trkpt>
      <trkpt lat="42.464650" lon="19.945581">
        <ele>906.012866</ele>
        <time>2026-05-04T17:10:22.681Z</time>
      </trkpt>
      <trkpt lat="42.464554" lon="19.945615">
        <ele>907.606809</ele>
        <time>2026-05-04T17:10:41.971Z</time>
      </trkpt>
      <trkpt lat="42.464498" lon="19.945908">
        <ele>911.193677</ele>
        <time>2026-05-04T17:11:22.754Z</time>
      </trkpt>
      <trkpt lat="42.464694" lon="19.946528">
        <ele>919.187264</ele>
        <time>2026-05-04T17:12:42.495Z</time>
      </trkpt>
      <trkpt lat="42.464640" lon="19.946816">
        <ele>921.300298</ele>
        <time>2026-05-04T17:13:16.328Z</time>
      </trkpt>
      <trkpt lat="42.464672" lon="19.947064">
        <ele>922.679957</ele>
        <time>2026-05-04T17:13:44.751Z</time>
      </trkpt>
      <trkpt lat="42.464659" lon="19.947249">
        <ele>923.698335</ele>
        <time>2026-05-04T17:14:05.542Z</time>
      </trkpt>
      <trkpt lat="42.464759" lon="19.947676">
        <ele>926.153352</ele>
        <time>2026-05-04T17:14:55.402Z</time>
      </trkpt>
      <trkpt lat="42.464905" lon="19.948040">
        <ele>928.423828</ele>
        <time>2026-05-04T17:15:41.456Z</time>
      </trkpt>
      <trkpt lat="42.464944" lon="19.948058">
        <ele>928.729871</ele>
        <time>2026-05-04T17:15:47.481Z</time>
      </trkpt>
      <trkpt lat="42.465008" lon="19.948305">
        <ele>930.164476</ele>
        <time>2026-05-04T17:16:15.751Z</time>
      </trkpt>
      <trkpt lat="42.465055" lon="19.948341">
        <ele>930.565494</ele>
        <time>2026-05-04T17:16:23.552Z</time>
      </trkpt>
      <trkpt lat="42.465111" lon="19.948534">
        <ele>931.701987</ele>
        <time>2026-05-04T17:16:45.463Z</time>
      </trkpt>
      <trkpt lat="42.465156" lon="19.948574">
        <ele>932.101725</ele>
        <time>2026-05-04T17:16:53.127Z</time>
      </trkpt>
      <trkpt lat="42.465278" lon="19.948880">
        <ele>933.937605</ele>
        <time>2026-05-04T17:17:30.325Z</time>
      </trkpt>
      <trkpt lat="42.465346" lon="19.949000">
        <ele>934.662463</ele>
        <time>2026-05-04T17:17:46.652Z</time>
      </trkpt>
      <trkpt lat="42.465380" lon="19.949060">
        <ele>935.024891</ele>
        <time>2026-05-04T17:17:54.787Z</time>
      </trkpt>
      <trkpt lat="42.465468" lon="19.949133">
        <ele>935.694839</ele>
        <time>2026-05-04T17:18:09.978Z</time>
      </trkpt>
      <trkpt lat="42.465546" lon="19.949267">
        <ele>936.512506</ele>
        <time>2026-05-04T17:18:28.404Z</time>
      </trkpt>
      <trkpt lat="42.465726" lon="19.949349">
        <ele>937.745602</ele>
        <time>2026-05-04T17:18:56.252Z</time>
      </trkpt>
      <trkpt lat="42.465922" lon="19.949684">
        <ele>939.793793</ele>
        <time>2026-05-04T17:19:43.157Z</time>
      </trkpt>
      <trkpt lat="42.466043" lon="19.949975">
        <ele>941.393949</ele>
        <time>2026-05-04T17:20:19.700Z</time>
      </trkpt>
      <trkpt lat="42.466201" lon="19.950104">
        <ele>942.591665</ele>
        <time>2026-05-04T17:20:46.692Z</time>
      </trkpt>
      <trkpt lat="42.466327" lon="19.950250">
        <ele>943.668036</ele>
        <time>2026-05-04T17:21:10.950Z</time>
      </trkpt>
      <trkpt lat="42.466474" lon="19.950667">
        <ele>945.760163</ele>
        <time>2026-05-04T17:22:01.368Z</time>
      </trkpt>
      <trkpt lat="42.466501" lon="19.950854">
        <ele>946.525181</ele>
        <time>2026-05-04T17:22:22.122Z</time>
      </trkpt>
      <trkpt lat="42.466470" lon="19.950973">
        <ele>947.031860</ele>
        <time>2026-05-04T17:22:35.791Z</time>
      </trkpt>
      <trkpt lat="42.466493" lon="19.951061">
        <ele>947.406685</ele>
        <time>2026-05-04T17:22:45.738Z</time>
      </trkpt>
      <trkpt lat="42.466682" lon="19.951281">
        <ele>948.762507</ele>
        <time>2026-05-04T17:23:21.350Z</time>
      </trkpt>
      <trkpt lat="42.466720" lon="19.951529">
        <ele>949.779431</ele>
        <time>2026-05-04T17:23:47.948Z</time>
      </trkpt>
      <trkpt lat="42.466880" lon="19.951978">
        <ele>951.781390</ele>
        <time>2026-05-04T17:24:39.425Z</time>
      </trkpt>
      <trkpt lat="42.466960" lon="19.952010">
        <ele>952.235353</ele>
        <time>2026-05-04T17:24:51.100Z</time>
      </trkpt>
      <trkpt lat="42.467096" lon="19.952156">
        <ele>953.179524</ele>
        <time>2026-05-04T17:25:14.947Z</time>
      </trkpt>
      <trkpt lat="42.467145" lon="19.952379">
        <ele>954.113695</ele>
        <time>2026-05-04T17:25:38.526Z</time>
      </trkpt>
      <trkpt lat="42.467245" lon="19.952422">
        <ele>954.684674</ele>
        <time>2026-05-04T17:25:53.093Z</time>
      </trkpt>
      <trkpt lat="42.467347" lon="19.952636">
        <ele>956.296338</ele>
        <time>2026-05-04T17:26:19.274Z</time>
      </trkpt>
      <trkpt lat="42.467372" lon="19.952894">
        <ele>958.120974</ele>
        <time>2026-05-04T17:26:46.374Z</time>
      </trkpt>
      <trkpt lat="42.467752" lon="19.953804">
        <ele>965.453338</ele>
        <time>2026-05-04T17:28:43.248Z</time>
      </trkpt>
      <trkpt lat="42.467904" lon="19.953966">
        <ele>967.291268</ele>
        <time>2026-05-04T17:29:15.610Z</time>
      </trkpt>
      <trkpt lat="42.467993" lon="19.954233">
        <ele>969.345728</ele>
        <time>2026-05-04T17:29:54.645Z</time>
      </trkpt>
      <trkpt lat="42.468106" lon="19.954481">
        <ele>971.389683</ele>
        <time>2026-05-04T17:30:36.103Z</time>
      </trkpt>
      <trkpt lat="42.468233" lon="19.954653">
        <ele>973.839550</ele>
        <time>2026-05-04T17:31:12.216Z</time>
      </trkpt>
      <trkpt lat="42.468411" lon="19.954627">
        <ele>976.713009</ele>
        <time>2026-05-04T17:31:49.622Z</time>
      </trkpt>
      <trkpt lat="42.468506" lon="19.954877">
        <ele>980.042509</ele>
        <time>2026-05-04T17:32:34.455Z</time>
      </trkpt>
      <trkpt lat="42.468689" lon="19.955099">
        <ele>983.983972</ele>
        <time>2026-05-04T17:33:28.303Z</time>
      </trkpt>
      <trkpt lat="42.468797" lon="19.955340">
        <ele>987.322520</ele>
        <time>2026-05-04T17:34:12.980Z</time>
      </trkpt>
      <trkpt lat="42.468961" lon="19.955597">
        <ele>991.345777</ele>
        <time>2026-05-04T17:35:05.932Z</time>
      </trkpt>
      <trkpt lat="42.469069" lon="19.955950">
        <ele>995.870260</ele>
        <time>2026-05-04T17:36:03.908Z</time>
      </trkpt>
      <trkpt lat="42.469271" lon="19.957013">
        <ele>1008.569052</ele>
        <time>2026-05-04T17:38:45.831Z</time>
      </trkpt>
      <trkpt lat="42.469424" lon="19.957374">
        <ele>1013.314693</ele>
        <time>2026-05-04T17:39:48.897Z</time>
      </trkpt>
      <trkpt lat="42.469671" lon="19.957741">
        <ele>1018.977428</ele>
        <time>2026-05-04T17:41:04.836Z</time>
      </trkpt>
      <trkpt lat="42.469808" lon="19.957835">
        <ele>1021.350108</ele>
        <time>2026-05-04T17:41:36.708Z</time>
      </trkpt>
      <trkpt lat="42.469887" lon="19.957984">
        <ele>1023.441654</ele>
        <time>2026-05-04T17:42:05.016Z</time>
      </trkpt>
      <trkpt lat="42.469995" lon="19.958074">
        <ele>1025.400597</ele>
        <time>2026-05-04T17:42:31.344Z</time>
      </trkpt>
      <trkpt lat="42.470089" lon="19.958092">
        <ele>1026.867546</ele>
        <time>2026-05-04T17:42:50.563Z</time>
      </trkpt>
      <trkpt lat="42.470189" lon="19.958360">
        <ele>1029.766551</ele>
        <time>2026-05-04T17:43:33.875Z</time>
      </trkpt>
      <trkpt lat="42.470418" lon="19.958496">
        <ele>1032.373766</ele>
        <time>2026-05-04T17:44:19.164Z</time>
      </trkpt>
      <trkpt lat="42.470571" lon="19.958757">
        <ele>1034.938260</ele>
        <time>2026-05-04T17:45:00.504Z</time>
      </trkpt>
      <trkpt lat="42.470663" lon="19.958832">
        <ele>1036.057781</ele>
        <time>2026-05-04T17:45:17.806Z</time>
      </trkpt>
      <trkpt lat="42.470851" lon="19.958807">
        <ele>1038.027743</ele>
        <time>2026-05-04T17:45:47.623Z</time>
      </trkpt>
      <trkpt lat="42.471126" lon="19.958959">
        <ele>1041.124764</ele>
        <time>2026-05-04T17:46:32.737Z</time>
      </trkpt>
      <trkpt lat="42.471261" lon="19.959128">
        <ele>1043.041007</ele>
        <time>2026-05-04T17:46:59.810Z</time>
      </trkpt>
      <trkpt lat="42.471535" lon="19.959233">
        <ele>1046.010367</ele>
        <time>2026-05-04T17:47:42.529Z</time>
      </trkpt>
      <trkpt lat="42.471728" lon="19.959473">
        <ele>1049.402721</ele>
        <time>2026-05-04T17:48:22.986Z</time>
      </trkpt>
      <trkpt lat="42.472043" lon="19.959791">
        <ele>1055.571718</ele>
        <time>2026-05-04T17:49:27.413Z</time>
      </trkpt>
      <trkpt lat="42.472247" lon="19.960051">
        <ele>1059.969712</ele>
        <time>2026-05-04T17:50:22.242Z</time>
      </trkpt>
      <trkpt lat="42.472437" lon="19.960399">
        <ele>1064.986035</ele>
        <time>2026-05-04T17:51:33.785Z</time>
      </trkpt>
      <trkpt lat="42.473292" lon="19.961642">
        <ele>1082.071301</ele>
        <time>2026-05-04T17:56:35.075Z</time>
      </trkpt>
      <trkpt lat="42.473403" lon="19.961772">
        <ele>1083.707312</ele>
        <time>2026-05-04T17:57:03.161Z</time>
      </trkpt>
      <trkpt lat="42.473531" lon="19.961843">
        <ele>1085.249829</ele>
        <time>2026-05-04T17:57:27.705Z</time>
      </trkpt>
      <trkpt lat="42.474001" lon="19.962291">
        <ele>1091.657917</ele>
        <time>2026-05-04T17:58:55.769Z</time>
      </trkpt>
      <trkpt lat="42.473994" lon="19.962799">
        <ele>1095.743464</ele>
        <time>2026-05-04T17:59:44.673Z</time>
      </trkpt>
      <trkpt lat="42.474477" lon="19.963306">
        <ele>1095.315001</ele>
        <time>2026-05-04T18:00:58.794Z</time>
      </trkpt>
      <trkpt lat="42.474453" lon="19.963446">
        <ele>1095.240641</ele>
        <time>2026-05-04T18:01:12.092Z</time>
      </trkpt>
      <trkpt lat="42.474536" lon="19.963539">
        <ele>1095.165114</ele>
        <time>2026-05-04T18:01:25.641Z</time>
      </trkpt>
      <trkpt lat="42.475238" lon="19.963826">
        <ele>1094.650812</ele>
        <time>2026-05-04T18:02:57.828Z</time>
      </trkpt>
      <trkpt lat="42.475423" lon="19.963703">
        <ele>1094.506286</ele>
        <time>2026-05-04T18:03:23.343Z</time>
      </trkpt>
      <trkpt lat="42.476013" lon="19.963408">
        <ele>1094.907944</ele>
        <time>2026-05-04T18:04:39.541Z</time>
      </trkpt>
      <trkpt lat="42.476199" lon="19.963365">
        <ele>1095.039755</ele>
        <time>2026-05-04T18:05:02.742Z</time>
      </trkpt>
      <trkpt lat="42.476378" lon="19.963376">
        <ele>1095.164929</ele>
        <time>2026-05-04T18:05:24.898Z</time>
      </trkpt>
      <trkpt lat="42.476511" lon="19.963288">
        <ele>1095.268313</ele>
        <time>2026-05-04T18:05:43.638Z</time>
      </trkpt>
      <trkpt lat="42.476898" lon="19.963164">
        <ele>1095.546110</ele>
        <time>2026-05-04T18:06:34.949Z</time>
      </trkpt>
      <trkpt lat="42.476962" lon="19.963058">
        <ele>1095.616691</ele>
        <time>2026-05-04T18:06:48.062Z</time>
      </trkpt>
      <trkpt lat="42.476930" lon="19.962933">
        <ele>1095.684865</ele>
        <time>2026-05-04T18:07:00.664Z</time>
      </trkpt>
      <trkpt lat="42.476936" lon="19.962842">
        <ele>1095.731939</ele>
        <time>2026-05-04T18:07:09.447Z</time>
      </trkpt>
      <trkpt lat="42.476971" lon="19.962805">
        <ele>1095.786520</ele>
        <time>2026-05-04T18:07:15.294Z</time>
      </trkpt>
      <trkpt lat="42.477264" lon="19.962641">
        <ele>1096.282478</ele>
        <time>2026-05-04T18:07:55.869Z</time>
      </trkpt>
      <trkpt lat="42.477517" lon="19.962424">
        <ele>1096.750879</ele>
        <time>2026-05-04T18:08:33.381Z</time>
      </trkpt>
      <trkpt lat="42.477802" lon="19.962412">
        <ele>1097.197007</ele>
        <time>2026-05-04T18:09:08.374Z</time>
      </trkpt>
      <trkpt lat="42.477972" lon="19.962376">
        <ele>1097.466215</ele>
        <time>2026-05-04T18:09:29.263Z</time>
      </trkpt>
      <trkpt lat="42.478044" lon="19.962323">
        <ele>1097.594398</ele>
        <time>2026-05-04T18:09:39.235Z</time>
      </trkpt>
      <trkpt lat="42.478119" lon="19.962210">
        <ele>1097.769822</ele>
        <time>2026-05-04T18:09:52.976Z</time>
      </trkpt>
      <trkpt lat="42.478361" lon="19.962080">
        <ele>1098.177091</ele>
        <time>2026-05-04T18:10:25.371Z</time>
      </trkpt>
      <trkpt lat="42.478650" lon="19.962037">
        <ele>1098.785446</ele>
        <time>2026-05-04T18:11:02.761Z</time>
      </trkpt>
      <trkpt lat="42.479019" lon="19.962099">
        <ele>1100.575631</ele>
        <time>2026-05-04T18:11:52.970Z</time>
      </trkpt>
      <trkpt lat="42.479465" lon="19.962108">
        <ele>1102.723190</ele>
        <time>2026-05-04T18:12:56.394Z</time>
      </trkpt>
      <trkpt lat="42.479721" lon="19.961920">
        <ele>1104.124904</ele>
        <time>2026-05-04T18:13:38.624Z</time>
      </trkpt>
      <trkpt lat="42.479862" lon="19.961890">
        <ele>1104.812073</ele>
        <time>2026-05-04T18:13:59.536Z</time>
      </trkpt>
      <trkpt lat="42.480371" lon="19.962091">
        <ele>1107.324725</ele>
        <time>2026-05-04T18:15:16.454Z</time>
      </trkpt>
      <trkpt lat="42.480848" lon="19.962072">
        <ele>1108.998641</ele>
        <time>2026-05-04T18:16:23.826Z</time>
      </trkpt>
      <trkpt lat="42.481077" lon="19.961954">
        <ele>1109.857963</ele>
        <time>2026-05-04T18:16:57.378Z</time>
      </trkpt>
      <trkpt lat="42.481272" lon="19.961788">
        <ele>1110.665604</ele>
        <time>2026-05-04T18:17:28.264Z</time>
      </trkpt>
      <trkpt lat="42.481393" lon="19.961616">
        <ele>1111.280529</ele>
        <time>2026-05-04T18:17:51.386Z</time>
      </trkpt>
      <trkpt lat="42.481660" lon="19.960971">
        <ele>1113.193986</ele>
        <time>2026-05-04T18:19:01.593Z</time>
      </trkpt>
      <trkpt lat="42.481773" lon="19.960884">
        <ele>1113.643796</ele>
        <time>2026-05-04T18:19:18.147Z</time>
      </trkpt>
      <trkpt lat="42.482103" lon="19.960701">
        <ele>1114.833233</ele>
        <time>2026-05-04T18:20:03.490Z</time>
      </trkpt>
      <trkpt lat="42.482283" lon="19.960632">
        <ele>1115.457273</ele>
        <time>2026-05-04T18:20:27.352Z</time>
      </trkpt>
      <trkpt lat="42.482654" lon="19.960522">
        <ele>1116.724223</ele>
        <time>2026-05-04T18:21:15.913Z</time>
      </trkpt>
      <trkpt lat="42.483051" lon="19.960494">
        <ele>1118.050460</ele>
        <time>2026-05-04T18:22:08.831Z</time>
      </trkpt>
      <trkpt lat="42.483346" lon="19.960385">
        <ele>1119.070504</ele>
        <time>2026-05-04T18:22:51.315Z</time>
      </trkpt>
      <trkpt lat="42.483577" lon="19.960366">
        <ele>1120.277883</ele>
        <time>2026-05-04T18:23:24.999Z</time>
      </trkpt>
      <trkpt lat="42.483988" lon="19.960177">
        <ele>1123.726702</ele>
        <time>2026-05-04T18:24:32.122Z</time>
      </trkpt>
      <trkpt lat="42.484081" lon="19.960096">
        <ele>1124.605070</ele>
        <time>2026-05-04T18:24:49.488Z</time>
      </trkpt>
      <trkpt lat="42.484148" lon="19.959958">
        <ele>1125.573340</ele>
        <time>2026-05-04T18:25:08.718Z</time>
      </trkpt>
      <trkpt lat="42.484172" lon="19.959781">
        <ele>1126.628027</ele>
        <time>2026-05-04T18:25:29.683Z</time>
      </trkpt>
      <trkpt lat="42.484214" lon="19.959669">
        <ele>1127.364382</ele>
        <time>2026-05-04T18:25:44.421Z</time>
      </trkpt>
      <trkpt lat="42.484376" lon="19.959542">
        <ele>1128.851419</ele>
        <time>2026-05-04T18:26:14.342Z</time>
      </trkpt>
      <trkpt lat="42.484607" lon="19.959495">
        <ele>1130.707668</ele>
        <time>2026-05-04T18:26:51.797Z</time>
      </trkpt>
      <trkpt lat="42.485588" lon="19.959466">
        <ele>1136.460640</ele>
        <time>2026-05-04T18:29:16.889Z</time>
      </trkpt>
      <trkpt lat="42.486134" lon="19.959594">
        <ele>1138.941953</ele>
        <time>2026-05-04T18:30:32.796Z</time>
      </trkpt>
      <trkpt lat="42.486298" lon="19.959664">
        <ele>1139.711883</ele>
        <time>2026-05-04T18:30:56.147Z</time>
      </trkpt>
      <trkpt lat="42.486414" lon="19.959664">
        <ele>1140.231342</ele>
        <time>2026-05-04T18:31:11.904Z</time>
      </trkpt>
      <trkpt lat="42.486532" lon="19.959608">
        <ele>1140.791184</ele>
        <time>2026-05-04T18:31:28.471Z</time>
      </trkpt>
      <trkpt lat="42.486715" lon="19.959415">
        <ele>1141.829345</ele>
        <time>2026-05-04T18:31:58.397Z</time>
      </trkpt>
      <trkpt lat="42.486882" lon="19.959398">
        <ele>1142.000540</ele>
        <time>2026-05-04T18:32:19.436Z</time>
      </trkpt>
      <trkpt lat="42.487440" lon="19.959457">
        <ele>1142.445935</ele>
        <time>2026-05-04T18:33:29.111Z</time>
      </trkpt>
      <trkpt lat="42.487886" lon="19.959466">
        <ele>1142.800894</ele>
        <time>2026-05-04T18:34:22.928Z</time>
      </trkpt>
      <trkpt lat="42.488127" lon="19.959564">
        <ele>1143.001115</ele>
        <time>2026-05-04T18:34:53.237Z</time>
      </trkpt>
      <trkpt lat="42.488324" lon="19.959596">
        <ele>1143.159005</ele>
        <time>2026-05-04T18:35:17.336Z</time>
      </trkpt>
      <trkpt lat="42.488723" lon="19.959589">
        <ele>1143.124682</ele>
        <time>2026-05-04T18:36:05.497Z</time>
      </trkpt>
      <trkpt lat="42.489003" lon="19.959436">
        <ele>1142.866956</ele>
        <time>2026-05-04T18:36:43.507Z</time>
      </trkpt>
      <trkpt lat="42.489386" lon="19.959461">
        <ele>1142.539593</ele>
        <time>2026-05-04T18:37:32.700Z</time>
      </trkpt>
      <trkpt lat="42.489976" lon="19.959283">
        <ele>1142.023568</ele>
        <time>2026-05-04T18:38:45.888Z</time>
      </trkpt>
      <trkpt lat="42.490227" lon="19.959263">
        <ele>1141.808908</ele>
        <time>2026-05-04T18:39:18.590Z</time>
      </trkpt>
      <trkpt lat="42.491147" lon="19.959376">
        <ele>1137.797418</ele>
        <time>2026-05-04T18:41:25.212Z</time>
      </trkpt>
      <trkpt lat="42.491189" lon="19.959551">
        <ele>1137.184350</ele>
        <time>2026-05-04T18:41:43.789Z</time>
      </trkpt>
      <trkpt lat="42.491200" lon="19.959639">
        <ele>1136.887019</ele>
        <time>2026-05-04T18:41:52.721Z</time>
      </trkpt>
      <trkpt lat="42.491110" lon="19.959931">
        <ele>1135.832740</ele>
        <time>2026-05-04T18:42:24.042Z</time>
      </trkpt>
      <trkpt lat="42.491137" lon="19.960103">
        <ele>1135.246926</ele>
        <time>2026-05-04T18:42:40.931Z</time>
      </trkpt>
      <trkpt lat="42.491225" lon="19.960246">
        <ele>1134.626462</ele>
        <time>2026-05-04T18:42:58.382Z</time>
      </trkpt>
      <trkpt lat="42.491621" lon="19.960474">
        <ele>1134.304986</ele>
        <time>2026-05-04T18:43:50.953Z</time>
      </trkpt>
      <trkpt lat="42.491754" lon="19.960677">
        <ele>1134.924677</ele>
        <time>2026-05-04T18:44:16.578Z</time>
      </trkpt>
      <trkpt lat="42.491824" lon="19.960758">
        <ele>1135.209452</ele>
        <time>2026-05-04T18:44:28.933Z</time>
      </trkpt>
      <trkpt lat="42.492016" lon="19.961166">
        <ele>1136.313957</ele>
        <time>2026-05-04T18:45:18.311Z</time>
      </trkpt>
      <trkpt lat="42.492072" lon="19.961210">
        <ele>1136.514249</ele>
        <time>2026-05-04T18:45:27.369Z</time>
      </trkpt>
      <trkpt lat="42.492198" lon="19.961219">
        <ele>1136.904730</ele>
        <time>2026-05-04T18:45:45.152Z</time>
      </trkpt>
      <trkpt lat="42.492676" lon="19.961010">
        <ele>1138.459012</ele>
        <time>2026-05-04T18:46:55.363Z</time>
      </trkpt>
      <trkpt lat="42.492749" lon="19.961037">
        <ele>1138.693181</ele>
        <time>2026-05-04T18:47:06.039Z</time>
      </trkpt>
      <trkpt lat="42.492856" lon="19.960963">
        <ele>1139.064893</ele>
        <time>2026-05-04T18:47:22.759Z</time>
      </trkpt>
      <trkpt lat="42.493094" lon="19.960964">
        <ele>1140.266521</ele>
        <time>2026-05-04T18:47:56.041Z</time>
      </trkpt>
      <trkpt lat="42.493301" lon="19.960891">
        <ele>1141.450629</ele>
        <time>2026-05-04T18:48:25.712Z</time>
      </trkpt>
      <trkpt lat="42.493449" lon="19.960905">
        <ele>1142.271980</ele>
        <time>2026-05-04T18:48:46.492Z</time>
      </trkpt>
      <trkpt lat="42.493760" lon="19.961078">
        <ele>1144.132949</ele>
        <time>2026-05-04T18:49:33.768Z</time>
      </trkpt>
      <trkpt lat="42.494149" lon="19.961506">
        <ele>1146.906119</ele>
        <time>2026-05-04T18:50:45.639Z</time>
      </trkpt>
      <trkpt lat="42.494311" lon="19.961613">
        <ele>1147.903692</ele>
        <time>2026-05-04T18:51:11.753Z</time>
      </trkpt>
      <trkpt lat="42.494472" lon="19.961811">
        <ele>1149.106916</ele>
        <time>2026-05-04T18:51:43.639Z</time>
      </trkpt>
      <trkpt lat="42.494567" lon="19.961948">
        <ele>1150.343155</ele>
        <time>2026-05-04T18:52:04.287Z</time>
      </trkpt>
      <trkpt lat="42.494735" lon="19.961966">
        <ele>1151.896181</ele>
        <time>2026-05-04T18:52:35.951Z</time>
      </trkpt>
      <trkpt lat="42.495004" lon="19.962061">
        <ele>1154.457815</ele>
        <time>2026-05-04T18:53:28.921Z</time>
      </trkpt>
      <trkpt lat="42.495362" lon="19.962241">
        <ele>1157.976378</ele>
        <time>2026-05-04T18:54:43.601Z</time>
      </trkpt>
      <trkpt lat="42.495551" lon="19.962292">
        <ele>1159.752244</ele>
        <time>2026-05-04T18:55:22.116Z</time>
      </trkpt>
      <trkpt lat="42.495792" lon="19.962463">
        <ele>1162.258755</ele>
        <time>2026-05-04T18:56:17.446Z</time>
      </trkpt>
      <trkpt lat="42.495854" lon="19.962552">
        <ele>1163.090718</ele>
        <time>2026-05-04T18:56:36.011Z</time>
      </trkpt>
      <trkpt lat="42.495967" lon="19.962928">
        <ele>1165.890420</ele>
        <time>2026-05-04T18:57:37.605Z</time>
      </trkpt>
      <trkpt lat="42.496108" lon="19.963004">
        <ele>1167.833449</ele>
        <time>2026-05-04T18:58:09.213Z</time>
      </trkpt>
      <trkpt lat="42.496207" lon="19.962995">
        <ele>1169.104096</ele>
        <time>2026-05-04T18:58:30.112Z</time>
      </trkpt>
      <trkpt lat="42.496328" lon="19.963111">
        <ele>1171.001656</ele>
        <time>2026-05-04T18:59:01.470Z</time>
      </trkpt>
      <trkpt lat="42.496556" lon="19.963464">
        <ele>1175.432753</ele>
        <time>2026-05-04T19:00:15.227Z</time>
      </trkpt>
      <trkpt lat="42.496716" lon="19.963807">
        <ele>1179.265138</ele>
        <time>2026-05-04T19:01:19.257Z</time>
      </trkpt>
      <trkpt lat="42.497026" lon="19.964158">
        <ele>1184.436577</ele>
        <time>2026-05-04T19:02:50.119Z</time>
      </trkpt>
      <trkpt lat="42.497669" lon="19.964505">
        <ele>1195.972884</ele>
        <time>2026-05-04T19:05:40.909Z</time>
      </trkpt>
      <trkpt lat="42.498030" lon="19.965098">
        <ele>1207.529375</ele>
        <time>2026-05-04T19:08:21.595Z</time>
      </trkpt>
      <trkpt lat="42.498125" lon="19.965390">
        <ele>1212.325670</ele>
        <time>2026-05-04T19:09:33.799Z</time>
      </trkpt>
      <trkpt lat="42.498404" lon="19.965780">
        <ele>1220.491810</ele>
        <time>2026-05-04T19:11:45.770Z</time>
      </trkpt>
      <trkpt lat="42.498635" lon="19.965650">
        <ele>1225.658835</ele>
        <time>2026-05-04T19:13:13.145Z</time>
      </trkpt>
      <trkpt lat="42.498697" lon="19.965470">
        <ele>1230.022391</ele>
        <time>2026-05-04T19:14:05.890Z</time>
      </trkpt>
      <trkpt lat="42.498813" lon="19.965378">
        <ele>1234.025363</ele>
        <time>2026-05-04T19:14:55.453Z</time>
      </trkpt>
      <trkpt lat="42.498893" lon="19.965201">
        <ele>1238.585196</ele>
        <time>2026-05-04T19:15:53.489Z</time>
      </trkpt>
      <trkpt lat="42.498952" lon="19.965207">
        <ele>1240.347695</ele>
        <time>2026-05-04T19:16:16.020Z</time>
      </trkpt>
      <trkpt lat="42.499069" lon="19.965805">
        <ele>1253.936315</ele>
        <time>2026-05-04T19:19:17.607Z</time>
      </trkpt>
      <trkpt lat="42.499110" lon="19.965847">
        <ele>1255.466884</ele>
        <time>2026-05-04T19:19:38.551Z</time>
      </trkpt>
      <trkpt lat="42.499199" lon="19.965659">
        <ele>1260.373863</ele>
        <time>2026-05-04T19:20:46.591Z</time>
      </trkpt>
      <trkpt lat="42.499654" lon="19.965392">
        <ele>1275.142141</ele>
        <time>2026-05-04T19:24:09.952Z</time>
      </trkpt>
      <trkpt lat="42.499815" lon="19.965689">
        <ele>1283.113346</ele>
        <time>2026-05-04T19:25:59.079Z</time>
      </trkpt>
      <trkpt lat="42.500130" lon="19.965595">
        <ele>1292.436281</ele>
        <time>2026-05-04T19:28:06.603Z</time>
      </trkpt>
      <trkpt lat="42.500153" lon="19.965561">
        <ele>1293.419644</ele>
        <time>2026-05-04T19:28:19.927Z</time>
      </trkpt>
      <trkpt lat="42.500034" lon="19.965315">
        <ele>1299.689899</ele>
        <time>2026-05-04T19:29:43.729Z</time>
      </trkpt>
      <trkpt lat="42.500142" lon="19.965177">
        <ele>1303.978793</ele>
        <time>2026-05-04T19:30:40.126Z</time>
      </trkpt>
      <trkpt lat="42.500259" lon="19.965240">
        <ele>1307.617469</ele>
        <time>2026-05-04T19:31:27.804Z</time>
      </trkpt>
      <trkpt lat="42.500283" lon="19.965072">
        <ele>1311.264329</ele>
        <time>2026-05-04T19:32:15.381Z</time>
      </trkpt>
      <trkpt lat="42.500234" lon="19.964855">
        <ele>1316.100879</ele>
        <time>2026-05-04T19:33:17.886Z</time>
      </trkpt>
      <trkpt lat="42.500248" lon="19.964772">
        <ele>1317.915404</ele>
        <time>2026-05-04T19:33:40.999Z</time>
      </trkpt>
      <trkpt lat="42.500349" lon="19.964672">
        <ele>1321.529921</ele>
        <time>2026-05-04T19:34:27.179Z</time>
      </trkpt>
      <trkpt lat="42.500452" lon="19.964629">
        <ele>1324.645003</ele>
        <time>2026-05-04T19:35:06.336Z</time>
      </trkpt>
      <trkpt lat="42.500672" lon="19.964625">
        <ele>1331.004740</ele>
        <time>2026-05-04T19:36:25.699Z</time>
      </trkpt>
      <trkpt lat="42.500804" lon="19.964676">
        <ele>1334.616163</ele>
        <time>2026-05-04T19:37:15.223Z</time>
      </trkpt>
      <trkpt lat="42.500811" lon="19.964742">
        <ele>1335.909565</ele>
        <time>2026-05-04T19:37:33.270Z</time>
      </trkpt>
      <trkpt lat="42.500858" lon="19.964773">
        <ele>1337.284577</ele>
        <time>2026-05-04T19:37:52.143Z</time>
      </trkpt>
      <trkpt lat="42.500866" lon="19.964861">
        <ele>1339.004467</ele>
        <time>2026-05-04T19:38:15.800Z</time>
      </trkpt>
      <trkpt lat="42.500923" lon="19.964915">
        <ele>1340.833709</ele>
        <time>2026-05-04T19:38:41.340Z</time>
      </trkpt>
      <trkpt lat="42.501053" lon="19.965302">
        <ele>1349.082915</ele>
        <time>2026-05-04T19:40:36.855Z</time>
      </trkpt>
      <trkpt lat="42.501262" lon="19.965410">
        <ele>1354.967189</ele>
        <time>2026-05-04T19:41:57.572Z</time>
      </trkpt>
      <trkpt lat="42.501396" lon="19.965558">
        <ele>1359.513678</ele>
        <time>2026-05-04T19:42:59.563Z</time>
      </trkpt>
      <trkpt lat="42.501449" lon="19.965727">
        <ele>1363.076042</ele>
        <time>2026-05-04T19:43:47.498Z</time>
      </trkpt>
      <trkpt lat="42.501582" lon="19.965753">
        <ele>1366.611393</ele>
        <time>2026-05-04T19:44:34.820Z</time>
      </trkpt>
      <trkpt lat="42.501609" lon="19.965809">
        <ele>1367.909286</ele>
        <time>2026-05-04T19:44:51.907Z</time>
      </trkpt>
      <trkpt lat="42.501712" lon="19.965794">
        <ele>1370.634763</ele>
        <time>2026-05-04T19:45:27.990Z</time>
      </trkpt>
      <trkpt lat="42.501798" lon="19.965950">
        <ele>1374.413099</ele>
        <time>2026-05-04T19:46:17.431Z</time>
      </trkpt>
      <trkpt lat="42.501773" lon="19.966100">
        <ele>1377.396071</ele>
        <time>2026-05-04T19:46:56.420Z</time>
      </trkpt>
      <trkpt lat="42.501938" lon="19.966179">
        <ele>1381.852663</ele>
        <time>2026-05-04T19:47:56.032Z</time>
      </trkpt>
      <trkpt lat="42.502012" lon="19.966314">
        <ele>1384.984945</ele>
        <time>2026-05-04T19:48:38.974Z</time>
      </trkpt>
      <trkpt lat="42.502033" lon="19.966454">
        <ele>1387.645094</ele>
        <time>2026-05-04T19:49:15.533Z</time>
      </trkpt>
      <trkpt lat="42.502129" lon="19.966678">
        <ele>1392.469377</ele>
        <time>2026-05-04T19:50:22.183Z</time>
      </trkpt>
      <trkpt lat="42.502209" lon="19.966804">
        <ele>1395.565526</ele>
        <time>2026-05-04T19:51:04.693Z</time>
      </trkpt>
      <trkpt lat="42.502277" lon="19.966800">
        <ele>1397.284504</ele>
        <time>2026-05-04T19:51:28.691Z</time>
      </trkpt>
      <trkpt lat="42.502374" lon="19.966925">
        <ele>1400.663606</ele>
        <time>2026-05-04T19:52:15.140Z</time>
      </trkpt>
      <trkpt lat="42.502472" lon="19.966879">
        <ele>1403.282638</ele>
        <time>2026-05-04T19:52:51.212Z</time>
      </trkpt>
      <trkpt lat="42.502594" lon="19.966732">
        <ele>1407.403923</ele>
        <time>2026-05-04T19:53:47.571Z</time>
      </trkpt>
      <trkpt lat="42.502934" lon="19.966631">
        <ele>1416.194254</ele>
        <time>2026-05-04T19:55:48.637Z</time>
      </trkpt>
      <trkpt lat="42.503312" lon="19.966864">
        <ele>1425.976412</ele>
        <time>2026-05-04T19:58:13.827Z</time>
      </trkpt>
      <trkpt lat="42.503462" lon="19.967023">
        <ele>1429.626925</ele>
        <time>2026-05-04T19:59:20.512Z</time>
      </trkpt>
      <trkpt lat="42.503516" lon="19.967141">
        <ele>1431.590366</ele>
        <time>2026-05-04T19:59:56.872Z</time>
      </trkpt>
      <trkpt lat="42.503546" lon="19.967120">
        <ele>1432.237731</ele>
        <time>2026-05-04T20:00:08.882Z</time>
      </trkpt>
      <trkpt lat="42.503570" lon="19.967031">
        <ele>1433.577465</ele>
        <time>2026-05-04T20:00:33.775Z</time>
      </trkpt>
      <trkpt lat="42.503588" lon="19.967032">
        <ele>1433.922920</ele>
        <time>2026-05-04T20:00:40.201Z</time>
      </trkpt>
      <trkpt lat="42.503802" lon="19.967192">
        <ele>1438.608669</ele>
        <time>2026-05-04T20:02:04.471Z</time>
      </trkpt>
      <trkpt lat="42.503822" lon="19.967153">
        <ele>1439.280286</ele>
        <time>2026-05-04T20:02:15.233Z</time>
      </trkpt>
      <trkpt lat="42.503785" lon="19.967020">
        <ele>1441.289932</ele>
        <time>2026-05-04T20:02:47.554Z</time>
      </trkpt>
      <trkpt lat="42.503810" lon="19.966993">
        <ele>1441.902728</ele>
        <time>2026-05-04T20:02:57.041Z</time>
      </trkpt>
      <trkpt lat="42.503990" lon="19.967151">
        <ele>1446.014077</ele>
        <time>2026-05-04T20:03:56.227Z</time>
      </trkpt>
      <trkpt lat="42.504093" lon="19.967181">
        <ele>1448.034215</ele>
        <time>2026-05-04T20:04:23.930Z</time>
      </trkpt>
      <trkpt lat="42.504105" lon="19.967188">
        <ele>1448.284702</ele>
        <time>2026-05-04T20:04:27.238Z</time>
      </trkpt>
      <trkpt lat="42.504223" lon="19.967263">
        <ele>1450.783552</ele>
        <time>2026-05-04T20:04:59.601Z</time>
      </trkpt>
      <trkpt lat="42.504293" lon="19.967277">
        <ele>1452.140377</ele>
        <time>2026-05-04T20:05:15.803Z</time>
      </trkpt>
      <trkpt lat="42.504393" lon="19.967236">
        <ele>1454.143650</ele>
        <time>2026-05-04T20:05:39.733Z</time>
      </trkpt>
      <trkpt lat="42.504504" lon="19.967267">
        <ele>1456.316822</ele>
        <time>2026-05-04T20:06:04.782Z</time>
      </trkpt>
      <trkpt lat="42.504521" lon="19.967475">
        <ele>1458.463384</ele>
        <time>2026-05-04T20:06:36.287Z</time>
      </trkpt>
      <trkpt lat="42.504458" lon="19.967834">
        <ele>1459.561792</ele>
        <time>2026-05-04T20:07:29.262Z</time>
      </trkpt>
      <trkpt lat="42.504470" lon="19.968059">
        <ele>1460.233248</ele>
        <time>2026-05-04T20:07:59.974Z</time>
      </trkpt>
      <trkpt lat="42.504754" lon="19.968756">
        <ele>1462.603624</ele>
        <time>2026-05-04T20:09:33.885Z</time>
      </trkpt>
      <trkpt lat="42.504753" lon="19.969089">
        <ele>1463.594792</ele>
        <time>2026-05-04T20:10:11.252Z</time>
      </trkpt>
      <trkpt lat="42.504777" lon="19.969234">
        <ele>1464.037122</ele>
        <time>2026-05-04T20:10:27.959Z</time>
      </trkpt>
      <trkpt lat="42.504843" lon="19.969390">
        <ele>1464.572477</ele>
        <time>2026-05-04T20:10:48.827Z</time>
      </trkpt>
      <trkpt lat="42.504888" lon="19.969779">
        <ele>1465.629268</ele>
        <time>2026-05-04T20:11:34.811Z</time>
      </trkpt>
      <trkpt lat="42.505005" lon="19.970417">
        <ele>1466.629971</ele>
        <time>2026-05-04T20:12:52.944Z</time>
      </trkpt>
      <trkpt lat="42.505207" lon="19.970989">
        <ele>1467.595356</ele>
        <time>2026-05-04T20:14:07.333Z</time>
      </trkpt>
      <trkpt lat="42.505333" lon="19.971218">
        <ele>1468.030296</ele>
        <time>2026-05-04T20:14:40.700Z</time>
      </trkpt>
      <trkpt lat="42.505405" lon="19.971297">
        <ele>1468.221497</ele>
        <time>2026-05-04T20:14:55.555Z</time>
      </trkpt>
      <trkpt lat="42.505488" lon="19.971647">
        <ele>1468.781117</ele>
        <time>2026-05-04T20:15:39.085Z</time>
      </trkpt>
      <trkpt lat="42.505780" lon="19.972275">
        <ele>1471.700963</ele>
        <time>2026-05-04T20:17:10.196Z</time>
      </trkpt>
      <trkpt lat="42.505841" lon="19.972533">
        <ele>1473.184689</ele>
        <time>2026-05-04T20:17:44.971Z</time>
      </trkpt>
      <trkpt lat="42.505955" lon="19.972660">
        <ele>1474.280485</ele>
        <time>2026-05-04T20:18:11.440Z</time>
      </trkpt>
      <trkpt lat="42.505982" lon="19.972889">
        <ele>1475.550454</ele>
        <time>2026-05-04T20:18:42.905Z</time>
      </trkpt>
      <trkpt lat="42.506049" lon="19.973037">
        <ele>1476.501531</ele>
        <time>2026-05-04T20:19:06.950Z</time>
      </trkpt>
      <trkpt lat="42.506400" lon="19.973537">
        <ele>1480.282391</ele>
        <time>2026-05-04T20:20:47.626Z</time>
      </trkpt>
      <trkpt lat="42.506616" lon="19.973668">
        <ele>1482.039947</ele>
        <time>2026-05-04T20:21:36.898Z</time>
      </trkpt>
      <trkpt lat="42.506680" lon="19.973769">
        <ele>1482.879297</ele>
        <time>2026-05-04T20:21:58.307Z</time>
      </trkpt>
      <trkpt lat="42.506831" lon="19.974125">
        <ele>1486.456724</ele>
        <time>2026-05-04T20:23:05.618Z</time>
      </trkpt>
      <trkpt lat="42.507159" lon="19.974527">
        <ele>1491.679635</ele>
        <time>2026-05-04T20:24:45.349Z</time>
      </trkpt>
      <trkpt lat="42.507363" lon="19.974842">
        <ele>1495.331655</ele>
        <time>2026-05-04T20:25:53.913Z</time>
      </trkpt>
      <trkpt lat="42.507701" lon="19.975244">
        <ele>1500.642804</ele>
        <time>2026-05-04T20:27:29.386Z</time>
      </trkpt>
      <trkpt lat="42.507907" lon="19.975383">
        <ele>1503.361218</ele>
        <time>2026-05-04T20:28:16.746Z</time>
      </trkpt>
      <trkpt lat="42.508015" lon="19.975514">
        <ele>1504.674249</ele>
        <time>2026-05-04T20:28:46.178Z</time>
      </trkpt>
      <trkpt lat="42.508342" lon="19.975745">
        <ele>1507.628100</ele>
        <time>2026-05-04T20:30:00.151Z</time>
      </trkpt>
      <trkpt lat="42.508547" lon="19.975997">
        <ele>1509.844588</ele>
        <time>2026-05-04T20:30:54.402Z</time>
      </trkpt>
      <trkpt lat="42.508941" lon="19.976298">
        <ele>1513.467443</ele>
        <time>2026-05-04T20:32:20.296Z</time>
      </trkpt>
      <trkpt lat="42.509048" lon="19.976436">
        <ele>1514.650329</ele>
        <time>2026-05-04T20:32:47.570Z</time>
      </trkpt>
      <trkpt lat="42.509668" lon="19.977704">
        <ele>1521.611548</ele>
        <time>2026-05-04T20:36:06.665Z</time>
      </trkpt>
      <trkpt lat="42.509711" lon="19.977861">
        <ele>1522.229176</ele>
        <time>2026-05-04T20:36:28.183Z</time>
      </trkpt>
      <trkpt lat="42.509751" lon="19.978229">
        <ele>1523.600899</ele>
        <time>2026-05-04T20:37:16.656Z</time>
      </trkpt>
      <trkpt lat="42.509816" lon="19.978464">
        <ele>1524.526488</ele>
        <time>2026-05-04T20:37:49.760Z</time>
      </trkpt>
      <trkpt lat="42.509900" lon="19.978670">
        <ele>1525.394615</ele>
        <time>2026-05-04T20:38:20.984Z</time>
      </trkpt>
      <trkpt lat="42.510050" lon="19.978935">
        <ele>1526.626693</ele>
        <time>2026-05-04T20:39:04.993Z</time>
      </trkpt>
      <trkpt lat="42.510114" lon="19.979219">
        <ele>1527.499336</ele>
        <time>2026-05-04T20:39:42.668Z</time>
      </trkpt>
      <trkpt lat="42.510200" lon="19.979599">
        <ele>1528.284822</ele>
        <time>2026-05-04T20:40:31.259Z</time>
      </trkpt>
      <trkpt lat="42.510385" lon="19.980135">
        <ele>1529.454326</ele>
        <time>2026-05-04T20:41:40.292Z</time>
      </trkpt>
      <trkpt lat="42.510403" lon="19.980300">
        <ele>1529.783922</ele>
        <time>2026-05-04T20:41:59.594Z</time>
      </trkpt>
      <trkpt lat="42.510393" lon="19.981165">
        <ele>1531.493399</ele>
        <time>2026-05-04T20:43:39.855Z</time>
      </trkpt>
      <trkpt lat="42.510427" lon="19.981575">
        <ele>1532.881055</ele>
        <time>2026-05-04T20:44:27.929Z</time>
      </trkpt>
      <trkpt lat="42.510417" lon="19.982902">
        <ele>1541.636473</ele>
        <time>2026-05-04T20:47:29.768Z</time>
      </trkpt>
      <trkpt lat="42.510515" lon="19.983273">
        <ele>1544.236571</ele>
        <time>2026-05-04T20:48:35.685Z</time>
      </trkpt>
      <trkpt lat="42.510508" lon="19.983908">
        <ele>1548.505783</ele>
        <time>2026-05-04T20:50:26.473Z</time>
      </trkpt>
      <trkpt lat="42.510531" lon="19.984018">
        <ele>1549.486217</ele>
        <time>2026-05-04T20:50:46.963Z</time>
      </trkpt>
      <trkpt lat="42.510616" lon="19.984219">
        <ele>1551.473213</ele>
        <time>2026-05-04T20:51:28.297Z</time>
      </trkpt>
      <trkpt lat="42.510630" lon="19.984427">
        <ele>1553.264180</ele>
        <time>2026-05-04T20:52:05.826Z</time>
      </trkpt>
      <trkpt lat="42.510615" lon="19.984661">
        <ele>1555.278244</ele>
        <time>2026-05-04T20:52:47.844Z</time>
      </trkpt>
      <trkpt lat="42.510586" lon="19.984865">
        <ele>1557.059724</ele>
        <time>2026-05-04T20:53:23.854Z</time>
      </trkpt>
      <trkpt lat="42.510362" lon="19.985462">
        <ele>1562.803839</ele>
        <time>2026-05-04T20:55:05.011Z</time>
      </trkpt>
      <trkpt lat="42.510337" lon="19.985735">
        <ele>1565.162750</ele>
        <time>2026-05-04T20:55:44.490Z</time>
      </trkpt>
      <trkpt lat="42.510197" lon="19.986039">
        <ele>1568.236372</ele>
        <time>2026-05-04T20:56:35.506Z</time>
      </trkpt>
      <trkpt lat="42.509955" lon="19.986319">
        <ele>1571.928343</ele>
        <time>2026-05-04T20:57:36.905Z</time>
      </trkpt>
      <trkpt lat="42.509755" lon="19.986536">
        <ele>1574.899173</ele>
        <time>2026-05-04T20:58:26.900Z</time>
      </trkpt>
      <trkpt lat="42.509510" lon="19.987762">
        <ele>1585.761360</ele>
        <time>2026-05-04T21:01:40.467Z</time>
      </trkpt>
      <trkpt lat="42.509481" lon="19.988089">
        <ele>1588.577778</ele>
        <time>2026-05-04T21:02:42.328Z</time>
      </trkpt>
      <trkpt lat="42.509416" lon="19.988261">
        <ele>1590.233942</ele>
        <time>2026-05-04T21:03:19.460Z</time>
      </trkpt>
      <trkpt lat="42.509374" lon="19.988372">
        <ele>1591.313512</ele>
        <time>2026-05-04T21:03:43.401Z</time>
      </trkpt>
      <trkpt lat="42.509408" lon="19.988477">
        <ele>1592.305821</ele>
        <time>2026-05-04T21:04:05.165Z</time>
      </trkpt>
      <trkpt lat="42.509467" lon="19.988477">
        <ele>1592.998342</ele>
        <time>2026-05-04T21:04:20.299Z</time>
      </trkpt>
      <trkpt lat="42.509897" lon="19.988245">
        <ele>1598.430072</ele>
        <time>2026-05-04T21:06:16.033Z</time>
      </trkpt>
      <trkpt lat="42.510086" lon="19.988111">
        <ele>1600.933201</ele>
        <time>2026-05-04T21:07:06.565Z</time>
      </trkpt>
      <trkpt lat="42.510137" lon="19.988139">
        <ele>1601.578987</ele>
        <time>2026-05-04T21:07:19.885Z</time>
      </trkpt>
      <trkpt lat="42.510240" lon="19.988071">
        <ele>1602.923533</ele>
        <time>2026-05-04T21:07:44.032Z</time>
      </trkpt>
      <trkpt lat="42.510671" lon="19.987946">
        <ele>1608.096777</ele>
        <time>2026-05-04T21:09:13.077Z</time>
      </trkpt>
      <trkpt lat="42.510921" lon="19.987698">
        <ele>1611.070176</ele>
        <time>2026-05-04T21:10:11.254Z</time>
      </trkpt>
      <trkpt lat="42.511165" lon="19.987085">
        <ele>1611.156621</ele>
        <time>2026-05-04T21:11:35.314Z</time>
      </trkpt>
      <trkpt lat="42.511237" lon="19.986808">
        <ele>1611.193066</ele>
        <time>2026-05-04T21:12:08.176Z</time>
      </trkpt>
      <trkpt lat="42.511314" lon="19.986274">
        <ele>1611.260583</ele>
        <time>2026-05-04T21:13:11.387Z</time>
      </trkpt>
      <trkpt lat="42.511419" lon="19.985845">
        <ele>1611.316673</ele>
        <time>2026-05-04T21:14:05.340Z</time>
      </trkpt>
      <trkpt lat="42.511420" lon="19.985406">
        <ele>1611.474244</ele>
        <time>2026-05-04T21:14:57.629Z</time>
      </trkpt>
      <trkpt lat="42.511556" lon="19.984810">
        <ele>1612.570653</ele>
        <time>2026-05-04T21:16:08.923Z</time>
      </trkpt>
      <trkpt lat="42.511713" lon="19.984245">
        <ele>1613.631751</ele>
        <time>2026-05-04T21:17:20.094Z</time>
      </trkpt>
      <trkpt lat="42.511868" lon="19.983911">
        <ele>1614.325330</ele>
        <time>2026-05-04T21:18:10.134Z</time>
      </trkpt>
      <trkpt lat="42.512183" lon="19.983518">
        <ele>1615.345577</ele>
        <time>2026-05-04T21:19:28.108Z</time>
      </trkpt>
      <trkpt lat="42.512312" lon="19.983652">
        <ele>1615.906189</ele>
        <time>2026-05-04T21:19:58.255Z</time>
      </trkpt>
      <trkpt lat="42.512183" lon="19.983518">
        <ele>1617.115515</ele>
        <time>2026-05-04T21:20:28.407Z</time>
      </trkpt>
      <trkpt lat="42.512370" lon="19.983813">
        <ele>1619.250244</ele>
        <time>2026-05-04T21:21:21.864Z</time>
      </trkpt>
      <trkpt lat="42.512455" lon="19.984016">
        <ele>1620.531179</ele>
        <time>2026-05-04T21:21:53.589Z</time>
      </trkpt>
      <trkpt lat="42.512859" lon="19.984718">
        <ele>1625.417611</ele>
        <time>2026-05-04T21:23:54.460Z</time>
      </trkpt>
      <trkpt lat="42.513148" lon="19.985150">
        <ele>1628.618399</ele>
        <time>2026-05-04T21:25:17.307Z</time>
      </trkpt>
      <trkpt lat="42.513172" lon="19.985695">
        <ele>1633.294582</ele>
        <time>2026-05-04T21:26:36.816Z</time>
      </trkpt>
      <trkpt lat="42.513110" lon="19.986741">
        <ele>1642.809968</ele>
        <time>2026-05-04T21:29:31.744Z</time>
      </trkpt>
      <trkpt lat="42.513174" lon="19.986885">
        <ele>1644.334695</ele>
        <time>2026-05-04T21:30:02.569Z</time>
      </trkpt>
      <trkpt lat="42.513118" lon="19.987044">
        <ele>1645.932575</ele>
        <time>2026-05-04T21:30:34.484Z</time>
      </trkpt>
      <trkpt lat="42.513149" lon="19.987502">
        <ele>1650.103035</ele>
        <time>2026-05-04T21:31:55.416Z</time>
      </trkpt>
      <trkpt lat="42.513418" lon="19.988063">
        <ele>1657.415775</ele>
        <time>2026-05-04T21:33:43.009Z</time>
      </trkpt>
      <trkpt lat="42.513833" lon="19.988433">
        <ele>1665.042725</ele>
        <time>2026-05-04T21:35:36.322Z</time>
      </trkpt>
      <trkpt lat="42.514210" lon="19.988655">
        <ele>1671.354774</ele>
        <time>2026-05-04T21:37:13.594Z</time>
      </trkpt>
      <trkpt lat="42.514357" lon="19.989903">
        <ele>1690.299805</ele>
        <time>2026-05-04T21:41:42.141Z</time>
      </trkpt>
      <trkpt lat="42.514680" lon="19.990978">
        <ele>1712.308864</ele>
        <time>2026-05-04T21:47:00.999Z</time>
      </trkpt>
      <trkpt lat="42.514612" lon="19.991298">
        <ele>1718.622790</ele>
        <time>2026-05-04T21:48:37.380Z</time>
      </trkpt>
      <trkpt lat="42.514382" lon="19.991757">
        <ele>1728.442200</ele>
        <time>2026-05-04T21:51:17.749Z</time>
      </trkpt>
      <trkpt lat="42.514632" lon="19.992047">
        <ele>1735.449343</ele>
        <time>2026-05-04T21:53:21.563Z</time>
      </trkpt>
      <trkpt lat="42.514727" lon="19.992373">
        <ele>1740.953888</ele>
        <time>2026-05-04T21:54:51.486Z</time>
      </trkpt>
      <trkpt lat="42.514768" lon="19.993166">
        <ele>1753.436554</ele>
        <time>2026-05-04T21:57:44.193Z</time>
      </trkpt>
      <trkpt lat="42.514826" lon="19.993293">
        <ele>1755.782513</ele>
        <time>2026-05-04T21:58:12.012Z</time>
      </trkpt>
      <trkpt lat="42.514741" lon="19.993433">
        <ele>1758.630592</ele>
        <time>2026-05-04T21:58:44.231Z</time>
      </trkpt>
      <trkpt lat="42.514757" lon="19.993524">
        <ele>1760.099607</ele>
        <time>2026-05-04T21:59:00.461Z</time>
      </trkpt>
      <trkpt lat="42.515041" lon="19.993783">
        <ele>1765.699543</ele>
        <time>2026-05-04T22:00:15.868Z</time>
      </trkpt>
      <trkpt lat="42.515135" lon="19.993771">
        <ele>1766.865622</ele>
        <time>2026-05-04T22:00:35.860Z</time>
      </trkpt>
      <trkpt lat="42.515360" lon="19.993663">
        <ele>1769.813294</ele>
        <time>2026-05-04T22:01:25.459Z</time>
      </trkpt>
      <trkpt lat="42.515571" lon="19.993470">
        <ele>1772.956225</ele>
        <time>2026-05-04T22:02:17.672Z</time>
      </trkpt>
      <trkpt lat="42.515686" lon="19.993407">
        <ele>1774.487959</ele>
        <time>2026-05-04T22:02:43.141Z</time>
      </trkpt>
      <trkpt lat="42.515969" lon="19.993074">
        <ele>1779.114636</ele>
        <time>2026-05-04T22:04:02.799Z</time>
      </trkpt>
      <trkpt lat="42.516090" lon="19.993072">
        <ele>1780.609162</ele>
        <time>2026-05-04T22:04:28.833Z</time>
      </trkpt>
      <trkpt lat="42.516175" lon="19.993098">
        <ele>1781.685308</ele>
        <time>2026-05-04T22:04:47.550Z</time>
      </trkpt>
      <trkpt lat="42.516216" lon="19.993164">
        <ele>1782.471059</ele>
        <time>2026-05-04T22:05:01.525Z</time>
      </trkpt>
      <trkpt lat="42.516396" lon="19.993922">
        <ele>1790.017330</ele>
        <time>2026-05-04T22:07:14.566Z</time>
      </trkpt>
      <trkpt lat="42.516293" lon="19.994028">
        <ele>1791.728459</ele>
        <time>2026-05-04T22:07:38.144Z</time>
      </trkpt>
      <trkpt lat="42.516285" lon="19.994084">
        <ele>1792.284956</ele>
        <time>2026-05-04T22:07:45.804Z</time>
      </trkpt>
      <trkpt lat="42.516260" lon="19.994246">
        <ele>1793.899680</ele>
        <time>2026-05-04T22:08:08.227Z</time>
      </trkpt>
      <trkpt lat="42.516190" lon="19.994397">
        <ele>1795.639956</ele>
        <time>2026-05-04T22:08:32.305Z</time>
      </trkpt>
      <trkpt lat="42.515882" lon="19.994700">
        <ele>1800.675537</ele>
        <time>2026-05-04T22:09:40.566Z</time>
      </trkpt>
      <trkpt lat="42.515612" lon="19.995144">
        <ele>1806.291080</ele>
        <time>2026-05-04T22:10:54.469Z</time>
      </trkpt>
      <trkpt lat="42.514229" lon="19.996543">
        <ele>1827.907897</ele>
        <time>2026-05-04T22:16:35.395Z</time>
      </trkpt>
      <trkpt lat="42.513505" lon="19.997549">
        <ele>1832.499427</ele>
        <time>2026-05-04T22:18:58.639Z</time>
      </trkpt>
      <trkpt lat="42.513867" lon="19.997930">
        <ele>1832.984613</ele>
        <time>2026-05-04T22:19:57.466Z</time>
      </trkpt>
      <trkpt lat="42.514017" lon="19.997887">
        <ele>1833.146967</ele>
        <time>2026-05-04T22:20:17.399Z</time>
      </trkpt>
      <trkpt lat="42.514392" lon="19.997782">
        <ele>1833.552453</ele>
        <time>2026-05-04T22:21:06.490Z</time>
      </trkpt>
      <trkpt lat="42.514871" lon="19.998420">
        <ele>1837.858358</ele>
        <time>2026-05-04T22:22:29.650Z</time>
      </trkpt>
      <trkpt lat="42.515034" lon="19.999574">
        <ele>1844.001352</ele>
        <time>2026-05-04T22:24:49.281Z</time>
      </trkpt>
      <trkpt lat="42.515180" lon="20.001458">
        <ele>1857.557946</ele>
        <time>2026-05-04T22:28:57.546Z</time>
      </trkpt>
      <trkpt lat="42.514755" lon="20.001589">
        <ele>1862.151556</ele>
        <time>2026-05-04T22:30:06.751Z</time>
      </trkpt>
      <trkpt lat="42.514483" lon="20.001931">
        <ele>1865.687387</ele>
        <time>2026-05-04T22:31:03.192Z</time>
      </trkpt>
      <trkpt lat="42.514247" lon="20.003588">
        <ele>1871.941892</ele>
        <time>2026-05-04T22:33:56.406Z</time>
      </trkpt>
      <trkpt lat="42.514480" lon="20.004053">
        <ele>1874.025680</ele>
        <time>2026-05-04T22:34:52.592Z</time>
      </trkpt>
      <trkpt lat="42.514352" lon="20.004543">
        <ele>1876.148516</ele>
        <time>2026-05-04T22:35:45.433Z</time>
      </trkpt>
      <trkpt lat="42.514752" lon="20.004985">
        <ele>1879.068192</ele>
        <time>2026-05-04T22:36:58.263Z</time>
      </trkpt>
      <trkpt lat="42.514672" lon="20.005441">
        <ele>1881.023583</ele>
        <time>2026-05-04T22:37:47.873Z</time>
      </trkpt>
      <trkpt lat="42.515334" lon="20.006070">
        <ele>1885.960600</ele>
        <time>2026-05-04T22:39:47.353Z</time>
      </trkpt>
      <trkpt lat="42.515171" lon="20.006868">
        <ele>1890.634967</ele>
        <time>2026-05-04T22:41:20.832Z</time>
      </trkpt>
      <trkpt lat="42.515302" lon="20.007002">
        <ele>1891.891402</ele>
        <time>2026-05-04T22:41:46.437Z</time>
      </trkpt>
      <trkpt lat="42.515327" lon="20.008116">
        <ele>1898.182694</ele>
        <time>2026-05-04T22:43:52.536Z</time>
      </trkpt>
      <trkpt lat="42.515292" lon="20.008295">
        <ele>1898.723503</ele>
        <time>2026-05-04T22:44:12.747Z</time>
      </trkpt>
      <trkpt lat="42.515287" lon="20.008485">
        <ele>1899.184023</ele>
        <time>2026-05-04T22:44:33.336Z</time>
      </trkpt>
      <trkpt lat="42.515281" lon="20.008667">
        <ele>1899.625311</ele>
        <time>2026-05-04T22:44:52.668Z</time>
      </trkpt>
      <trkpt lat="42.515629" lon="20.008979">
        <ele>1900.996058</ele>
        <time>2026-05-04T22:46:04.994Z</time>
      </trkpt>
      <trkpt lat="42.515974" lon="20.009391">
        <ele>1902.506447</ele>
        <time>2026-05-04T22:47:19.239Z</time>
      </trkpt>
      <trkpt lat="42.516222" lon="20.009874">
        <ele>1903.932250</ele>
        <time>2026-05-04T22:48:26.054Z</time>
      </trkpt>
      <trkpt lat="42.516458" lon="20.010152">
        <ele>1904.105828</ele>
        <time>2026-05-04T22:49:13.583Z</time>
      </trkpt>
      <trkpt lat="42.516711" lon="20.010362">
        <ele>1903.899505</ele>
        <time>2026-05-04T22:49:58.854Z</time>
      </trkpt>
      <trkpt lat="42.516835" lon="20.010535">
        <ele>1903.775775</ele>
        <time>2026-05-04T22:50:26.216Z</time>
      </trkpt>
      <trkpt lat="42.517164" lon="20.010771">
        <ele>1903.516890</ele>
        <time>2026-05-04T22:51:23.761Z</time>
      </trkpt>
      <trkpt lat="42.517193" lon="20.010818">
        <ele>1903.485462</ele>
        <time>2026-05-04T22:51:30.961Z</time>
      </trkpt>
      <trkpt lat="42.517370" lon="20.010947">
        <ele>1903.345693</ele>
        <time>2026-05-04T22:52:01.808Z</time>
      </trkpt>
      <trkpt lat="42.517552" lon="20.011159">
        <ele>1903.178825</ele>
        <time>2026-05-04T22:52:38.656Z</time>
      </trkpt>
      <trkpt lat="42.517613" lon="20.011300">
        <ele>1903.094996</ele>
        <time>2026-05-04T22:52:56.920Z</time>
      </trkpt>
      <trkpt lat="42.517695" lon="20.011354">
        <ele>1903.031589</ele>
        <time>2026-05-04T22:53:10.713Z</time>
      </trkpt>
      <trkpt lat="42.517704" lon="20.011481">
        <ele>1902.971227</ele>
        <time>2026-05-04T22:53:25.141Z</time>
      </trkpt>
      <trkpt lat="42.517948" lon="20.011772">
        <ele>1902.775651</ele>
        <time>2026-05-04T22:54:14.242Z</time>
      </trkpt>
      <trkpt lat="42.518067" lon="20.012052">
        <ele>1902.632235</ele>
        <time>2026-05-04T22:54:50.445Z</time>
      </trkpt>
      <trkpt lat="42.518315" lon="20.012194">
        <ele>1902.470185</ele>
        <time>2026-05-04T22:55:31.384Z</time>
      </trkpt>
      <trkpt lat="42.518426" lon="20.012224">
        <ele>1902.402049</ele>
        <time>2026-05-04T22:55:48.266Z</time>
      </trkpt>
      <trkpt lat="42.518450" lon="20.012261">
        <ele>1902.380179</ele>
        <time>2026-05-04T22:55:53.788Z</time>
      </trkpt>
      <trkpt lat="42.518554" lon="20.012280">
        <ele>1902.317005</ele>
        <time>2026-05-04T22:56:09.584Z</time>
      </trkpt>
      <trkpt lat="42.518713" lon="20.012257">
        <ele>1902.220743</ele>
        <time>2026-05-04T22:56:33.552Z</time>
      </trkpt>
      <trkpt lat="42.518787" lon="20.012199">
        <ele>1902.169294</ele>
        <time>2026-05-04T22:56:46.428Z</time>
      </trkpt>
      <trkpt lat="42.518981" lon="20.012127">
        <ele>1902.048213</ele>
        <time>2026-05-04T22:57:16.711Z</time>
      </trkpt>
      <trkpt lat="42.519506" lon="20.012237">
        <ele>1900.627861</ele>
        <time>2026-05-04T22:58:38.005Z</time>
      </trkpt>
      <trkpt lat="42.519590" lon="20.012339">
        <ele>1900.172041</ele>
        <time>2026-05-04T22:58:55.777Z</time>
      </trkpt>
      <trkpt lat="42.519656" lon="20.012365">
        <ele>1899.894149</ele>
        <time>2026-05-04T22:59:06.871Z</time>
      </trkpt>
      <trkpt lat="42.519698" lon="20.012359">
        <ele>1899.723384</ele>
        <time>2026-05-04T22:59:13.671Z</time>
      </trkpt>
      <trkpt lat="42.519986" lon="20.012120">
        <ele>1898.358299</ele>
        <time>2026-05-04T23:00:09.250Z</time>
      </trkpt>
      <trkpt lat="42.520037" lon="20.012226">
        <ele>1897.981044</ele>
        <time>2026-05-04T23:00:24.874Z</time>
      </trkpt>
      <trkpt lat="42.520098" lon="20.012220">
        <ele>1897.733744</ele>
        <time>2026-05-04T23:00:35.106Z</time>
      </trkpt>
      <trkpt lat="42.520193" lon="20.012272">
        <ele>1897.319530</ele>
        <time>2026-05-04T23:00:52.296Z</time>
      </trkpt>
      <trkpt lat="42.520287" lon="20.012279">
        <ele>1896.938869</ele>
        <time>2026-05-04T23:01:08.160Z</time>
      </trkpt>
      <trkpt lat="42.520367" lon="20.012364">
        <ele>1896.528006</ele>
        <time>2026-05-04T23:01:25.120Z</time>
      </trkpt>
      <trkpt lat="42.520415" lon="20.012545">
        <ele>1895.954734</ele>
        <time>2026-05-04T23:01:48.973Z</time>
      </trkpt>
      <trkpt lat="42.520446" lon="20.012870">
        <ele>1894.978091</ele>
        <time>2026-05-04T23:02:29.368Z</time>
      </trkpt>
      <trkpt lat="42.520501" lon="20.012920">
        <ele>1894.710393</ele>
        <time>2026-05-04T23:02:40.342Z</time>
      </trkpt>
      <trkpt lat="42.520707" lon="20.013609">
        <ele>1892.328609</ele>
        <time>2026-05-04T23:04:10.414Z</time>
      </trkpt>
      <trkpt lat="42.520835" lon="20.013789">
        <ele>1891.525773</ele>
        <time>2026-05-04T23:04:40.688Z</time>
      </trkpt>
      <trkpt lat="42.521022" lon="20.013938">
        <ele>1890.581340</ele>
        <time>2026-05-04T23:05:16.256Z</time>
      </trkpt>
      <trkpt lat="42.521214" lon="20.014042">
        <ele>1889.681008</ele>
        <time>2026-05-04T23:05:49.753Z</time>
      </trkpt>
      <trkpt lat="42.521247" lon="20.014095">
        <ele>1889.458312</ele>
        <time>2026-05-04T23:05:58.091Z</time>
      </trkpt>
      <trkpt lat="42.521266" lon="20.014255">
        <ele>1888.938128</ele>
        <time>2026-05-04T23:06:17.338Z</time>
      </trkpt>
      <trkpt lat="42.521383" lon="20.014457">
        <ele>1888.113501</ele>
        <time>2026-05-04T23:06:47.966Z</time>
      </trkpt>
      <trkpt lat="42.521390" lon="20.014551">
        <ele>1887.810248</ele>
        <time>2026-05-04T23:06:59.314Z</time>
      </trkpt>
      <trkpt lat="42.521478" lon="20.014595">
        <ele>1887.401814</ele>
        <time>2026-05-04T23:07:14.424Z</time>
      </trkpt>
      <trkpt lat="42.521593" lon="20.014770">
        <ele>1886.669116</ele>
        <time>2026-05-04T23:07:42.326Z</time>
      </trkpt>
      <trkpt lat="42.521701" lon="20.015010">
        <ele>1885.874657</ele>
        <time>2026-05-04T23:08:15.919Z</time>
      </trkpt>
      <trkpt lat="42.521764" lon="20.015283">
        <ele>1885.066438</ele>
        <time>2026-05-04T23:08:50.126Z</time>
      </trkpt>
      <trkpt lat="42.521902" lon="20.015461">
        <ele>1884.336543</ele>
        <time>2026-05-04T23:09:21.008Z</time>
      </trkpt>
      <trkpt lat="42.521913" lon="20.015572">
        <ele>1884.020119</ele>
        <time>2026-05-04T23:09:34.405Z</time>
      </trkpt>
      <trkpt lat="42.521958" lon="20.015575">
        <ele>1883.847410</ele>
        <time>2026-05-04T23:09:41.653Z</time>
      </trkpt>
      <trkpt lat="42.521980" lon="20.015611">
        <ele>1883.715286</ele>
        <time>2026-05-04T23:09:47.203Z</time>
      </trkpt>
      <trkpt lat="42.521994" lon="20.015676">
        <ele>1883.523964</ele>
        <time>2026-05-04T23:09:55.311Z</time>
      </trkpt>
      <trkpt lat="42.522154" lon="20.015923">
        <ele>1882.594904</ele>
        <time>2026-05-04T23:10:34.284Z</time>
      </trkpt>
      <trkpt lat="42.522177" lon="20.016048">
        <ele>1882.230910</ele>
        <time>2026-05-04T23:10:49.496Z</time>
      </trkpt>
      <trkpt lat="42.522248" lon="20.016162">
        <ele>1881.809236</ele>
        <time>2026-05-04T23:11:07.070Z</time>
      </trkpt>
      <trkpt lat="42.522613" lon="20.016464">
        <ele>1880.170438</ele>
        <time>2026-05-04T23:12:15.462Z</time>
      </trkpt>
      <trkpt lat="42.522785" lon="20.016542">
        <ele>1878.678302</ele>
        <time>2026-05-04T23:12:44.929Z</time>
      </trkpt>
      <trkpt lat="42.522847" lon="20.016524">
        <ele>1877.999941</ele>
        <time>2026-05-04T23:12:55.319Z</time>
      </trkpt>
      <trkpt lat="42.523012" lon="20.016620">
        <ele>1876.079127</ele>
        <time>2026-05-04T23:13:24.891Z</time>
      </trkpt>
      <trkpt lat="42.523061" lon="20.016696">
        <ele>1875.282893</ele>
        <time>2026-05-04T23:13:37.444Z</time>
      </trkpt>
      <trkpt lat="42.523103" lon="20.016681">
        <ele>1874.818224</ele>
        <time>2026-05-04T23:13:44.614Z</time>
      </trkpt>
      <trkpt lat="42.523160" lon="20.016718">
        <ele>1874.142177</ele>
        <time>2026-05-04T23:13:55.424Z</time>
      </trkpt>
      <trkpt lat="42.523262" lon="20.016723">
        <ele>1873.050153</ele>
        <time>2026-05-04T23:14:12.764Z</time>
      </trkpt>
      <trkpt lat="42.523283" lon="20.016699">
        <ele>1872.756390</ele>
        <time>2026-05-04T23:14:17.512Z</time>
      </trkpt>
      <trkpt lat="42.523329" lon="20.016727">
        <ele>1872.216975</ele>
        <time>2026-05-04T23:14:26.102Z</time>
      </trkpt>
      <trkpt lat="42.523420" lon="20.016896">
        <ele>1870.566582</ele>
        <time>2026-05-04T23:14:53.219Z</time>
      </trkpt>
      <trkpt lat="42.523471" lon="20.017091">
        <ele>1868.935006</ele>
        <time>2026-05-04T23:15:20.717Z</time>
      </trkpt>
      <trkpt lat="42.523536" lon="20.017230">
        <ele>1867.636942</ele>
        <time>2026-05-04T23:15:43.057Z</time>
      </trkpt>
      <trkpt lat="42.523652" lon="20.017281">
        <ele>1866.332315</ele>
        <time>2026-05-04T23:16:06.272Z</time>
      </trkpt>
      <trkpt lat="42.523650" lon="20.017539">
        <ele>1864.297809</ele>
        <time>2026-05-04T23:16:43.265Z</time>
      </trkpt>
      <trkpt lat="42.523623" lon="20.017579">
        <ele>1863.870102</ele>
        <time>2026-05-04T23:16:51.118Z</time>
      </trkpt>
      <trkpt lat="42.523616" lon="20.017667">
        <ele>1863.172170</ele>
        <time>2026-05-04T23:17:04.351Z</time>
      </trkpt>
      <trkpt lat="42.523635" lon="20.017802">
        <ele>1862.088425</ele>
        <time>2026-05-04T23:17:25.200Z</time>
      </trkpt>
      <trkpt lat="42.523674" lon="20.017923">
        <ele>1861.047057</ele>
        <time>2026-05-04T23:17:45.594Z</time>
      </trkpt>
      <trkpt lat="42.523756" lon="20.018028">
        <ele>1859.546905</ele>
        <time>2026-05-04T23:18:10.005Z</time>
      </trkpt>
      <trkpt lat="42.523896" lon="20.018544">
        <ele>1853.686440</ele>
        <time>2026-05-04T23:19:39.673Z</time>
      </trkpt>
      <trkpt lat="42.523892" lon="20.018704">
        <ele>1851.980150</ele>
        <time>2026-05-04T23:20:05.471Z</time>
      </trkpt>
      <trkpt lat="42.523811" lon="20.019034">
        <ele>1848.273011</ele>
        <time>2026-05-04T23:20:59.407Z</time>
      </trkpt>
      <trkpt lat="42.523824" lon="20.019263">
        <ele>1845.825055</ele>
        <time>2026-05-04T23:21:33.129Z</time>
      </trkpt>
      <trkpt lat="42.523778" lon="20.019569">
        <ele>1842.496492</ele>
        <time>2026-05-04T23:22:17.689Z</time>
      </trkpt>
      <trkpt lat="42.523820" lon="20.020146">
        <ele>1836.316790</ele>
        <time>2026-05-04T23:23:35.394Z</time>
      </trkpt>
      <trkpt lat="42.524023" lon="20.020637">
        <ele>1833.648832</ele>
        <time>2026-05-04T23:24:43.948Z</time>
      </trkpt>
      <trkpt lat="42.524219" lon="20.020827">
        <ele>1832.834862</ele>
        <time>2026-05-04T23:25:21.223Z</time>
      </trkpt>
      <trkpt lat="42.524999" lon="20.020845">
        <ele>1830.198760</ele>
        <time>2026-05-04T23:27:19.885Z</time>
      </trkpt>
      <trkpt lat="42.525112" lon="20.020875">
        <ele>1829.809678</ele>
        <time>2026-05-04T23:27:37.932Z</time>
      </trkpt>
      <trkpt lat="42.525229" lon="20.021104">
        <ele>1829.115748</ele>
        <time>2026-05-04T23:28:10.814Z</time>
      </trkpt>
      <trkpt lat="42.525369" lon="20.021294">
        <ele>1828.262813</ele>
        <time>2026-05-04T23:28:42.987Z</time>
      </trkpt>
      <trkpt lat="42.525410" lon="20.021322">
        <ele>1827.904628</ele>
        <time>2026-05-04T23:28:50.415Z</time>
      </trkpt>
      <trkpt lat="42.525517" lon="20.021327">
        <ele>1827.069148</ele>
        <time>2026-05-04T23:29:08.015Z</time>
      </trkpt>
      <trkpt lat="42.525539" lon="20.021418">
        <ele>1826.518362</ele>
        <time>2026-05-04T23:29:19.652Z</time>
      </trkpt>
      <trkpt lat="42.525699" lon="20.021546">
        <ele>1825.068937</ele>
        <time>2026-05-04T23:29:50.503Z</time>
      </trkpt>
      <trkpt lat="42.525967" lon="20.022183">
        <ele>1820.850601</ele>
        <time>2026-05-04T23:31:25.792Z</time>
      </trkpt>
      <trkpt lat="42.526363" lon="20.022620">
        <ele>1816.867437</ele>
        <time>2026-05-04T23:32:56.388Z</time>
      </trkpt>
      <trkpt lat="42.526424" lon="20.022774">
        <ele>1815.861966</ele>
        <time>2026-05-04T23:33:18.561Z</time>
      </trkpt>
      <trkpt lat="42.526357" lon="20.023138">
        <ele>1813.661313</ele>
        <time>2026-05-04T23:34:08.478Z</time>
      </trkpt>
      <trkpt lat="42.526357" lon="20.023151">
        <ele>1813.582755</ele>
        <time>2026-05-04T23:34:10.144Z</time>
      </trkpt>
      <trkpt lat="42.526346" lon="20.023395">
        <ele>1812.105525</ele>
        <time>2026-05-04T23:34:43.009Z</time>
      </trkpt>
      <trkpt lat="42.526379" lon="20.023544">
        <ele>1811.165349</ele>
        <time>2026-05-04T23:35:04.110Z</time>
      </trkpt>
      <trkpt lat="42.526446" lon="20.023706">
        <ele>1810.042776</ele>
        <time>2026-05-04T23:35:29.235Z</time>
      </trkpt>
      <trkpt lat="42.526628" lon="20.023836">
        <ele>1808.356288</ele>
        <time>2026-05-04T23:36:06.962Z</time>
      </trkpt>
      <trkpt lat="42.526690" lon="20.023960">
        <ele>1807.450787</ele>
        <time>2026-05-04T23:36:27.638Z</time>
      </trkpt>
      <trkpt lat="42.526662" lon="20.024054">
        <ele>1806.838110</ele>
        <time>2026-05-04T23:36:41.239Z</time>
      </trkpt>
      <trkpt lat="42.526600" lon="20.024091">
        <ele>1806.282732</ele>
        <time>2026-05-04T23:36:53.915Z</time>
      </trkpt>
      <trkpt lat="42.526579" lon="20.024284">
        <ele>1805.103809</ele>
        <time>2026-05-04T23:37:19.791Z</time>
      </trkpt>
      <trkpt lat="42.526718" lon="20.024619">
        <ele>1802.780636</ele>
        <time>2026-05-04T23:38:08.509Z</time>
      </trkpt>
      <trkpt lat="42.526708" lon="20.024887">
        <ele>1801.159067</ele>
        <time>2026-05-04T23:38:40.768Z</time>
      </trkpt>
      <trkpt lat="42.526639" lon="20.025094">
        <ele>1799.814838</ele>
        <time>2026-05-04T23:39:07.539Z</time>
      </trkpt>
      <trkpt lat="42.526688" lon="20.025114">
        <ele>1800.119011</ele>
        <time>2026-05-04T23:39:15.716Z</time>
      </trkpt>
      <trkpt lat="42.526863" lon="20.025455">
        <ele>1801.939412</ele>
        <time>2026-05-04T23:40:03.679Z</time>
      </trkpt>
      <trkpt lat="42.526901" lon="20.025667">
        <ele>1802.895230</ele>
        <time>2026-05-04T23:40:29.472Z</time>
      </trkpt>
      <trkpt lat="42.526904" lon="20.025851">
        <ele>1803.701505</ele>
        <time>2026-05-04T23:40:53.342Z</time>
      </trkpt>
      <trkpt lat="42.526932" lon="20.025904">
        <ele>1803.987187</ele>
        <time>2026-05-04T23:41:02.241Z</time>
      </trkpt>
      <trkpt lat="42.526948" lon="20.026045">
        <ele>1804.612167</ele>
        <time>2026-05-04T23:41:21.873Z</time>
      </trkpt>
      <trkpt lat="42.527295" lon="20.026479">
        <ele>1807.417481</ele>
        <time>2026-05-04T23:42:54.876Z</time>
      </trkpt>
      <trkpt lat="42.527371" lon="20.026663">
        <ele>1808.341526</ele>
        <time>2026-05-04T23:43:26.944Z</time>
      </trkpt>
      <trkpt lat="42.527471" lon="20.026797">
        <ele>1809.176975</ele>
        <time>2026-05-04T23:43:56.993Z</time>
      </trkpt>
      <trkpt lat="42.527600" lon="20.026867">
        <ele>1810.002858</ele>
        <time>2026-05-04T23:44:27.026Z</time>
      </trkpt>
      <trkpt lat="42.527713" lon="20.027026">
        <ele>1811.464985</ele>
        <time>2026-05-04T23:45:02.242Z</time>
      </trkpt>
      <trkpt lat="42.527827" lon="20.027107">
        <ele>1813.025033</ele>
        <time>2026-05-04T23:45:30.290Z</time>
      </trkpt>
      <trkpt lat="42.528054" lon="20.027414">
        <ele>1816.910420</ele>
        <time>2026-05-04T23:46:38.487Z</time>
      </trkpt>
      <trkpt lat="42.528202" lon="20.027488">
        <ele>1818.822582</ele>
        <time>2026-05-04T23:47:12.031Z</time>
      </trkpt>
      <trkpt lat="42.528240" lon="20.027577">
        <ele>1819.741534</ele>
        <time>2026-05-04T23:47:28.232Z</time>
      </trkpt>
      <trkpt lat="42.528319" lon="20.027671">
        <ele>1821.015320</ele>
        <time>2026-05-04T23:47:50.885Z</time>
      </trkpt>
      <trkpt lat="42.528409" lon="20.027700">
        <ele>1822.136748</ele>
        <time>2026-05-04T23:48:11.565Z</time>
      </trkpt>
      <trkpt lat="42.528457" lon="20.027767">
        <ele>1822.971570</ele>
        <time>2026-05-04T23:48:26.891Z</time>
      </trkpt>
      <trkpt lat="42.528678" lon="20.027804">
        <ele>1825.671114</ele>
        <time>2026-05-04T23:49:15.161Z</time>
      </trkpt>
      <trkpt lat="42.528708" lon="20.027924">
        <ele>1826.803212</ele>
        <time>2026-05-04T23:49:35.533Z</time>
      </trkpt>
      <trkpt lat="42.528764" lon="20.027966">
        <ele>1827.578907</ele>
        <time>2026-05-04T23:49:49.353Z</time>
      </trkpt>
      <trkpt lat="42.528913" lon="20.027994">
        <ele>1829.402504</ele>
        <time>2026-05-04T23:50:22.451Z</time>
      </trkpt>
      <trkpt lat="42.528952" lon="20.027957">
        <ele>1829.979405</ele>
        <time>2026-05-04T23:50:33.087Z</time>
      </trkpt>
      <trkpt lat="42.529090" lon="20.027990">
        <ele>1831.678186</ele>
        <time>2026-05-04T23:51:04.274Z</time>
      </trkpt>
      <trkpt lat="42.529206" lon="20.028090">
        <ele>1833.162911</ele>
        <time>2026-05-04T23:51:34.942Z</time>
      </trkpt>
      <trkpt lat="42.529380" lon="20.028174">
        <ele>1835.012975</ele>
        <time>2026-05-04T23:52:16.136Z</time>
      </trkpt>
      <trkpt lat="42.529647" lon="20.028121">
        <ele>1837.716112</ele>
        <time>2026-05-04T23:53:15.380Z</time>
      </trkpt>
      <trkpt lat="42.529785" lon="20.028151">
        <ele>1839.116154</ele>
        <time>2026-05-04T23:53:45.296Z</time>
      </trkpt>
      <trkpt lat="42.529943" lon="20.028078">
        <ele>1840.788145</ele>
        <time>2026-05-04T23:54:21.111Z</time>
      </trkpt>
      <trkpt lat="42.530312" lon="20.028049">
        <ele>1844.490796</ele>
        <time>2026-05-04T23:55:36.489Z</time>
      </trkpt>
      <trkpt lat="42.531017" lon="20.028330">
        <ele>1851.076993</ele>
        <time>2026-05-04T23:57:54.831Z</time>
      </trkpt>
      <trkpt lat="42.531608" lon="20.028622">
        <ele>1854.195330</ele>
        <time>2026-05-04T23:59:40.003Z</time>
      </trkpt>
      <trkpt lat="42.532227" lon="20.029059">
        <ele>1857.654783</ele>
        <time>2026-05-05T00:01:36.781Z</time>
      </trkpt>
      <trkpt lat="42.532492" lon="20.029172">
        <ele>1859.031984</ele>
        <time>2026-05-05T00:02:26.418Z</time>
      </trkpt>
      <trkpt lat="42.532618" lon="20.029210">
        <ele>1859.996332</ele>
        <time>2026-05-05T00:02:50.312Z</time>
      </trkpt>
      <trkpt lat="42.532804" lon="20.029214">
        <ele>1861.604487</ele>
        <time>2026-05-05T00:03:25.857Z</time>
      </trkpt>
      <trkpt lat="42.533416" lon="20.029432">
        <ele>1867.074394</ele>
        <time>2026-05-05T00:05:32.426Z</time>
      </trkpt>
      <trkpt lat="42.533469" lon="20.029409">
        <ele>1867.555431</ele>
        <time>2026-05-05T00:05:44.113Z</time>
      </trkpt>
      <trkpt lat="42.533482" lon="20.029371">
        <ele>1867.822317</ele>
        <time>2026-05-05T00:05:50.594Z</time>
      </trkpt>
      <trkpt lat="42.533467" lon="20.029204">
        <ele>1868.894028</ele>
        <time>2026-05-05T00:06:16.900Z</time>
      </trkpt>
      <trkpt lat="42.533561" lon="20.028951">
        <ele>1870.698984</ele>
        <time>2026-05-05T00:07:01.048Z</time>
      </trkpt>
      <trkpt lat="42.533719" lon="20.027687">
        <ele>1875.966572</ele>
        <time>2026-05-05T00:10:00.101Z</time>
      </trkpt>
      <trkpt lat="42.533743" lon="20.027618">
        <ele>1876.107316</ele>
        <time>2026-05-05T00:10:09.555Z</time>
      </trkpt>
      <trkpt lat="42.533903" lon="20.027493">
        <ele>1876.569465</ele>
        <time>2026-05-05T00:10:39.718Z</time>
      </trkpt>
      <trkpt lat="42.534001" lon="20.027475">
        <ele>1876.817020</ele>
        <time>2026-05-05T00:10:55.403Z</time>
      </trkpt>
      <trkpt lat="42.534253" lon="20.027347">
        <ele>1877.490579</ele>
        <time>2026-05-05T00:11:36.920Z</time>
      </trkpt>
      <trkpt lat="42.534642" lon="20.027251">
        <ele>1878.480314</ele>
        <time>2026-05-05T00:12:36.944Z</time>
      </trkpt>
      <trkpt lat="42.534806" lon="20.027076">
        <ele>1879.002557</ele>
        <time>2026-05-05T00:13:09.122Z</time>
      </trkpt>
      <trkpt lat="42.534874" lon="20.026893">
        <ele>1879.240030</ele>
        <time>2026-05-05T00:13:32.415Z</time>
      </trkpt>
      <trkpt lat="42.534969" lon="20.026752">
        <ele>1879.061736</ele>
        <time>2026-05-05T00:13:54.037Z</time>
      </trkpt>
      <trkpt lat="42.535007" lon="20.026535">
        <ele>1878.853593</ele>
        <time>2026-05-05T00:14:19.156Z</time>
      </trkpt>
      <trkpt lat="42.535084" lon="20.026344">
        <ele>1878.650421</ele>
        <time>2026-05-05T00:14:43.558Z</time>
      </trkpt>
      <trkpt lat="42.535087" lon="20.026215">
        <ele>1878.529979</ele>
        <time>2026-05-05T00:14:57.948Z</time>
      </trkpt>
      <trkpt lat="42.534925" lon="20.025845">
        <ele>1878.128342</ele>
        <time>2026-05-05T00:15:46.075Z</time>
      </trkpt>
      <trkpt lat="42.534822" lon="20.025540">
        <ele>1877.815249</ele>
        <time>2026-05-05T00:16:23.911Z</time>
      </trkpt>
      <trkpt lat="42.534725" lon="20.025420">
        <ele>1877.649023</ele>
        <time>2026-05-05T00:16:44.083Z</time>
      </trkpt>
      <trkpt lat="42.534697" lon="20.025415">
        <ele>1877.613257</ele>
        <time>2026-05-05T00:16:48.476Z</time>
      </trkpt>
      <trkpt lat="42.534656" lon="20.025324">
        <ele>1877.513719</ele>
        <time>2026-05-05T00:17:00.473Z</time>
      </trkpt>
      <trkpt lat="42.534730" lon="20.025309">
        <ele>1877.418963</ele>
        <time>2026-05-05T00:17:11.834Z</time>
      </trkpt>
      <trkpt lat="42.535077" lon="20.025382">
        <ele>1876.792983</ele>
        <time>2026-05-05T00:18:06.670Z</time>
      </trkpt>
      <trkpt lat="42.535184" lon="20.025408">
        <ele>1875.944759</ele>
        <time>2026-05-05T00:18:23.706Z</time>
      </trkpt>
      <trkpt lat="42.535283" lon="20.025475">
        <ele>1875.081509</ele>
        <time>2026-05-05T00:18:41.355Z</time>
      </trkpt>
      <trkpt lat="42.535474" lon="20.025438">
        <ele>1873.575983</ele>
        <time>2026-05-05T00:19:12.521Z</time>
      </trkpt>
      <trkpt lat="42.535561" lon="20.025390">
        <ele>1872.843144</ele>
        <time>2026-05-05T00:19:27.963Z</time>
      </trkpt>
      <trkpt lat="42.535755" lon="20.025389">
        <ele>1871.329305</ele>
        <time>2026-05-05T00:19:59.976Z</time>
      </trkpt>
      <trkpt lat="42.535914" lon="20.025345">
        <ele>1870.063059</ele>
        <time>2026-05-05T00:20:27.605Z</time>
      </trkpt>
      <trkpt lat="42.535953" lon="20.025394">
        <ele>1869.648339</ele>
        <time>2026-05-05T00:20:36.844Z</time>
      </trkpt>
      <trkpt lat="42.536034" lon="20.025411">
        <ele>1869.008763</ele>
        <time>2026-05-05T00:20:51.009Z</time>
      </trkpt>
      <trkpt lat="42.536101" lon="20.025382">
        <ele>1868.459999</ele>
        <time>2026-05-05T00:21:03.347Z</time>
      </trkpt>
      <trkpt lat="42.536166" lon="20.025296">
        <ele>1867.751637</ele>
        <time>2026-05-05T00:21:19.276Z</time>
      </trkpt>
      <trkpt lat="42.536708" lon="20.025171">
        <ele>1863.461648</ele>
        <time>2026-05-05T00:22:59.829Z</time>
      </trkpt>
      <trkpt lat="42.536997" lon="20.025447">
        <ele>1857.266835</ele>
        <time>2026-05-05T00:24:08.378Z</time>
      </trkpt>
      <trkpt lat="42.537129" lon="20.025485">
        <ele>1854.619517</ele>
        <time>2026-05-05T00:24:35.206Z</time>
      </trkpt>
      <trkpt lat="42.537479" lon="20.025471">
        <ele>1847.749914</ele>
        <time>2026-05-05T00:25:50.530Z</time>
      </trkpt>
      <trkpt lat="42.537897" lon="20.025617">
        <ele>1839.281971</ele>
        <time>2026-05-05T00:27:30.329Z</time>
      </trkpt>
      <trkpt lat="42.538039" lon="20.025587">
        <ele>1836.462532</ele>
        <time>2026-05-05T00:28:05.220Z</time>
      </trkpt>
      <trkpt lat="42.538271" lon="20.025635">
        <ele>1831.858357</ele>
        <time>2026-05-05T00:29:03.560Z</time>
      </trkpt>
      <trkpt lat="42.538367" lon="20.025713">
        <ele>1829.663223</ele>
        <time>2026-05-05T00:29:32.032Z</time>
      </trkpt>
      <trkpt lat="42.538539" lon="20.025766">
        <ele>1826.410832</ele>
        <time>2026-05-05T00:30:14.520Z</time>
      </trkpt>
      <trkpt lat="42.538648" lon="20.025885">
        <ele>1824.050967</ele>
        <time>2026-05-05T00:30:46.865Z</time>
      </trkpt>
      <trkpt lat="42.538741" lon="20.025910">
        <ele>1822.451627</ele>
        <time>2026-05-05T00:31:07.906Z</time>
      </trkpt>
      <trkpt lat="42.538939" lon="20.026070">
        <ele>1818.564235</ele>
        <time>2026-05-05T00:31:58.021Z</time>
      </trkpt>
      <trkpt lat="42.539069" lon="20.026250">
        <ele>1815.431325</ele>
        <time>2026-05-05T00:32:37.099Z</time>
      </trkpt>
      <trkpt lat="42.539191" lon="20.026535">
        <ele>1811.334408</ele>
        <time>2026-05-05T00:33:27.152Z</time>
      </trkpt>
      <trkpt lat="42.539284" lon="20.026577">
        <ele>1809.680969</ele>
        <time>2026-05-05T00:33:46.481Z</time>
      </trkpt>
      <trkpt lat="42.539361" lon="20.026476">
        <ele>1807.874511</ele>
        <time>2026-05-05T00:34:07.432Z</time>
      </trkpt>
      <trkpt lat="42.539685" lon="20.026642">
        <ele>1802.032313</ele>
        <time>2026-05-05T00:35:14.065Z</time>
      </trkpt>
      <trkpt lat="42.539734" lon="20.026701">
        <ele>1800.927293</ele>
        <time>2026-05-05T00:35:26.510Z</time>
      </trkpt>
      <trkpt lat="42.539852" lon="20.027139">
        <ele>1796.100281</ele>
        <time>2026-05-05T00:36:28.884Z</time>
      </trkpt>
      <trkpt lat="42.539846" lon="20.027733">
        <ele>1791.950424</ele>
        <time>2026-05-05T00:37:44.963Z</time>
      </trkpt>
      <trkpt lat="42.539923" lon="20.028419">
        <ele>1787.102994</ele>
        <time>2026-05-05T00:39:16.288Z</time>
      </trkpt>
      <trkpt lat="42.539869" lon="20.028720">
        <ele>1784.938888</ele>
        <time>2026-05-05T00:39:57.025Z</time>
      </trkpt>
      <trkpt lat="42.539684" lon="20.029243">
        <ele>1780.886182</ele>
        <time>2026-05-05T00:41:13.115Z</time>
      </trkpt>
      <trkpt lat="42.539550" lon="20.029803">
        <ele>1778.402161</ele>
        <time>2026-05-05T00:42:28.766Z</time>
      </trkpt>
      <trkpt lat="42.539555" lon="20.029998">
        <ele>1777.670200</ele>
        <time>2026-05-05T00:42:53.350Z</time>
      </trkpt>
      <trkpt lat="42.539531" lon="20.030075">
        <ele>1777.356562</ele>
        <time>2026-05-05T00:43:03.801Z</time>
      </trkpt>
      <trkpt lat="42.539560" lon="20.030137">
        <ele>1777.081069</ele>
        <time>2026-05-05T00:43:12.938Z</time>
      </trkpt>
      <trkpt lat="42.539583" lon="20.030322">
        <ele>1776.377255</ele>
        <time>2026-05-05T00:43:36.262Z</time>
      </trkpt>
      <trkpt lat="42.539567" lon="20.030768">
        <ele>1774.702160</ele>
        <time>2026-05-05T00:44:30.394Z</time>
      </trkpt>
      <trkpt lat="42.539614" lon="20.031219">
        <ele>1772.993452</ele>
        <time>2026-05-05T00:45:24.006Z</time>
      </trkpt>
      <trkpt lat="42.539680" lon="20.031487">
        <ele>1771.933415</ele>
        <time>2026-05-05T00:45:56.533Z</time>
      </trkpt>
      <trkpt lat="42.539713" lon="20.031744">
        <ele>1771.129236</ele>
        <time>2026-05-05T00:46:26.490Z</time>
      </trkpt>
      <trkpt lat="42.539791" lon="20.031883">
        <ele>1771.111359</ele>
        <time>2026-05-05T00:46:46.474Z</time>
      </trkpt>
      <trkpt lat="42.539849" lon="20.032079">
        <ele>1771.089747</ele>
        <time>2026-05-05T00:47:10.748Z</time>
      </trkpt>
      <trkpt lat="42.539885" lon="20.032299">
        <ele>1771.066689</ele>
        <time>2026-05-05T00:47:36.802Z</time>
      </trkpt>
      <trkpt lat="42.539931" lon="20.032887">
        <ele>1771.006188</ele>
        <time>2026-05-05T00:48:45.964Z</time>
      </trkpt>
      <trkpt lat="42.540098" lon="20.033946">
        <ele>1770.895380</ele>
        <time>2026-05-05T00:50:47.461Z</time>
      </trkpt>
      <trkpt lat="42.540291" lon="20.034374">
        <ele>1771.399481</ele>
        <time>2026-05-05T00:51:54.402Z</time>
      </trkpt>
      <trkpt lat="42.540429" lon="20.034444">
        <ele>1771.660862</ele>
        <time>2026-05-05T00:52:22.619Z</time>
      </trkpt>
      <trkpt lat="42.540492" lon="20.034525">
        <ele>1771.814827</ele>
        <time>2026-05-05T00:52:39.098Z</time>
      </trkpt>
      <trkpt lat="42.540747" lon="20.034721">
        <ele>1772.334763</ele>
        <time>2026-05-05T00:53:33.306Z</time>
      </trkpt>
      <trkpt lat="42.540897" lon="20.034793">
        <ele>1772.617047</ele>
        <time>2026-05-05T00:54:01.320Z</time>
      </trkpt>
      <trkpt lat="42.540967" lon="20.034785">
        <ele>1772.741680</ele>
        <time>2026-05-05T00:54:13.489Z</time>
      </trkpt>
      <trkpt lat="42.541136" lon="20.034839">
        <ele>1773.049718</ele>
        <time>2026-05-05T00:54:42.409Z</time>
      </trkpt>
      <trkpt lat="42.541465" lon="20.034874">
        <ele>1773.635221</ele>
        <time>2026-05-05T00:55:22.756Z</time>
      </trkpt>
      <trkpt lat="42.541543" lon="20.034967">
        <ele>1773.819424</ele>
        <time>2026-05-05T00:55:36.027Z</time>
      </trkpt>
      <trkpt lat="42.541562" lon="20.035417">
        <ele>1771.442311</ele>
        <time>2026-05-05T00:56:20.717Z</time>
      </trkpt>
      <trkpt lat="42.541602" lon="20.035712">
        <ele>1768.342847</ele>
        <time>2026-05-05T00:56:52.707Z</time>
      </trkpt>
      <trkpt lat="42.541611" lon="20.035940">
        <ele>1765.983515</ele>
        <time>2026-05-05T00:57:17.983Z</time>
      </trkpt>
      <trkpt lat="42.541580" lon="20.036286">
        <ele>1762.381915</ele>
        <time>2026-05-05T00:57:57.821Z</time>
      </trkpt>
      <trkpt lat="42.541598" lon="20.036390">
        <ele>1761.278017</ele>
        <time>2026-05-05T00:58:10.757Z</time>
      </trkpt>
      <trkpt lat="42.541634" lon="20.036508">
        <ele>1759.958311</ele>
        <time>2026-05-05T00:58:26.117Z</time>
      </trkpt>
      <trkpt lat="42.541744" lon="20.036706">
        <ele>1757.395914</ele>
        <time>2026-05-05T00:58:56.466Z</time>
      </trkpt>
      <trkpt lat="42.542113" lon="20.037060">
        <ele>1751.058590</ele>
        <time>2026-05-05T01:00:12.088Z</time>
      </trkpt>
      <trkpt lat="42.542111" lon="20.037130">
        <ele>1750.334734</ele>
        <time>2026-05-05T01:00:20.762Z</time>
      </trkpt>
      <trkpt lat="42.542056" lon="20.037293">
        <ele>1748.334259</ele>
        <time>2026-05-05T01:00:42.541Z</time>
      </trkpt>
      <trkpt lat="42.542065" lon="20.037359">
        <ele>1747.361884</ele>
        <time>2026-05-05T01:00:50.664Z</time>
      </trkpt>
      <trkpt lat="42.542198" lon="20.037545">
        <ele>1743.606962</ele>
        <time>2026-05-05T01:01:22.279Z</time>
      </trkpt>
      <trkpt lat="42.542217" lon="20.037626">
        <ele>1742.375491</ele>
        <time>2026-05-05T01:01:32.715Z</time>
      </trkpt>
      <trkpt lat="42.542128" lon="20.038025">
        <ele>1736.336133</ele>
        <time>2026-05-05T01:02:24.644Z</time>
      </trkpt>
      <trkpt lat="42.542224" lon="20.038167">
        <ele>1733.544211</ele>
        <time>2026-05-05T01:02:57.560Z</time>
      </trkpt>
      <trkpt lat="42.542169" lon="20.038311">
        <ele>1731.194454</ele>
        <time>2026-05-05T01:03:25.706Z</time>
      </trkpt>
      <trkpt lat="42.542183" lon="20.038348">
        <ele>1730.591887</ele>
        <time>2026-05-05T01:03:33.045Z</time>
      </trkpt>
      <trkpt lat="42.542221" lon="20.038350">
        <ele>1729.844153</ele>
        <time>2026-05-05T01:03:42.141Z</time>
      </trkpt>
      <trkpt lat="42.542237" lon="20.038441">
        <ele>1728.488829</ele>
        <time>2026-05-05T01:03:58.503Z</time>
      </trkpt>
      <trkpt lat="42.542271" lon="20.038490">
        <ele>1727.513730</ele>
        <time>2026-05-05T01:04:10.590Z</time>
      </trkpt>
      <trkpt lat="42.542227" lon="20.038628">
        <ele>1725.335374</ele>
        <time>2026-05-05T01:04:37.655Z</time>
      </trkpt>
      <trkpt lat="42.542271" lon="20.038708">
        <ele>1723.889123</ele>
        <time>2026-05-05T01:04:55.865Z</time>
      </trkpt>
      <trkpt lat="42.542311" lon="20.038705">
        <ele>1723.101425</ele>
        <time>2026-05-05T01:05:05.583Z</time>
      </trkpt>
      <trkpt lat="42.542327" lon="20.038734">
        <ele>1722.576571</ele>
        <time>2026-05-05T01:05:12.115Z</time>
      </trkpt>
      <trkpt lat="42.542308" lon="20.038827">
        <ele>1721.178457</ele>
        <time>2026-05-05T01:05:29.785Z</time>
      </trkpt>
      <trkpt lat="42.542336" lon="20.038952">
        <ele>1719.285759</ele>
        <time>2026-05-05T01:05:53.389Z</time>
      </trkpt>
      <trkpt lat="42.542313" lon="20.039071">
        <ele>1717.503494</ele>
        <time>2026-05-05T01:06:15.575Z</time>
      </trkpt>
      <trkpt lat="42.542446" lon="20.039272">
        <ele>1713.589715</ele>
        <time>2026-05-05T01:07:03.528Z</time>
      </trkpt>
      <trkpt lat="42.542386" lon="20.039427">
        <ele>1710.895135</ele>
        <time>2026-05-05T01:07:34.372Z</time>
      </trkpt>
      <trkpt lat="42.542377" lon="20.039547">
        <ele>1709.034128</ele>
        <time>2026-05-05T01:07:55.571Z</time>
      </trkpt>
      <trkpt lat="42.542380" lon="20.039756">
        <ele>1705.808926</ele>
        <time>2026-05-05T01:08:31.865Z</time>
      </trkpt>
      <trkpt lat="42.542422" lon="20.039838">
        <ele>1704.268101</ele>
        <time>2026-05-05T01:08:49.206Z</time>
      </trkpt>
      <trkpt lat="42.542432" lon="20.039920">
        <ele>1702.985738</ele>
        <time>2026-05-05T01:09:03.639Z</time>
      </trkpt>
      <trkpt lat="42.542385" lon="20.040024">
        <ele>1701.103358</ele>
        <time>2026-05-05T01:09:24.955Z</time>
      </trkpt>
      <trkpt lat="42.542287" lon="20.040071">
        <ele>1698.926817</ele>
        <time>2026-05-05T01:09:49.885Z</time>
      </trkpt>
      <trkpt lat="42.542236" lon="20.040187">
        <ele>1696.842662</ele>
        <time>2026-05-05T01:10:13.677Z</time>
      </trkpt>
      <trkpt lat="42.542257" lon="20.040268">
        <ele>1695.517824</ele>
        <time>2026-05-05T01:10:28.993Z</time>
      </trkpt>
      <trkpt lat="42.542237" lon="20.040314">
        <ele>1694.693744</ele>
        <time>2026-05-05T01:10:38.565Z</time>
      </trkpt>
      <trkpt lat="42.542373" lon="20.040444">
        <ele>1691.210397</ele>
        <time>2026-05-05T01:11:19.114Z</time>
      </trkpt>
      <trkpt lat="42.542343" lon="20.040823">
        <ele>1685.329283</ele>
        <time>2026-05-05T01:12:27.873Z</time>
      </trkpt>
      <trkpt lat="42.542397" lon="20.040848">
        <ele>1684.134509</ele>
        <time>2026-05-05T01:12:41.902Z</time>
      </trkpt>
      <trkpt lat="42.542440" lon="20.040932">
        <ele>1682.556394</ele>
        <time>2026-05-05T01:13:00.475Z</time>
      </trkpt>
      <trkpt lat="42.542426" lon="20.041007">
        <ele>1681.362685</ele>
        <time>2026-05-05T01:13:14.642Z</time>
      </trkpt>
      <trkpt lat="42.542634" lon="20.041193">
        <ele>1676.146633</ele>
        <time>2026-05-05T01:14:16.892Z</time>
      </trkpt>
      <trkpt lat="42.542696" lon="20.041208">
        <ele>1674.882633</ele>
        <time>2026-05-05T01:14:32.700Z</time>
      </trkpt>
      <trkpt lat="42.542712" lon="20.041273">
        <ele>1673.883696</ele>
        <time>2026-05-05T01:14:45.249Z</time>
      </trkpt>
      <trkpt lat="42.542738" lon="20.041411">
        <ele>1671.807444</ele>
        <time>2026-05-05T01:15:11.680Z</time>
      </trkpt>
      <trkpt lat="42.542704" lon="20.041733">
        <ele>1667.065930</ele>
        <time>2026-05-05T01:16:11.873Z</time>
      </trkpt>
      <trkpt lat="42.542715" lon="20.041980">
        <ele>1663.459020</ele>
        <time>2026-05-05T01:16:58.116Z</time>
      </trkpt>
      <trkpt lat="42.542751" lon="20.042015">
        <ele>1662.582931</ele>
        <time>2026-05-05T01:17:09.322Z</time>
      </trkpt>
      <trkpt lat="42.542760" lon="20.042063">
        <ele>1661.860969</ele>
        <time>2026-05-05T01:17:18.570Z</time>
      </trkpt>
      <trkpt lat="42.542746" lon="20.042142">
        <ele>1660.676603</ele>
        <time>2026-05-05T01:17:33.974Z</time>
      </trkpt>
      <trkpt lat="42.542698" lon="20.042193">
        <ele>1659.470609</ele>
        <time>2026-05-05T01:17:49.642Z</time>
      </trkpt>
      <trkpt lat="42.542699" lon="20.042222">
        <ele>1659.047434</ele>
        <time>2026-05-05T01:17:55.078Z</time>
      </trkpt>
      <trkpt lat="42.542805" lon="20.042325">
        <ele>1656.468311</ele>
        <time>2026-05-05T01:18:28.445Z</time>
      </trkpt>
      <trkpt lat="42.542957" lon="20.042403">
        <ele>1653.253402</ele>
        <time>2026-05-05T01:19:09.592Z</time>
      </trkpt>
      <trkpt lat="42.542924" lon="20.043611">
        <ele>1639.428959</ele>
        <time>2026-05-05T01:22:24.924Z</time>
      </trkpt>
      <trkpt lat="42.542960" lon="20.043886">
        <ele>1638.715516</ele>
        <time>2026-05-05T01:23:04.802Z</time>
      </trkpt>
      <trkpt lat="42.543022" lon="20.044127">
        <ele>1638.063474</ele>
        <time>2026-05-05T01:23:39.695Z</time>
      </trkpt>
      <trkpt lat="42.543145" lon="20.044244">
        <ele>1637.542744</ele>
        <time>2026-05-05T01:24:06.242Z</time>
      </trkpt>
      <trkpt lat="42.543107" lon="20.044321">
        <ele>1637.306015</ele>
        <time>2026-05-05T01:24:17.937Z</time>
      </trkpt>
      <trkpt lat="42.543147" lon="20.044522">
        <ele>1636.774197</ele>
        <time>2026-05-05T01:24:43.553Z</time>
      </trkpt>
      <trkpt lat="42.543175" lon="20.044872">
        <ele>1635.874929</ele>
        <time>2026-05-05T01:25:27.361Z</time>
      </trkpt>
      <trkpt lat="42.543347" lon="20.045416">
        <ele>1634.362833</ele>
        <time>2026-05-05T01:26:49.702Z</time>
      </trkpt>
      <trkpt lat="42.543434" lon="20.045538">
        <ele>1634.111462</ele>
        <time>2026-05-05T01:27:14.808Z</time>
      </trkpt>
      <trkpt lat="42.543494" lon="20.045690">
        <ele>1634.809453</ele>
        <time>2026-05-05T01:27:40.450Z</time>
      </trkpt>
      <trkpt lat="42.543487" lon="20.045714">
        <ele>1634.913933</ele>
        <time>2026-05-05T01:27:44.290Z</time>
      </trkpt>
      <trkpt lat="42.543396" lon="20.045722">
        <ele>1635.414924</ele>
        <time>2026-05-05T01:28:02.717Z</time>
      </trkpt>
      <trkpt lat="42.543377" lon="20.045779">
        <ele>1635.668158</ele>
        <time>2026-05-05T01:28:11.884Z</time>
      </trkpt>
      <trkpt lat="42.543468" lon="20.046477">
        <ele>1638.537346</ele>
        <time>2026-05-05T01:29:53.246Z</time>
      </trkpt>
      <trkpt lat="42.543473" lon="20.046717">
        <ele>1639.509182</ele>
        <time>2026-05-05T01:30:26.870Z</time>
      </trkpt>
      <trkpt lat="42.543441" lon="20.046900">
        <ele>1640.270488</ele>
        <time>2026-05-05T01:30:52.874Z</time>
      </trkpt>
      <trkpt lat="42.543551" lon="20.047057">
        <ele>1641.147447</ele>
        <time>2026-05-05T01:31:22.208Z</time>
      </trkpt>
      <trkpt lat="42.543479" lon="20.047561">
        <ele>1643.225481</ele>
        <time>2026-05-05T01:32:33.188Z</time>
      </trkpt>
      <trkpt lat="42.543408" lon="20.047591">
        <ele>1643.634011</ele>
        <time>2026-05-05T01:32:47.661Z</time>
      </trkpt>
      <trkpt lat="42.543386" lon="20.047717">
        <ele>1644.480673</ele>
        <time>2026-05-05T01:33:06.589Z</time>
      </trkpt>
      <trkpt lat="42.543305" lon="20.047926">
        <ele>1646.549806</ele>
        <time>2026-05-05T01:33:41.264Z</time>
      </trkpt>
      <trkpt lat="42.543310" lon="20.048024">
        <ele>1647.410526</ele>
        <time>2026-05-05T01:33:55.899Z</time>
      </trkpt>
      <trkpt lat="42.543383" lon="20.048242">
        <ele>1649.508645</ele>
        <time>2026-05-05T01:34:31.861Z</time>
      </trkpt>
      <trkpt lat="42.543379" lon="20.048343">
        <ele>1650.394871</ele>
        <time>2026-05-05T01:34:47.039Z</time>
      </trkpt>
      <trkpt lat="42.543444" lon="20.048741">
        <ele>1653.966739</ele>
        <time>2026-05-05T01:35:51.469Z</time>
      </trkpt>
      <trkpt lat="42.543427" lon="20.048908">
        <ele>1655.443870</ele>
        <time>2026-05-05T01:36:19.785Z</time>
      </trkpt>
      <trkpt lat="42.543478" lon="20.049051">
        <ele>1656.835892</ele>
        <time>2026-05-05T01:36:47.755Z</time>
      </trkpt>
      <trkpt lat="42.543483" lon="20.049129">
        <ele>1657.521898</ele>
        <time>2026-05-05T01:37:01.792Z</time>
      </trkpt>
      <trkpt lat="42.543459" lon="20.049347">
        <ele>1659.453188</ele>
        <time>2026-05-05T01:37:42.789Z</time>
      </trkpt>
      <trkpt lat="42.543522" lon="20.049502">
        <ele>1661.004229</ele>
        <time>2026-05-05T01:38:17.782Z</time>
      </trkpt>
      <trkpt lat="42.543526" lon="20.049618">
        <ele>1662.021715</ele>
        <time>2026-05-05T01:38:41.328Z</time>
      </trkpt>
      <trkpt lat="42.543497" lon="20.049725">
        <ele>1663.020655</ele>
        <time>2026-05-05T01:39:05.322Z</time>
      </trkpt>
      <trkpt lat="42.543367" lon="20.049984">
        <ele>1666.303155</ele>
        <time>2026-05-05T01:40:14.429Z</time>
      </trkpt>
      <trkpt lat="42.543403" lon="20.050815">
        <ele>1681.499386</ele>
        <time>2026-05-05T01:43:39.137Z</time>
      </trkpt>
      <trkpt lat="42.543563" lon="20.051453">
        <ele>1693.802376</ele>
        <time>2026-05-05T01:46:54.403Z</time>
      </trkpt>
      <trkpt lat="42.543603" lon="20.051476">
        <ele>1694.878741</ele>
        <time>2026-05-05T01:47:12.882Z</time>
      </trkpt>
      <trkpt lat="42.543568" lon="20.051663">
        <ele>1698.400873</ele>
        <time>2026-05-05T01:48:12.537Z</time>
      </trkpt>
      <trkpt lat="42.543591" lon="20.051680">
        <ele>1699.049774</ele>
        <time>2026-05-05T01:48:23.948Z</time>
      </trkpt>
      <trkpt lat="42.543659" lon="20.051636">
        <ele>1700.916305</ele>
        <time>2026-05-05T01:48:55.498Z</time>
      </trkpt>
      <trkpt lat="42.543633" lon="20.051730">
        <ele>1702.749223</ele>
        <time>2026-05-05T01:49:27.044Z</time>
      </trkpt>
      <trkpt lat="42.543669" lon="20.051932">
        <ele>1706.543097</ele>
        <time>2026-05-05T01:50:31.574Z</time>
      </trkpt>
      <trkpt lat="42.543649" lon="20.052035">
        <ele>1708.487574</ele>
        <time>2026-05-05T01:51:04.171Z</time>
      </trkpt>
      <trkpt lat="42.543672" lon="20.052057">
        <ele>1709.184751</ele>
        <time>2026-05-05T01:51:15.937Z</time>
      </trkpt>
      <trkpt lat="42.543630" lon="20.052105">
        <ele>1710.351956</ele>
        <time>2026-05-05T01:51:38.910Z</time>
      </trkpt>
      <trkpt lat="42.543633" lon="20.052220">
        <ele>1711.879433</ele>
        <time>2026-05-05T01:52:13.278Z</time>
      </trkpt>
      <trkpt lat="42.543606" lon="20.052262">
        <ele>1712.619336</ele>
        <time>2026-05-05T01:52:29.801Z</time>
      </trkpt>
      <trkpt lat="42.543606" lon="20.052359">
        <ele>1713.906924</ele>
        <time>2026-05-05T01:52:58.039Z</time>
      </trkpt>
      <trkpt lat="42.543521" lon="20.052517">
        <ele>1716.503840</ele>
        <time>2026-05-05T01:53:53.629Z</time>
      </trkpt>
      <trkpt lat="42.543497" lon="20.052665">
        <ele>1718.515433</ele>
        <time>2026-05-05T01:54:35.829Z</time>
      </trkpt>
      <trkpt lat="42.543409" lon="20.052821">
        <ele>1721.123460</ele>
        <time>2026-05-05T01:55:28.285Z</time>
      </trkpt>
      <trkpt lat="42.543369" lon="20.052834">
        <ele>1721.864504</ele>
        <time>2026-05-05T01:55:42.776Z</time>
      </trkpt>
      <trkpt lat="42.543353" lon="20.052958">
        <ele>1723.535551</ele>
        <time>2026-05-05T01:56:14.891Z</time>
      </trkpt>
      <trkpt lat="42.543272" lon="20.053076">
        <ele>1725.676389</ele>
        <time>2026-05-05T01:56:53.834Z</time>
      </trkpt>
      <trkpt lat="42.543231" lon="20.053207">
        <ele>1727.565699</ele>
        <time>2026-05-05T01:57:26.275Z</time>
      </trkpt>
      <trkpt lat="42.543177" lon="20.053244">
        <ele>1728.655548</ele>
        <time>2026-05-05T01:57:44.302Z</time>
      </trkpt>
      <trkpt lat="42.543129" lon="20.053239">
        <ele>1729.522897</ele>
        <time>2026-05-05T01:57:58.046Z</time>
      </trkpt>
      <trkpt lat="42.543107" lon="20.053173">
        <ele>1730.484487</ele>
        <time>2026-05-05T01:58:12.616Z</time>
      </trkpt>
      <trkpt lat="42.543008" lon="20.053038">
        <ele>1733.012882</ele>
        <time>2026-05-05T01:58:48.512Z</time>
      </trkpt>
      <trkpt lat="42.542931" lon="20.053044">
        <ele>1734.402459</ele>
        <time>2026-05-05T01:59:06.691Z</time>
      </trkpt>
      <trkpt lat="42.542898" lon="20.053107">
        <ele>1735.428546</ele>
        <time>2026-05-05T01:59:19.343Z</time>
      </trkpt>
      <trkpt lat="42.542879" lon="20.053444">
        <ele>1739.915048</ele>
        <time>2026-05-05T02:00:11.607Z</time>
      </trkpt>
      <trkpt lat="42.542909" lon="20.053594">
        <ele>1741.978243</ele>
        <time>2026-05-05T02:00:34.136Z</time>
      </trkpt>
      <trkpt lat="42.542839" lon="20.053756">
        <ele>1742.697578</ele>
        <time>2026-05-05T02:01:00.190Z</time>
      </trkpt>
      <trkpt lat="42.542876" lon="20.054091">
        <ele>1743.615243</ele>
        <time>2026-05-05T02:01:45.304Z</time>
      </trkpt>
      <trkpt lat="42.542831" lon="20.054219">
        <ele>1743.999452</ele>
        <time>2026-05-05T02:02:03.875Z</time>
      </trkpt>
      <trkpt lat="42.542863" lon="20.054829">
        <ele>1745.656143</ele>
        <time>2026-05-05T02:03:23.499Z</time>
      </trkpt>
      <trkpt lat="42.542898" lon="20.055108">
        <ele>1746.422839</ele>
        <time>2026-05-05T02:04:00.150Z</time>
      </trkpt>
      <trkpt lat="42.542972" lon="20.055367">
        <ele>1747.175386</ele>
        <time>2026-05-05T02:04:36.242Z</time>
      </trkpt>
      <trkpt lat="42.543012" lon="20.055457">
        <ele>1747.460124</ele>
        <time>2026-05-05T02:04:49.800Z</time>
      </trkpt>
      <trkpt lat="42.543216" lon="20.055665">
        <ele>1748.398278</ele>
        <time>2026-05-05T02:05:34.890Z</time>
      </trkpt>
      <trkpt lat="42.543357" lon="20.056042">
        <ele>1749.093295</ele>
        <time>2026-05-05T02:06:31.569Z</time>
      </trkpt>
      <trkpt lat="42.543404" lon="20.056103">
        <ele>1749.175760</ele>
        <time>2026-05-05T02:06:43.419Z</time>
      </trkpt>
      <trkpt lat="42.543606" lon="20.056368">
        <ele>1749.532018</ele>
        <time>2026-05-05T02:07:33.987Z</time>
      </trkpt>
      <trkpt lat="42.543688" lon="20.056457">
        <ele>1749.665163</ele>
        <time>2026-05-05T02:07:52.721Z</time>
      </trkpt>
      <trkpt lat="42.543874" lon="20.056577">
        <ele>1749.926324</ele>
        <time>2026-05-05T02:08:28.773Z</time>
      </trkpt>
      <trkpt lat="42.544032" lon="20.056781">
        <ele>1750.202861</ele>
        <time>2026-05-05T02:09:06.118Z</time>
      </trkpt>
      <trkpt lat="42.544131" lon="20.056864">
        <ele>1750.350424</ele>
        <time>2026-05-05T02:09:25.580Z</time>
      </trkpt>
      <trkpt lat="42.544457" lon="20.057399">
        <ele>1750.999079</ele>
        <time>2026-05-05T02:10:48.735Z</time>
      </trkpt>
      <trkpt lat="42.544894" lon="20.057951">
        <ele>1750.716993</ele>
        <time>2026-05-05T02:12:02.723Z</time>
      </trkpt>
      <trkpt lat="42.545019" lon="20.058075">
        <ele>1750.583736</ele>
        <time>2026-05-05T02:12:22.362Z</time>
      </trkpt>
      <trkpt lat="42.545111" lon="20.058267">
        <ele>1750.438501</ele>
        <time>2026-05-05T02:12:43.523Z</time>
      </trkpt>
      <trkpt lat="42.545324" lon="20.058596">
        <ele>1750.160774</ele>
        <time>2026-05-05T02:13:23.322Z</time>
      </trkpt>
      <trkpt lat="42.545511" lon="20.058999">
        <ele>1749.858766</ele>
        <time>2026-05-05T02:14:05.630Z</time>
      </trkpt>
      <trkpt lat="42.545751" lon="20.059415">
        <ele>1749.730176</ele>
        <time>2026-05-05T02:14:52.726Z</time>
      </trkpt>
      <trkpt lat="42.545911" lon="20.059880">
        <ele>1750.433543</ele>
        <time>2026-05-05T02:15:38.521Z</time>
      </trkpt>
      <trkpt lat="42.546008" lon="20.060086">
        <ele>1750.768606</ele>
        <time>2026-05-05T02:16:00.462Z</time>
      </trkpt>
      <trkpt lat="42.546069" lon="20.060160">
        <ele>1750.920797</ele>
        <time>2026-05-05T02:16:10.533Z</time>
      </trkpt>
      <trkpt lat="42.546127" lon="20.060272">
        <ele>1751.108420</ele>
        <time>2026-05-05T02:16:22.896Z</time>
      </trkpt>
      <trkpt lat="42.546134" lon="20.060375">
        <ele>1751.250182</ele>
        <time>2026-05-05T02:16:32.353Z</time>
      </trkpt>
      <trkpt lat="42.546207" lon="20.060576">
        <ele>1751.557306</ele>
        <time>2026-05-05T02:16:52.974Z</time>
      </trkpt>
      <trkpt lat="42.546196" lon="20.060916">
        <ele>1752.023727</ele>
        <time>2026-05-05T02:17:25.527Z</time>
      </trkpt>
      <trkpt lat="42.546212" lon="20.061076">
        <ele>1752.245018</ele>
        <time>2026-05-05T02:17:41.498Z</time>
      </trkpt>
      <trkpt lat="42.546231" lon="20.061110">
        <ele>1752.303503</ele>
        <time>2026-05-05T02:17:45.737Z</time>
      </trkpt>
      <trkpt lat="42.546323" lon="20.061140">
        <ele>1752.479515</ele>
        <time>2026-05-05T02:17:58.620Z</time>
      </trkpt>
      <trkpt lat="42.546423" lon="20.061325">
        <ele>1752.793981</ele>
        <time>2026-05-05T02:18:21.673Z</time>
      </trkpt>
      <trkpt lat="42.546436" lon="20.061495">
        <ele>1753.338348</ele>
        <time>2026-05-05T02:18:38.945Z</time>
      </trkpt>
      <trkpt lat="42.546405" lon="20.061648">
        <ele>1754.278928</ele>
        <time>2026-05-05T02:18:55.148Z</time>
      </trkpt>
      <trkpt lat="42.546431" lon="20.061768">
        <ele>1755.020351</ele>
        <time>2026-05-05T02:19:07.957Z</time>
      </trkpt>
      <trkpt lat="42.546397" lon="20.061913">
        <ele>1755.922322</ele>
        <time>2026-05-05T02:19:23.948Z</time>
      </trkpt>
      <trkpt lat="42.546350" lon="20.062293">
        <ele>1758.206297</ele>
        <time>2026-05-05T02:20:16.205Z</time>
      </trkpt>
      <trkpt lat="42.546374" lon="20.062437">
        <ele>1759.081427</ele>
        <time>2026-05-05T02:20:36.956Z</time>
      </trkpt>
      <trkpt lat="42.546557" lon="20.062596">
        <ele>1760.829599</ele>
        <time>2026-05-05T02:21:19.082Z</time>
      </trkpt>
      <trkpt lat="42.546811" lon="20.063032">
        <ele>1764.124346</ele>
        <time>2026-05-05T02:22:42.760Z</time>
      </trkpt>
      <trkpt lat="42.547098" lon="20.063869">
        <ele>1769.855457</ele>
        <time>2026-05-05T02:25:00.937Z</time>
      </trkpt>
      <trkpt lat="42.547139" lon="20.064102">
        <ele>1771.443163</ele>
        <time>2026-05-05T02:25:35.737Z</time>
      </trkpt>
      <trkpt lat="42.547145" lon="20.064386">
        <ele>1773.326219</ele>
        <time>2026-05-05T02:26:16.614Z</time>
      </trkpt>
      <trkpt lat="42.547716" lon="20.064870">
        <ele>1779.382424</ele>
        <time>2026-05-05T02:28:23.862Z</time>
      </trkpt>
      <trkpt lat="42.547987" lon="20.064858">
        <ele>1781.821715</ele>
        <time>2026-05-05T02:29:16.294Z</time>
      </trkpt>
      <trkpt lat="42.548046" lon="20.064726">
        <ele>1782.844990</ele>
        <time>2026-05-05T02:29:38.333Z</time>
      </trkpt>
      <trkpt lat="42.548147" lon="20.064655">
        <ele>1784.026522</ele>
        <time>2026-05-05T02:30:00.426Z</time>
      </trkpt>
      <trkpt lat="42.548312" lon="20.064805">
        <ele>1786.819986</ele>
        <time>2026-05-05T02:30:39.641Z</time>
      </trkpt>
      <trkpt lat="42.548331" lon="20.064874">
        <ele>1787.583355</ele>
        <time>2026-05-05T02:30:50.537Z</time>
      </trkpt>
      <trkpt lat="42.548369" lon="20.065017">
        <ele>1789.158730</ele>
        <time>2026-05-05T02:31:13.331Z</time>
      </trkpt>
      <trkpt lat="42.548577" lon="20.065216">
        <ele>1792.738344</ele>
        <time>2026-05-05T02:32:08.302Z</time>
      </trkpt>
      <trkpt lat="42.548604" lon="20.065459">
        <ele>1795.285038</ele>
        <time>2026-05-05T02:32:50.204Z</time>
      </trkpt>
      <trkpt lat="42.548726" lon="20.065667">
        <ele>1798.040278</ele>
        <time>2026-05-05T02:33:38.375Z</time>
      </trkpt>
      <trkpt lat="42.548773" lon="20.065885">
        <ele>1800.394165</ele>
        <time>2026-05-05T02:34:22.105Z</time>
      </trkpt>
      <trkpt lat="42.548803" lon="20.066097">
        <ele>1802.631281</ele>
        <time>2026-05-05T02:35:05.613Z</time>
      </trkpt>
      <trkpt lat="42.548694" lon="20.066799">
        <ele>1810.378717</ele>
        <time>2026-05-05T02:37:33.490Z</time>
      </trkpt>
      <trkpt lat="42.549003" lon="20.067367">
        <ele>1819.639535</ele>
        <time>2026-05-05T02:39:51.406Z</time>
      </trkpt>
      <trkpt lat="42.549117" lon="20.067575">
        <ele>1823.039772</ele>
        <time>2026-05-05T02:40:42.436Z</time>
      </trkpt>
      <trkpt lat="42.549228" lon="20.067951">
        <ele>1828.352498</ele>
        <time>2026-05-05T02:42:02.983Z</time>
      </trkpt>
      <trkpt lat="42.549528" lon="20.068397">
        <ele>1836.273621</ele>
        <time>2026-05-05T02:44:05.557Z</time>
      </trkpt>
      <trkpt lat="42.550016" lon="20.069027">
        <ele>1850.764559</ele>
        <time>2026-05-05T02:47:18.359Z</time>
      </trkpt>
      <trkpt lat="42.550288" lon="20.069046">
        <ele>1857.262811</ele>
        <time>2026-05-05T02:48:42.799Z</time>
      </trkpt>
      <trkpt lat="42.550461" lon="20.069298">
        <ele>1863.317222</ele>
        <time>2026-05-05T02:50:07.044Z</time>
      </trkpt>
      <trkpt lat="42.550515" lon="20.069599">
        <ele>1868.762379</ele>
        <time>2026-05-05T02:51:25.967Z</time>
      </trkpt>
      <trkpt lat="42.550487" lon="20.069892">
        <ele>1873.955453</ele>
        <time>2026-05-05T02:52:44.395Z</time>
      </trkpt>
      <trkpt lat="42.550570" lon="20.069978">
        <ele>1876.446732</ele>
        <time>2026-05-05T02:53:22.714Z</time>
      </trkpt>
      <trkpt lat="42.550689" lon="20.070028">
        <ele>1879.418862</ele>
        <time>2026-05-05T02:54:09.189Z</time>
      </trkpt>
      <trkpt lat="42.550773" lon="20.070193">
        <ele>1882.944105</ele>
        <time>2026-05-05T02:55:04.864Z</time>
      </trkpt>
      <trkpt lat="42.551038" lon="20.070504">
        <ele>1893.793413</ele>
        <time>2026-05-05T02:57:19.622Z</time>
      </trkpt>
      <trkpt lat="42.551071" lon="20.070650">
        <ele>1897.371920</ele>
        <time>2026-05-05T02:58:03.845Z</time>
      </trkpt>
      <trkpt lat="42.551204" lon="20.070843">
        <ele>1903.564579</ele>
        <time>2026-05-05T02:59:21.099Z</time>
      </trkpt>
      <trkpt lat="42.551365" lon="20.070915">
        <ele>1908.956419</ele>
        <time>2026-05-05T03:00:29.556Z</time>
      </trkpt>
      <trkpt lat="42.551395" lon="20.071056">
        <ele>1912.395383</ele>
        <time>2026-05-05T03:01:13.738Z</time>
      </trkpt>
      <trkpt lat="42.551501" lon="20.071092">
        <ele>1915.870957</ele>
        <time>2026-05-05T03:01:58.735Z</time>
      </trkpt>
      <trkpt lat="42.551521" lon="20.071596">
        <ele>1927.697814</ele>
        <time>2026-05-05T03:04:34.484Z</time>
      </trkpt>
      <trkpt lat="42.551668" lon="20.071956">
        <ele>1937.342545</ele>
        <time>2026-05-05T03:06:45.929Z</time>
      </trkpt>
      <trkpt lat="42.551795" lon="20.072043">
        <ele>1941.962723</ele>
        <time>2026-05-05T03:07:47.530Z</time>
      </trkpt>
      <trkpt lat="42.551871" lon="20.072274">
        <ele>1948.570146</ele>
        <time>2026-05-05T03:09:08.053Z</time>
      </trkpt>
      <trkpt lat="42.551892" lon="20.072568">
        <ele>1956.284611</ele>
        <time>2026-05-05T03:10:42.526Z</time>
      </trkpt>
      <trkpt lat="42.551870" lon="20.072721">
        <ele>1960.355951</ele>
        <time>2026-05-05T03:11:32.276Z</time>
      </trkpt>
      <trkpt lat="42.551918" lon="20.072793">
        <ele>1962.892094</ele>
        <time>2026-05-05T03:12:03.290Z</time>
      </trkpt>
      <trkpt lat="42.552198" lon="20.072803">
        <ele>1972.822443</ele>
        <time>2026-05-05T03:14:05.970Z</time>
      </trkpt>
      <trkpt lat="42.552327" lon="20.072830">
        <ele>1977.449957</ele>
        <time>2026-05-05T03:15:03.106Z</time>
      </trkpt>
      <trkpt lat="42.552376" lon="20.073018">
        <ele>1982.658214</ele>
        <time>2026-05-05T03:16:07.230Z</time>
      </trkpt>
      <trkpt lat="42.552357" lon="20.073240">
        <ele>1988.495184</ele>
        <time>2026-05-05T03:17:19.354Z</time>
      </trkpt>
      <trkpt lat="42.552474" lon="20.073335">
        <ele>1993.328618</ele>
        <time>2026-05-05T03:18:19.156Z</time>
      </trkpt>
      <trkpt lat="42.552467" lon="20.073482">
        <ele>1997.175822</ele>
        <time>2026-05-05T03:19:07.265Z</time>
      </trkpt>
      <trkpt lat="42.552497" lon="20.073564">
        <ele>1999.566981</ele>
        <time>2026-05-05T03:19:38.135Z</time>
      </trkpt>
      <trkpt lat="42.552571" lon="20.073588">
        <ele>2002.264361</ele>
        <time>2026-05-05T03:20:12.740Z</time>
      </trkpt>
      <trkpt lat="42.552652" lon="20.073429">
        <ele>2007.753366</ele>
        <time>2026-05-05T03:21:18.508Z</time>
      </trkpt>
      <trkpt lat="42.552785" lon="20.073318">
        <ele>2014.259293</ele>
        <time>2026-05-05T03:22:30.652Z</time>
      </trkpt>
      <trkpt lat="42.552895" lon="20.073301">
        <ele>2018.872731</ele>
        <time>2026-05-05T03:23:21.624Z</time>
      </trkpt>
      <trkpt lat="42.552905" lon="20.073444">
        <ele>2023.282166</ele>
        <time>2026-05-05T03:24:10.909Z</time>
      </trkpt>
      <trkpt lat="42.552988" lon="20.073353">
        <ele>2027.728061</ele>
        <time>2026-05-05T03:25:00.984Z</time>
      </trkpt>
      <trkpt lat="42.553064" lon="20.073329">
        <ele>2030.979633</ele>
        <time>2026-05-05T03:25:38.315Z</time>
      </trkpt>
      <trkpt lat="42.553205" lon="20.073162">
        <ele>2038.777275</ele>
        <time>2026-05-05T03:27:08.351Z</time>
      </trkpt>
      <trkpt lat="42.553249" lon="20.073418">
        <ele>2046.846783</ele>
        <time>2026-05-05T03:28:44.541Z</time>
      </trkpt>
      <trkpt lat="42.553354" lon="20.073368">
        <ele>2051.483649</ele>
        <time>2026-05-05T03:29:40.609Z</time>
      </trkpt>
      <trkpt lat="42.553388" lon="20.073466">
        <ele>2054.808896</ele>
        <time>2026-05-05T03:30:21.289Z</time>
      </trkpt>
      <trkpt lat="42.553388" lon="20.073600">
        <ele>2058.922290</ele>
        <time>2026-05-05T03:31:12.122Z</time>
      </trkpt>
      <trkpt lat="42.553418" lon="20.073672">
        <ele>2061.461529</ele>
        <time>2026-05-05T03:31:44.178Z</time>
      </trkpt>
      <trkpt lat="42.553481" lon="20.073672">
        <ele>2064.086813</ele>
        <time>2026-05-05T03:32:17.371Z</time>
      </trkpt>
      <trkpt lat="42.553615" lon="20.073570">
        <ele>2070.488690</ele>
        <time>2026-05-05T03:33:39.491Z</time>
      </trkpt>
      <trkpt lat="42.553658" lon="20.073695">
        <ele>2074.723562</ele>
        <time>2026-05-05T03:34:35.100Z</time>
      </trkpt>
      <trkpt lat="42.553779" lon="20.073606">
        <ele>2080.404020</ele>
        <time>2026-05-05T03:35:49.971Z</time>
      </trkpt>
      <trkpt lat="42.553842" lon="20.073613">
        <ele>2082.834616</ele>
        <time>2026-05-05T03:36:24.589Z</time>
      </trkpt>
      <trkpt lat="42.553916" lon="20.073534">
        <ele>2086.454573</ele>
        <time>2026-05-05T03:37:16.461Z</time>
      </trkpt>
      <trkpt lat="42.554011" lon="20.073504">
        <ele>2090.205076</ele>
        <time>2026-05-05T03:38:09.432Z</time>
      </trkpt>
      <trkpt lat="42.554111" lon="20.073708">
        <ele>2097.145947</ele>
        <time>2026-05-05T03:39:45.030Z</time>
      </trkpt>
      <trkpt lat="42.554223" lon="20.073661">
        <ele>2101.653678</ele>
        <time>2026-05-05T03:40:45.139Z</time>
      </trkpt>
      <trkpt lat="42.554310" lon="20.073688">
        <ele>2105.085334</ele>
        <time>2026-05-05T03:41:30.375Z</time>
      </trkpt>
      <trkpt lat="42.554504" lon="20.073445">
        <ele>2115.235420</ele>
        <time>2026-05-05T03:43:41.247Z</time>
      </trkpt>
      <trkpt lat="42.554583" lon="20.073541">
        <ele>2119.312428</ele>
        <time>2026-05-05T03:44:31.477Z</time>
      </trkpt>
      <trkpt lat="42.554614" lon="20.073799">
        <ele>2126.716919</ele>
        <time>2026-05-05T03:46:00.643Z</time>
      </trkpt>
      <trkpt lat="42.554756" lon="20.073997">
        <ele>2134.544313</ele>
        <time>2026-05-05T03:47:29.992Z</time>
      </trkpt>
      <trkpt lat="42.554683" lon="20.074087">
        <ele>2138.336161</ele>
        <time>2026-05-05T03:48:11.589Z</time>
      </trkpt>
      <trkpt lat="42.554606" lon="20.074117">
        <ele>2141.416515</ele>
        <time>2026-05-05T03:48:43.395Z</time>
      </trkpt>
      <trkpt lat="42.554671" lon="20.074230">
        <ele>2145.477524</ele>
        <time>2026-05-05T03:49:23.072Z</time>
      </trkpt>
      <trkpt lat="42.554878" lon="20.074325">
        <ele>2152.187999</ele>
        <time>2026-05-05T03:50:41.959Z</time>
      </trkpt>
      <trkpt lat="42.555084" lon="20.074192">
        <ele>2157.969395</ele>
        <time>2026-05-05T03:51:57.677Z</time>
      </trkpt>
      <trkpt lat="42.555207" lon="20.073922">
        <ele>2163.896261</ele>
        <time>2026-05-05T03:53:12.879Z</time>
      </trkpt>
      <trkpt lat="42.555339" lon="20.073704">
        <ele>2169.164750</ele>
        <time>2026-05-05T03:54:16.989Z</time>
      </trkpt>
      <trkpt lat="42.555373" lon="20.073611">
        <ele>2171.103095</ele>
        <time>2026-05-05T03:54:40.893Z</time>
      </trkpt>
      <trkpt lat="42.555373" lon="20.073486">
        <ele>2173.436785</ele>
        <time>2026-05-05T03:55:08.915Z</time>
      </trkpt>
      <trkpt lat="42.555425" lon="20.073434">
        <ele>2175.073675</ele>
        <time>2026-05-05T03:55:28.893Z</time>
      </trkpt>
      <trkpt lat="42.555521" lon="20.073668">
        <ele>2180.074188</ele>
        <time>2026-05-05T03:56:29.825Z</time>
      </trkpt>
      <trkpt lat="42.555565" lon="20.073919">
        <ele>2184.891090</ele>
        <time>2026-05-05T03:57:34.158Z</time>
      </trkpt>
      <trkpt lat="42.555663" lon="20.074126">
        <ele>2189.485012</ele>
        <time>2026-05-05T03:58:38.535Z</time>
      </trkpt>
      <trkpt lat="42.555736" lon="20.074463">
        <ele>2196.412970</ele>
        <time>2026-05-05T04:00:14.620Z</time>
      </trkpt>
      <trkpt lat="42.555736" lon="20.074636">
        <ele>2200.418709</ele>
        <time>2026-05-05T04:01:04.196Z</time>
      </trkpt>
      <trkpt lat="42.555687" lon="20.074715">
        <ele>2202.810018</ele>
        <time>2026-05-05T04:01:34.103Z</time>
      </trkpt>
      <trkpt lat="42.555670" lon="20.074835">
        <ele>2205.639486</ele>
        <time>2026-05-05T04:02:12.582Z</time>
      </trkpt>
      <trkpt lat="42.555700" lon="20.074926">
        <ele>2207.947947</ele>
        <time>2026-05-05T04:02:43.220Z</time>
      </trkpt>
      <trkpt lat="42.555717" lon="20.075221">
        <ele>2214.799415</ele>
        <time>2026-05-05T04:03:58.941Z</time>
      </trkpt>
      <trkpt lat="42.555373" lon="20.075691">
        <ele>2230.140748</ele>
        <time>2026-05-05T04:06:55.051Z</time>
      </trkpt>
      <trkpt lat="42.555178" lon="20.076122">
        <ele>2241.852512</ele>
        <time>2026-05-05T04:08:52.423Z</time>
      </trkpt>
      <trkpt lat="42.555171" lon="20.076254">
        <ele>2244.916851</ele>
        <time>2026-05-05T04:09:23.176Z</time>
      </trkpt>
      <trkpt lat="42.555262" lon="20.076222">
        <ele>2247.871710</ele>
        <time>2026-05-05T04:09:50.754Z</time>
      </trkpt>
      <trkpt lat="42.555375" lon="20.076252">
        <ele>2251.433917</ele>
        <time>2026-05-05T04:10:24.649Z</time>
      </trkpt>
      <trkpt lat="42.555405" lon="20.076338">
        <ele>2253.357958</ele>
        <time>2026-05-05T04:10:45.930Z</time>
      </trkpt>
      <trkpt lat="42.555381" lon="20.076540">
        <ele>2257.495165</ele>
        <time>2026-05-05T04:11:30.811Z</time>
      </trkpt>
      <trkpt lat="42.555548" lon="20.076578">
        <ele>2262.143166</ele>
        <time>2026-05-05T04:12:21.931Z</time>
      </trkpt>
      <trkpt lat="42.555663" lon="20.076327">
        <ele>2268.119960</ele>
        <time>2026-05-05T04:13:26.459Z</time>
      </trkpt>
      <trkpt lat="42.555823" lon="20.076300">
        <ele>2272.545668</ele>
        <time>2026-05-05T04:14:15.133Z</time>
      </trkpt>
      <trkpt lat="42.555849" lon="20.076252">
        <ele>2273.750372</ele>
        <time>2026-05-05T04:14:28.125Z</time>
      </trkpt>
      <trkpt lat="42.555823" lon="20.076300">
        <ele>2274.955075</ele>
        <time>2026-05-05T04:14:42.280Z</time>
      </trkpt>
      <trkpt lat="42.555772" lon="20.076363">
        <ele>2276.847813</ele>
        <time>2026-05-05T04:15:02.430Z</time>
      </trkpt>
      <trkpt lat="42.555758" lon="20.076521">
        <ele>2280.065568</ele>
        <time>2026-05-05T04:15:38.638Z</time>
      </trkpt>
      <trkpt lat="42.555893" lon="20.076576">
        <ele>2283.934514</ele>
        <time>2026-05-05T04:16:21.887Z</time>
      </trkpt>
      <trkpt lat="42.555964" lon="20.076773">
        <ele>2288.369016</ele>
        <time>2026-05-05T04:17:08.510Z</time>
      </trkpt>
      <trkpt lat="42.555900" lon="20.077622">
        <ele>2301.646545</ele>
        <time>2026-05-05T04:20:08.178Z</time>
      </trkpt>
      <trkpt lat="42.556010" lon="20.077864">
        <ele>2303.007780</ele>
        <time>2026-05-05T04:21:06.625Z</time>
      </trkpt>
      <trkpt lat="42.555942" lon="20.078042">
        <ele>2303.967624</ele>
        <time>2026-05-05T04:21:41.575Z</time>
      </trkpt>
      <trkpt lat="42.555913" lon="20.078194">
        <ele>2304.719246</ele>
        <time>2026-05-05T04:22:04.976Z</time>
      </trkpt>
      <trkpt lat="42.555805" lon="20.078456">
        <ele>2306.156442</ele>
        <time>2026-05-05T04:22:41.128Z</time>
      </trkpt>
      <trkpt lat="42.555824" lon="20.078658">
        <ele>2307.131252</ele>
        <time>2026-05-05T04:23:02.591Z</time>
      </trkpt>
      <trkpt lat="42.556079" lon="20.078313">
        <ele>2309.470795</ele>
        <time>2026-05-05T04:23:57.863Z</time>
      </trkpt>
      <trkpt lat="42.556263" lon="20.077975">
        <ele>2311.482660</ele>
        <time>2026-05-05T04:24:51.105Z</time>
      </trkpt>
      <trkpt lat="42.556314" lon="20.077978">
        <ele>2311.814395</ele>
        <time>2026-05-05T04:25:00.727Z</time>
      </trkpt>
      <trkpt lat="42.556585" lon="20.078505">
        <ele>2301.645072</ele>
        <time>2026-05-05T04:26:44.428Z</time>
      </trkpt>
      <trkpt lat="42.556675" lon="20.078736">
        <ele>2296.957153</ele>
        <time>2026-05-05T04:27:33.082Z</time>
      </trkpt>
      <trkpt lat="42.556725" lon="20.078768">
        <ele>2295.610934</ele>
        <time>2026-05-05T04:27:46.888Z</time>
      </trkpt>
      <trkpt lat="42.556788" lon="20.078598">
        <ele>2292.197067</ele>
        <time>2026-05-05T04:28:22.618Z</time>
      </trkpt>
      <trkpt lat="42.556815" lon="20.078529">
        <ele>2290.795450</ele>
        <time>2026-05-05T04:28:37.666Z</time>
      </trkpt>
      <trkpt lat="42.556868" lon="20.078634">
        <ele>2288.512024</ele>
        <time>2026-05-05T04:29:02.206Z</time>
      </trkpt>
      <trkpt lat="42.556981" lon="20.078771">
        <ele>2284.822378</ele>
        <time>2026-05-05T04:29:42.891Z</time>
      </trkpt>
      <trkpt lat="42.557026" lon="20.078932">
        <ele>2281.733247</ele>
        <time>2026-05-05T04:30:17.813Z</time>
      </trkpt>
      <trkpt lat="42.557274" lon="20.078860">
        <ele>2275.556944</ele>
        <time>2026-05-05T04:31:28.310Z</time>
      </trkpt>
      <trkpt lat="42.557386" lon="20.078936">
        <ele>2272.507566</ele>
        <time>2026-05-05T04:32:03.523Z</time>
      </trkpt>
      <trkpt lat="42.557567" lon="20.078776">
        <ele>2267.346040</ele>
        <time>2026-05-05T04:33:04.703Z</time>
      </trkpt>
      <trkpt lat="42.557844" lon="20.078963">
        <ele>2260.519734</ele>
        <time>2026-05-05T04:34:36.456Z</time>
      </trkpt>
      <trkpt lat="42.557928" lon="20.078930">
        <ele>2258.590139</ele>
        <time>2026-05-05T04:35:02.044Z</time>
      </trkpt>
      <trkpt lat="42.558081" lon="20.078941">
        <ele>2255.209302</ele>
        <time>2026-05-05T04:35:43.783Z</time>
      </trkpt>
      <trkpt lat="42.558281" lon="20.078819">
        <ele>2250.371069</ele>
        <time>2026-05-05T04:36:39.512Z</time>
      </trkpt>
      <trkpt lat="42.558351" lon="20.078838">
        <ele>2248.795877</ele>
        <time>2026-05-05T04:36:57.181Z</time>
      </trkpt>
      <trkpt lat="42.558450" lon="20.078917">
        <ele>2246.261916</ele>
        <time>2026-05-05T04:37:23.428Z</time>
      </trkpt>
      <trkpt lat="42.558618" lon="20.078982">
        <ele>2242.407216</ele>
        <time>2026-05-05T04:38:02.504Z</time>
      </trkpt>
      <trkpt lat="42.558707" lon="20.078979">
        <ele>2240.442732</ele>
        <time>2026-05-05T04:38:22.057Z</time>
      </trkpt>
      <trkpt lat="42.558925" lon="20.079077">
        <ele>2235.375475</ele>
        <time>2026-05-05T04:39:09.336Z</time>
      </trkpt>
      <trkpt lat="42.559221" lon="20.079012">
        <ele>2228.759034</ele>
        <time>2026-05-05T04:40:06.042Z</time>
      </trkpt>
      <trkpt lat="42.559338" lon="20.079020">
        <ele>2228.051598</ele>
        <time>2026-05-05T04:40:27.176Z</time>
      </trkpt>
      <trkpt lat="42.559345" lon="20.078935">
        <ele>2227.733713</ele>
        <time>2026-05-05T04:40:36.047Z</time>
      </trkpt>
      <trkpt lat="42.559333" lon="20.078914">
        <ele>2227.634929</ele>
        <time>2026-05-05T04:40:38.815Z</time>
      </trkpt>
      <trkpt lat="42.559187" lon="20.078668">
        <ele>2226.460763</ele>
        <time>2026-05-05T04:41:10.785Z</time>
      </trkpt>
      <trkpt lat="42.558835" lon="20.078439">
        <ele>2224.491223</ele>
        <time>2026-05-05T04:42:01.512Z</time>
      </trkpt>
      <trkpt lat="42.558600" lon="20.078151">
        <ele>2222.893773</ele>
        <time>2026-05-05T04:42:40.623Z</time>
      </trkpt>
      <trkpt lat="42.558362" lon="20.078018">
        <ele>2221.595100</ele>
        <time>2026-05-05T04:43:11.961Z</time>
      </trkpt>
      <trkpt lat="42.558101" lon="20.077716">
        <ele>2219.864693</ele>
        <time>2026-05-05T04:43:54.626Z</time>
      </trkpt>
      <trkpt lat="42.558066" lon="20.077608">
        <ele>2219.313612</ele>
        <time>2026-05-05T04:44:05.495Z</time>
      </trkpt>
      <trkpt lat="42.558082" lon="20.077472">
        <ele>2218.260164</ele>
        <time>2026-05-05T04:44:18.344Z</time>
      </trkpt>
      <trkpt lat="42.558069" lon="20.077328">
        <ele>2217.150467</ele>
        <time>2026-05-05T04:44:31.848Z</time>
      </trkpt>
      <trkpt lat="42.557842" lon="20.076750">
        <ele>2212.140186</ele>
        <time>2026-05-05T04:45:36.967Z</time>
      </trkpt>
      <trkpt lat="42.557704" lon="20.076485">
        <ele>2209.657792</ele>
        <time>2026-05-05T04:46:11.618Z</time>
      </trkpt>
      <trkpt lat="42.557559" lon="20.076079">
        <ele>2206.206500</ele>
        <time>2026-05-05T04:47:01.999Z</time>
      </trkpt>
      <trkpt lat="42.557571" lon="20.075902">
        <ele>2204.846895</ele>
        <time>2026-05-05T04:47:22.542Z</time>
      </trkpt>
      <trkpt lat="42.557729" lon="20.075479">
        <ele>2201.219125</ele>
        <time>2026-05-05T04:48:18.507Z</time>
      </trkpt>
      <trkpt lat="42.558047" lon="20.075217">
        <ele>2196.569582</ele>
        <time>2026-05-05T04:49:19.096Z</time>
      </trkpt>
      <trkpt lat="42.558287" lon="20.074967">
        <ele>2192.721784</ele>
        <time>2026-05-05T04:50:07.121Z</time>
      </trkpt>
      <trkpt lat="42.558287" lon="20.074901">
        <ele>2192.103416</ele>
        <time>2026-05-05T04:50:14.700Z</time>
      </trkpt>
      <trkpt lat="42.558188" lon="20.074754">
        <ele>2190.237245</ele>
        <time>2026-05-05T04:50:38.280Z</time>
      </trkpt>
      <trkpt lat="42.558105" lon="20.074498">
        <ele>2187.616657</ele>
        <time>2026-05-05T04:51:10.192Z</time>
      </trkpt>
      <trkpt lat="42.558047" lon="20.074412">
        <ele>2186.524181</ele>
        <time>2026-05-05T04:51:22.894Z</time>
      </trkpt>
      <trkpt lat="42.557992" lon="20.074386">
        <ele>2185.783398</ele>
        <time>2026-05-05T04:51:31.431Z</time>
      </trkpt>
      <trkpt lat="42.557813" lon="20.074439">
        <ele>2183.453050</ele>
        <time>2026-05-05T04:51:57.370Z</time>
      </trkpt>
      <trkpt lat="42.557713" lon="20.074430">
        <ele>2182.178287</ele>
        <time>2026-05-05T04:52:10.916Z</time>
      </trkpt>
      <trkpt lat="42.557437" lon="20.074312">
        <ele>2178.497678</ele>
        <time>2026-05-05T04:52:49.957Z</time>
      </trkpt>
      <trkpt lat="42.557249" lon="20.074149">
        <ele>2176.520527</ele>
        <time>2026-05-05T04:53:20.508Z</time>
      </trkpt>
      <trkpt lat="42.557044" lon="20.073971">
        <ele>2174.574746</ele>
        <time>2026-05-05T04:53:53.034Z</time>
      </trkpt>
      <trkpt lat="42.556912" lon="20.073927">
        <ele>2173.487921</ele>
        <time>2026-05-05T04:54:11.272Z</time>
      </trkpt>
      <trkpt lat="42.556703" lon="20.073701">
        <ele>2171.351408</ele>
        <time>2026-05-05T04:54:47.528Z</time>
      </trkpt>
      <trkpt lat="42.556510" lon="20.073405">
        <ele>2169.023086</ele>
        <time>2026-05-05T04:55:27.657Z</time>
      </trkpt>
      <trkpt lat="42.556425" lon="20.073369">
        <ele>2168.311117</ele>
        <time>2026-05-05T04:55:40.134Z</time>
      </trkpt>
      <trkpt lat="42.556293" lon="20.073390">
        <ele>2167.248420</ele>
        <time>2026-05-05T04:55:58.600Z</time>
      </trkpt>
      <trkpt lat="42.556240" lon="20.073356">
        <ele>2166.779698</ele>
        <time>2026-05-05T04:56:06.829Z</time>
      </trkpt>
      <trkpt lat="42.556162" lon="20.073164">
        <ele>2165.488238</ele>
        <time>2026-05-05T04:56:29.968Z</time>
      </trkpt>
      <trkpt lat="42.556022" lon="20.073059">
        <ele>2164.209321</ele>
        <time>2026-05-05T04:56:53.603Z</time>
      </trkpt>
      <trkpt lat="42.555920" lon="20.072631">
        <ele>2161.915573</ele>
        <time>2026-05-05T04:57:42.964Z</time>
      </trkpt>
      <trkpt lat="42.555923" lon="20.072374">
        <ele>2160.666372</ele>
        <time>2026-05-05T04:58:10.369Z</time>
      </trkpt>
      <trkpt lat="42.555986" lon="20.072029">
        <ele>2158.938886</ele>
        <time>2026-05-05T04:58:47.008Z</time>
      </trkpt>
      <trkpt lat="42.556032" lon="20.071775">
        <ele>2157.667662</ele>
        <time>2026-05-05T04:59:13.654Z</time>
      </trkpt>
      <trkpt lat="42.556063" lon="20.071338">
        <ele>2155.533979</ele>
        <time>2026-05-05T04:59:57.523Z</time>
      </trkpt>
      <trkpt lat="42.556157" lon="20.070796">
        <ele>2152.827790</ele>
        <time>2026-05-05T05:00:51.364Z</time>
      </trkpt>
      <trkpt lat="42.556338" lon="20.070391">
        <ele>2152.122980</ele>
        <time>2026-05-05T05:01:34.379Z</time>
      </trkpt>
      <trkpt lat="42.556479" lon="20.070246">
        <ele>2152.506970</ele>
        <time>2026-05-05T05:01:55.854Z</time>
      </trkpt>
      <trkpt lat="42.556680" lon="20.068687">
        <ele>2155.037775</ele>
        <time>2026-05-05T05:04:26.856Z</time>
      </trkpt>
      <trkpt lat="42.556654" lon="20.068336">
        <ele>2155.601869</ele>
        <time>2026-05-05T05:05:03.487Z</time>
      </trkpt>
      <trkpt lat="42.557437" lon="20.066566">
        <ele>2167.966424</ele>
        <time>2026-05-05T05:08:57.200Z</time>
      </trkpt>
      <trkpt lat="42.557958" lon="20.065837">
        <ele>2174.272993</ele>
        <time>2026-05-05T05:10:58.619Z</time>
      </trkpt>
      <trkpt lat="42.558246" lon="20.064987">
        <ele>2180.189535</ele>
        <time>2026-05-05T05:12:49.892Z</time>
      </trkpt>
      <trkpt lat="42.558166" lon="20.063785">
        <ele>2185.710733</ele>
        <time>2026-05-05T05:15:01.103Z</time>
      </trkpt>
      <trkpt lat="42.558768" lon="20.063385">
        <ele>2185.470180</ele>
        <time>2026-05-05T05:16:28.071Z</time>
      </trkpt>
      <trkpt lat="42.558863" lon="20.063226">
        <ele>2185.416056</ele>
        <time>2026-05-05T05:16:46.327Z</time>
      </trkpt>
      <trkpt lat="42.558838" lon="20.062699">
        <ele>2185.276446</ele>
        <time>2026-05-05T05:17:36.387Z</time>
      </trkpt>
      <trkpt lat="42.558719" lon="20.062051">
        <ele>2184.048135</ele>
        <time>2026-05-05T05:18:43.300Z</time>
      </trkpt>
      <trkpt lat="42.558752" lon="20.061832">
        <ele>2182.745866</ele>
        <time>2026-05-05T05:19:06.293Z</time>
      </trkpt>
      <trkpt lat="42.559111" lon="20.060912">
        <ele>2176.680508</ele>
        <time>2026-05-05T05:20:54.446Z</time>
      </trkpt>
      <trkpt lat="42.559189" lon="20.060771">
        <ele>2175.653215</ele>
        <time>2026-05-05T05:21:13.003Z</time>
      </trkpt>
      <trkpt lat="42.559302" lon="20.060720">
        <ele>2174.711385</ele>
        <time>2026-05-05T05:21:30.143Z</time>
      </trkpt>
      <trkpt lat="42.559335" lon="20.060564">
        <ele>2173.765836</ele>
        <time>2026-05-05T05:21:47.159Z</time>
      </trkpt>
      <trkpt lat="42.559331" lon="20.060060">
        <ele>2170.864155</ele>
        <time>2026-05-05T05:22:39.104Z</time>
      </trkpt>
      <trkpt lat="42.559284" lon="20.059906">
        <ele>2170.248806</ele>
        <time>2026-05-05T05:22:55.893Z</time>
      </trkpt>
      <trkpt lat="42.559336" lon="20.059301">
        <ele>2168.000329</ele>
        <time>2026-05-05T05:23:55.546Z</time>
      </trkpt>
      <trkpt lat="42.559437" lon="20.059043">
        <ele>2166.921784</ele>
        <time>2026-05-05T05:24:23.477Z</time>
      </trkpt>
      <trkpt lat="42.559611" lon="20.058870">
        <ele>2165.840926</ele>
        <time>2026-05-05T05:24:51.356Z</time>
      </trkpt>
      <trkpt lat="42.559687" lon="20.058701">
        <ele>2165.109995</ele>
        <time>2026-05-05T05:25:10.083Z</time>
      </trkpt>
      <trkpt lat="42.559730" lon="20.058156">
        <ele>2163.086662</ele>
        <time>2026-05-05T05:26:02.432Z</time>
      </trkpt>
      <trkpt lat="42.559599" lon="20.057977">
        <ele>2162.155195</ele>
        <time>2026-05-05T05:26:26.823Z</time>
      </trkpt>
      <trkpt lat="42.559607" lon="20.057889">
        <ele>2161.800960</ele>
        <time>2026-05-05T05:26:35.398Z</time>
      </trkpt>
      <trkpt lat="42.559829" lon="20.057755">
        <ele>2160.184068</ele>
        <time>2026-05-05T05:27:07.427Z</time>
      </trkpt>
      <trkpt lat="42.559939" lon="20.057580">
        <ele>2159.056311</ele>
        <time>2026-05-05T05:27:29.843Z</time>
      </trkpt>
      <trkpt lat="42.560197" lon="20.057382">
        <ele>2157.083934</ele>
        <time>2026-05-05T05:28:09.215Z</time>
      </trkpt>
      <trkpt lat="42.560274" lon="20.057257">
        <ele>2156.285144</ele>
        <time>2026-05-05T05:28:25.341Z</time>
      </trkpt>
      <trkpt lat="42.560317" lon="20.056971">
        <ele>2154.854269</ele>
        <time>2026-05-05T05:28:54.357Z</time>
      </trkpt>
      <trkpt lat="42.560579" lon="20.055867">
        <ele>2148.714875</ele>
        <time>2026-05-05T05:30:53.594Z</time>
      </trkpt>
      <trkpt lat="42.560580" lon="20.055615">
        <ele>2146.752859</ele>
        <time>2026-05-05T05:31:20.501Z</time>
      </trkpt>
      <trkpt lat="42.560701" lon="20.055207">
        <ele>2143.328490</ele>
        <time>2026-05-05T05:32:08.045Z</time>
      </trkpt>
      <trkpt lat="42.560796" lon="20.054538">
        <ele>2138.023979</ele>
        <time>2026-05-05T05:33:21.652Z</time>
      </trkpt>
      <trkpt lat="42.560957" lon="20.054161">
        <ele>2134.631125</ele>
        <time>2026-05-05T05:34:08.961Z</time>
      </trkpt>
      <trkpt lat="42.560937" lon="20.054062">
        <ele>2133.831883</ele>
        <time>2026-05-05T05:34:20.171Z</time>
      </trkpt>
      <trkpt lat="42.560866" lon="20.053992">
        <ele>2132.904385</ele>
        <time>2026-05-05T05:34:33.099Z</time>
      </trkpt>
      <trkpt lat="42.560735" lon="20.053949">
        <ele>2131.479784</ele>
        <time>2026-05-05T05:34:52.971Z</time>
      </trkpt>
      <trkpt lat="42.560475" lon="20.054057">
        <ele>2130.181504</ele>
        <time>2026-05-05T05:35:32.899Z</time>
      </trkpt>
      <trkpt lat="42.560455" lon="20.053971">
        <ele>2129.955887</ele>
        <time>2026-05-05T05:35:42.406Z</time>
      </trkpt>
      <trkpt lat="42.560487" lon="20.053869">
        <ele>2129.678530</ele>
        <time>2026-05-05T05:35:54.053Z</time>
      </trkpt>
      <trkpt lat="42.560814" lon="20.053322">
        <ele>2127.916107</ele>
        <time>2026-05-05T05:37:03.901Z</time>
      </trkpt>
      <trkpt lat="42.560825" lon="20.053171">
        <ele>2127.536507</ele>
        <time>2026-05-05T05:37:17.985Z</time>
      </trkpt>
      <trkpt lat="42.560890" lon="20.052763">
        <ele>2126.492212</ele>
        <time>2026-05-05T05:37:55.609Z</time>
      </trkpt>
      <trkpt lat="42.560957" lon="20.052624">
        <ele>2126.076634</ele>
        <time>2026-05-05T05:38:10.610Z</time>
      </trkpt>
      <trkpt lat="42.560978" lon="20.052401">
        <ele>2125.514216</ele>
        <time>2026-05-05T05:38:31.612Z</time>
      </trkpt>
      <trkpt lat="42.561043" lon="20.052249">
        <ele>2125.074517</ele>
        <time>2026-05-05T05:38:48.790Z</time>
      </trkpt>
      <trkpt lat="42.561210" lon="20.052161">
        <ele>2125.357534</ele>
        <time>2026-05-05T05:39:13.170Z</time>
      </trkpt>
      <trkpt lat="42.561768" lon="20.051660">
        <ele>2128.832573</ele>
        <time>2026-05-05T05:40:52.083Z</time>
      </trkpt>
      <trkpt lat="42.561873" lon="20.051372">
        <ele>2130.062070</ele>
        <time>2026-05-05T05:41:27.765Z</time>
      </trkpt>
      <trkpt lat="42.561993" lon="20.051248">
        <ele>2130.845420</ele>
        <time>2026-05-05T05:41:50.116Z</time>
      </trkpt>
      <trkpt lat="42.562221" lon="20.051160">
        <ele>2132.076701</ele>
        <time>2026-05-05T05:42:24.504Z</time>
      </trkpt>
      <trkpt lat="42.562344" lon="20.051069">
        <ele>2132.804333</ele>
        <time>2026-05-05T05:42:44.300Z</time>
      </trkpt>
      <trkpt lat="42.562677" lon="20.050577">
        <ele>2134.481285</ele>
        <time>2026-05-05T05:43:51.354Z</time>
      </trkpt>
      <trkpt lat="42.562962" lon="20.050528">
        <ele>2134.879067</ele>
        <time>2026-05-05T05:44:28.525Z</time>
      </trkpt>
      <trkpt lat="42.563073" lon="20.050655">
        <ele>2135.080062</ele>
        <time>2026-05-05T05:44:46.157Z</time>
      </trkpt>
      <trkpt lat="42.563613" lon="20.050829">
        <ele>2135.848552</ele>
        <time>2026-05-05T05:45:53.104Z</time>
      </trkpt>
      <trkpt lat="42.563781" lon="20.050992">
        <ele>2136.134468</ele>
        <time>2026-05-05T05:46:18.067Z</time>
      </trkpt>
      <trkpt lat="42.564093" lon="20.050927">
        <ele>2136.571541</ele>
        <time>2026-05-05T05:46:55.912Z</time>
      </trkpt>
      <trkpt lat="42.564319" lon="20.050854">
        <ele>2137.785452</ele>
        <time>2026-05-05T05:47:24.403Z</time>
      </trkpt>
      <trkpt lat="42.564406" lon="20.050865">
        <ele>2138.354269</ele>
        <time>2026-05-05T05:47:35.505Z</time>
      </trkpt>
      <trkpt lat="42.564466" lon="20.050888">
        <ele>2138.760135</ele>
        <time>2026-05-05T05:47:43.414Z</time>
      </trkpt>
      <trkpt lat="42.564521" lon="20.050852">
        <ele>2139.157617</ele>
        <time>2026-05-05T05:47:51.727Z</time>
      </trkpt>
      <trkpt lat="42.564546" lon="20.050778">
        <ele>2139.547969</ele>
        <time>2026-05-05T05:47:59.794Z</time>
      </trkpt>
      <trkpt lat="42.564533" lon="20.050662">
        <ele>2140.110555</ele>
        <time>2026-05-05T05:48:11.844Z</time>
      </trkpt>
      <trkpt lat="42.564566" lon="20.050496">
        <ele>2140.934955</ele>
        <time>2026-05-05T05:48:29.683Z</time>
      </trkpt>
      <trkpt lat="42.564620" lon="20.050308">
        <ele>2141.902478</ele>
        <time>2026-05-05T05:48:50.989Z</time>
      </trkpt>
      <trkpt lat="42.564704" lon="20.050171">
        <ele>2142.757176</ele>
        <time>2026-05-05T05:49:10.426Z</time>
      </trkpt>
      <trkpt lat="42.564995" lon="20.049957">
        <ele>2144.911598</ele>
        <time>2026-05-05T05:50:02.594Z</time>
      </trkpt>
      <trkpt lat="42.565125" lon="20.049921">
        <ele>2145.775315</ele>
        <time>2026-05-05T05:50:23.890Z</time>
      </trkpt>
      <trkpt lat="42.565308" lon="20.049943">
        <ele>2146.971298</ele>
        <time>2026-05-05T05:50:53.693Z</time>
      </trkpt>
      <trkpt lat="42.565539" lon="20.049788">
        <ele>2148.698379</ele>
        <time>2026-05-05T05:51:46.526Z</time>
      </trkpt>
      <trkpt lat="42.565861" lon="20.049384">
        <ele>2152.045669</ele>
        <time>2026-05-05T05:53:16.453Z</time>
      </trkpt>
      <trkpt lat="42.566010" lon="20.048645">
        <ele>2156.353970</ele>
        <time>2026-05-05T05:55:08.374Z</time>
      </trkpt>
      <trkpt lat="42.565937" lon="20.048012">
        <ele>2159.956702</ele>
        <time>2026-05-05T05:56:33.788Z</time>
      </trkpt>
      <trkpt lat="42.566012" lon="20.047531">
        <ele>2162.294038</ele>
        <time>2026-05-05T05:57:34.441Z</time>
      </trkpt>
      <trkpt lat="42.565953" lon="20.047093">
        <ele>2163.093840</ele>
        <time>2026-05-05T05:58:26.870Z</time>
      </trkpt>
      <trkpt lat="42.565979" lon="20.046542">
        <ele>2164.085596</ele>
        <time>2026-05-05T05:59:30.016Z</time>
      </trkpt>
      <trkpt lat="42.565974" lon="20.046499">
        <ele>2164.163791</ele>
        <time>2026-05-05T05:59:34.983Z</time>
      </trkpt>
      <trkpt lat="42.565962" lon="20.046408">
        <ele>2164.329848</ele>
        <time>2026-05-05T05:59:45.411Z</time>
      </trkpt>
      <trkpt lat="42.565896" lon="20.046286">
        <ele>2164.601754</ele>
        <time>2026-05-05T06:00:02.489Z</time>
      </trkpt>
      <trkpt lat="42.565855" lon="20.045975">
        <ele>2165.169264</ele>
        <time>2026-05-05T06:00:38.947Z</time>
      </trkpt>
      <trkpt lat="42.566008" lon="20.044867">
        <ele>2167.600613</ele>
        <time>2026-05-05T06:02:57.124Z</time>
      </trkpt>
      <trkpt lat="42.566057" lon="20.043554">
        <ele>2171.306334</ele>
        <time>2026-05-05T06:05:53.866Z</time>
      </trkpt>
      <trkpt lat="42.565946" lon="20.042513">
        <ele>2169.222319</ele>
        <time>2026-05-05T06:08:03.594Z</time>
      </trkpt>
      <trkpt lat="42.565978" lon="20.042258">
        <ele>2165.894044</ele>
        <time>2026-05-05T06:08:35.109Z</time>
      </trkpt>
      <trkpt lat="42.566043" lon="20.042081">
        <ele>2163.349249</ele>
        <time>2026-05-05T06:09:00.882Z</time>
      </trkpt>
      <trkpt lat="42.566100" lon="20.041814">
        <ele>2159.772456</ele>
        <time>2026-05-05T06:09:39.117Z</time>
      </trkpt>
      <trkpt lat="42.566213" lon="20.041950">
        <ele>2157.134446</ele>
        <time>2026-05-05T06:10:09.227Z</time>
      </trkpt>
      <trkpt lat="42.566347" lon="20.041957">
        <ele>2154.791737</ele>
        <time>2026-05-05T06:10:38.792Z</time>
      </trkpt>
      <trkpt lat="42.566353" lon="20.041863">
        <ele>2153.577748</ele>
        <time>2026-05-05T06:10:55.285Z</time>
      </trkpt>
      <trkpt lat="42.566427" lon="20.041922">
        <ele>2152.078565</ele>
        <time>2026-05-05T06:11:16.498Z</time>
      </trkpt>
      <trkpt lat="42.566524" lon="20.041684">
        <ele>2148.578724</ele>
        <time>2026-05-05T06:12:09.936Z</time>
      </trkpt>
      <trkpt lat="42.566677" lon="20.041664">
        <ele>2145.893458</ele>
        <time>2026-05-05T06:12:53.985Z</time>
      </trkpt>
      <trkpt lat="42.566751" lon="20.041585">
        <ele>2144.248937</ele>
        <time>2026-05-05T06:13:22.051Z</time>
      </trkpt>
      <trkpt lat="42.566946" lon="20.041038">
        <ele>2129.919298</ele>
        <time>2026-05-05T06:15:47.528Z</time>
      </trkpt>
      <trkpt lat="42.567063" lon="20.040840">
        <ele>2122.795086</ele>
        <time>2026-05-05T06:16:50.761Z</time>
      </trkpt>
      <trkpt lat="42.567139" lon="20.040337">
        <ele>2108.384736</ele>
        <time>2026-05-05T06:19:00.941Z</time>
      </trkpt>
      <trkpt lat="42.567185" lon="20.039777">
        <ele>2092.571293</ele>
        <time>2026-05-05T06:21:21.443Z</time>
      </trkpt>
      <trkpt lat="42.567078" lon="20.039451">
        <ele>2082.554912</ele>
        <time>2026-05-05T06:22:49.878Z</time>
      </trkpt>
      <trkpt lat="42.567063" lon="20.039332">
        <ele>2079.166698</ele>
        <time>2026-05-05T06:23:19.689Z</time>
      </trkpt>
      <trkpt lat="42.567150" lon="20.038923">
        <ele>2068.189420</ele>
        <time>2026-05-05T06:25:02.608Z</time>
      </trkpt>
      <trkpt lat="42.567245" lon="20.038864">
        <ele>2064.833214</ele>
        <time>2026-05-05T06:25:35.895Z</time>
      </trkpt>
      <trkpt lat="42.567414" lon="20.038873">
        <ele>2059.399527</ele>
        <time>2026-05-05T06:26:30.063Z</time>
      </trkpt>
      <trkpt lat="42.567490" lon="20.038822">
        <ele>2056.675937</ele>
        <time>2026-05-05T06:26:56.566Z</time>
      </trkpt>
      <trkpt lat="42.567566" lon="20.038701">
        <ele>2052.913157</ele>
        <time>2026-05-05T06:27:33.554Z</time>
      </trkpt>
      <trkpt lat="42.567666" lon="20.038653">
        <ele>2049.505590</ele>
        <time>2026-05-05T06:28:06.635Z</time>
      </trkpt>
      <trkpt lat="42.567762" lon="20.038674">
        <ele>2046.381601</ele>
        <time>2026-05-05T06:28:36.788Z</time>
      </trkpt>
      <trkpt lat="42.567887" lon="20.038592">
        <ele>2041.921565</ele>
        <time>2026-05-05T06:29:19.014Z</time>
      </trkpt>
      <trkpt lat="42.567991" lon="20.038615">
        <ele>2038.536298</ele>
        <time>2026-05-05T06:29:50.181Z</time>
      </trkpt>
      <trkpt lat="42.568239" lon="20.038490">
        <ele>2030.037498</ele>
        <time>2026-05-05T06:31:05.482Z</time>
      </trkpt>
      <trkpt lat="42.568374" lon="20.038497">
        <ele>2025.697153</ele>
        <time>2026-05-05T06:31:42.739Z</time>
      </trkpt>
      <trkpt lat="42.568841" lon="20.038363">
        <ele>2012.741724</ele>
        <time>2026-05-05T06:33:44.411Z</time>
      </trkpt>
      <trkpt lat="42.568924" lon="20.038272">
        <ele>2010.866174</ele>
        <time>2026-05-05T06:34:09.217Z</time>
      </trkpt>
      <trkpt lat="42.568962" lon="20.038068">
        <ele>2008.141615</ele>
        <time>2026-05-05T06:34:43.842Z</time>
      </trkpt>
      <trkpt lat="42.569259" lon="20.037354">
        <ele>1997.524099</ele>
        <time>2026-05-05T06:36:47.386Z</time>
      </trkpt>
      <trkpt lat="42.569511" lon="20.037063">
        <ele>1991.708128</ele>
        <time>2026-05-05T06:37:50.719Z</time>
      </trkpt>
      <trkpt lat="42.569643" lon="20.037002">
        <ele>1989.256688</ele>
        <time>2026-05-05T06:38:16.879Z</time>
      </trkpt>
      <trkpt lat="42.569848" lon="20.036988">
        <ele>1985.647983</ele>
        <time>2026-05-05T06:38:55.417Z</time>
      </trkpt>
      <trkpt lat="42.570135" lon="20.037074">
        <ele>1982.387403</ele>
        <time>2026-05-05T06:39:50.002Z</time>
      </trkpt>
      <trkpt lat="42.570450" lon="20.036922">
        <ele>1979.698585</ele>
        <time>2026-05-05T06:40:51.222Z</time>
      </trkpt>
      <trkpt lat="42.570870" lon="20.036818">
        <ele>1976.264748</ele>
        <time>2026-05-05T06:42:07.950Z</time>
      </trkpt>
      <trkpt lat="42.570999" lon="20.036662">
        <ele>1974.875363</ele>
        <time>2026-05-05T06:42:37.773Z</time>
      </trkpt>
      <trkpt lat="42.571189" lon="20.036323">
        <ele>1972.351983</ele>
        <time>2026-05-05T06:43:30.431Z</time>
      </trkpt>
      <trkpt lat="42.571310" lon="20.036199">
        <ele>1971.132707</ele>
        <time>2026-05-05T06:43:55.241Z</time>
      </trkpt>
      <trkpt lat="42.571318" lon="20.036008">
        <ele>1969.999534</ele>
        <time>2026-05-05T06:44:18.053Z</time>
      </trkpt>
      <trkpt lat="42.571440" lon="20.036000">
        <ele>1969.683069</ele>
        <time>2026-05-05T06:44:33.592Z</time>
      </trkpt>
      <trkpt lat="42.571487" lon="20.035982">
        <ele>1969.801858</ele>
        <time>2026-05-05T06:44:39.780Z</time>
      </trkpt>
      <trkpt lat="42.571440" lon="20.036000">
        <ele>1969.920647</ele>
        <time>2026-05-05T06:44:45.917Z</time>
      </trkpt>
      <trkpt lat="42.571318" lon="20.036008">
        <ele>1970.217763</ele>
        <time>2026-05-05T06:45:01.046Z</time>
      </trkpt>
      <trkpt lat="42.571165" lon="20.035933">
        <ele>1970.613449</ele>
        <time>2026-05-05T06:45:20.722Z</time>
      </trkpt>
      <trkpt lat="42.570865" lon="20.035369">
        <ele>1971.859794</ele>
        <time>2026-05-05T06:46:26.375Z</time>
      </trkpt>
      <trkpt lat="42.570874" lon="20.034947">
        <ele>1972.616090</ele>
        <time>2026-05-05T06:47:09.915Z</time>
      </trkpt>
      <trkpt lat="42.570769" lon="20.034861">
        <ele>1972.914373</ele>
        <time>2026-05-05T06:47:27.592Z</time>
      </trkpt>
      <trkpt lat="42.570694" lon="20.034634">
        <ele>1973.360076</ele>
        <time>2026-05-05T06:47:53.976Z</time>
      </trkpt>
      <trkpt lat="42.570544" lon="20.034392">
        <ele>1974.007236</ele>
        <time>2026-05-05T06:48:27.639Z</time>
      </trkpt>
      <trkpt lat="42.570346" lon="20.034357">
        <ele>1976.191787</ele>
        <time>2026-05-05T06:48:56.925Z</time>
      </trkpt>
      <trkpt lat="42.570283" lon="20.034157">
        <ele>1977.944470</ele>
        <time>2026-05-05T06:49:20.862Z</time>
      </trkpt>
      <trkpt lat="42.570326" lon="20.034012">
        <ele>1979.203944</ele>
        <time>2026-05-05T06:49:38.218Z</time>
      </trkpt>
      <trkpt lat="42.570239" lon="20.033716">
        <ele>1981.771834</ele>
        <time>2026-05-05T06:50:14.421Z</time>
      </trkpt>
      <trkpt lat="42.570312" lon="20.033602">
        <ele>1982.989039</ele>
        <time>2026-05-05T06:50:31.954Z</time>
      </trkpt>
      <trkpt lat="42.570204" lon="20.033376">
        <ele>1985.159766</ele>
        <time>2026-05-05T06:51:03.815Z</time>
      </trkpt>
      <trkpt lat="42.570213" lon="20.033123">
        <ele>1987.200644</ele>
        <time>2026-05-05T06:51:35.137Z</time>
      </trkpt>
      <trkpt lat="42.570068" lon="20.032734">
        <ele>1990.713554</ele>
        <time>2026-05-05T06:52:34.206Z</time>
      </trkpt>
      <trkpt lat="42.570063" lon="20.032546">
        <ele>1992.229321</ele>
        <time>2026-05-05T06:53:01.690Z</time>
      </trkpt>
      <trkpt lat="42.569983" lon="20.032328">
        <ele>1994.570206</ele>
        <time>2026-05-05T06:53:39.509Z</time>
      </trkpt>
      <trkpt lat="42.569856" lon="20.032214">
        <ele>1997.269790</ele>
        <time>2026-05-05T06:54:13.323Z</time>
      </trkpt>
      <trkpt lat="42.569808" lon="20.032098">
        <ele>1999.007371</ele>
        <time>2026-05-05T06:54:36.151Z</time>
      </trkpt>
      <trkpt lat="42.569295" lon="20.031789">
        <ele>2008.958845</ele>
        <time>2026-05-05T06:56:52.839Z</time>
      </trkpt>
      <trkpt lat="42.569194" lon="20.031793">
        <ele>2010.750561</ele>
        <time>2026-05-05T06:57:17.880Z</time>
      </trkpt>
      <trkpt lat="42.568891" lon="20.031454">
        <ele>2017.712340</ele>
        <time>2026-05-05T06:58:53.147Z</time>
      </trkpt>
      <trkpt lat="42.568606" lon="20.031320">
        <ele>2023.060422</ele>
        <time>2026-05-05T06:59:58.081Z</time>
      </trkpt>
      <trkpt lat="42.568520" lon="20.031344">
        <ele>2024.617268</ele>
        <time>2026-05-05T07:00:15.025Z</time>
      </trkpt>
      <trkpt lat="42.568449" lon="20.031257">
        <ele>2025.733461</ele>
        <time>2026-05-05T07:00:32.953Z</time>
      </trkpt>
      <trkpt lat="42.568343" lon="20.031254">
        <ele>2026.311395</ele>
        <time>2026-05-05T07:00:51.700Z</time>
      </trkpt>
      <trkpt lat="42.568297" lon="20.031174">
        <ele>2026.718849</ele>
        <time>2026-05-05T07:01:04.105Z</time>
      </trkpt>
      <trkpt lat="42.568300" lon="20.031028">
        <ele>2027.305198</ele>
        <time>2026-05-05T07:01:21.654Z</time>
      </trkpt>
      <trkpt lat="42.568339" lon="20.030810">
        <ele>2028.205814</ele>
        <time>2026-05-05T07:01:47.372Z</time>
      </trkpt>
      <trkpt lat="42.568472" lon="20.030301">
        <ele>2030.374003</ele>
        <time>2026-05-05T07:02:44.373Z</time>
      </trkpt>
      <trkpt lat="42.568703" lon="20.030168">
        <ele>2031.741712</ele>
        <time>2026-05-05T07:03:17.329Z</time>
      </trkpt>
      <trkpt lat="42.568988" lon="20.030010">
        <ele>2033.419751</ele>
        <time>2026-05-05T07:03:55.746Z</time>
      </trkpt>
      <trkpt lat="42.569093" lon="20.029896">
        <ele>2034.152579</ele>
        <time>2026-05-05T07:04:11.917Z</time>
      </trkpt>
      <trkpt lat="42.569364" lon="20.029789">
        <ele>2035.185197</ele>
        <time>2026-05-05T07:04:46.406Z</time>
      </trkpt>
      <trkpt lat="42.569738" lon="20.029307">
        <ele>2034.531565</ele>
        <time>2026-05-05T07:05:49.724Z</time>
      </trkpt>
      <trkpt lat="42.569896" lon="20.029001">
        <ele>2034.182684</ele>
        <time>2026-05-05T07:06:23.686Z</time>
      </trkpt>
      <trkpt lat="42.569961" lon="20.028942">
        <ele>2034.083575</ele>
        <time>2026-05-05T07:06:33.399Z</time>
      </trkpt>
      <trkpt lat="42.570662" lon="20.028673">
        <ele>2033.160170</ele>
        <time>2026-05-05T07:08:04.188Z</time>
      </trkpt>
      <trkpt lat="42.571264" lon="20.028096">
        <ele>2031.610510</ele>
        <time>2026-05-05T07:09:35.174Z</time>
      </trkpt>
      <trkpt lat="42.571475" lon="20.027688">
        <ele>2030.775187</ele>
        <time>2026-05-05T07:10:20.569Z</time>
      </trkpt>
      <trkpt lat="42.571720" lon="20.027378">
        <ele>2030.013292</ele>
        <time>2026-05-05T07:11:02.419Z</time>
      </trkpt>
      <trkpt lat="42.571893" lon="20.026989">
        <ele>2029.251902</ele>
        <time>2026-05-05T07:11:45.099Z</time>
      </trkpt>
      <trkpt lat="42.571978" lon="20.026938">
        <ele>2029.040478</ele>
        <time>2026-05-05T07:11:57.036Z</time>
      </trkpt>
      <trkpt lat="42.572226" lon="20.026902">
        <ele>2027.984188</ele>
        <time>2026-05-05T07:12:29.484Z</time>
      </trkpt>
      <trkpt lat="42.572366" lon="20.026806">
        <ele>2027.226765</ele>
        <time>2026-05-05T07:12:50.225Z</time>
      </trkpt>
      <trkpt lat="42.572575" lon="20.026509">
        <ele>2025.765793</ele>
        <time>2026-05-05T07:13:30.958Z</time>
      </trkpt>
      <trkpt lat="42.573216" lon="20.025704">
        <ele>2021.549272</ele>
        <time>2026-05-05T07:15:28.401Z</time>
      </trkpt>
      <trkpt lat="42.573496" lon="20.025412">
        <ele>2019.927422</ele>
        <time>2026-05-05T07:16:14.125Z</time>
      </trkpt>
      <trkpt lat="42.573616" lon="20.025260">
        <ele>2019.309224</ele>
        <time>2026-05-05T07:16:34.883Z</time>
      </trkpt>
      <trkpt lat="42.573721" lon="20.024963">
        <ele>2018.395265</ele>
        <time>2026-05-05T07:17:05.468Z</time>
      </trkpt>
      <trkpt lat="42.573732" lon="20.024784">
        <ele>2017.896962</ele>
        <time>2026-05-05T07:17:22.127Z</time>
      </trkpt>
      <trkpt lat="42.573667" lon="20.024553">
        <ele>2017.210939</ele>
        <time>2026-05-05T07:17:45.204Z</time>
      </trkpt>
      <trkpt lat="42.573668" lon="20.024448">
        <ele>2016.919626</ele>
        <time>2026-05-05T07:17:55.025Z</time>
      </trkpt>
      <trkpt lat="42.573746" lon="20.024182">
        <ele>2016.125345</ele>
        <time>2026-05-05T07:18:21.732Z</time>
      </trkpt>
      <trkpt lat="42.573763" lon="20.023947">
        <ele>2015.470277</ele>
        <time>2026-05-05T07:18:43.935Z</time>
      </trkpt>
      <trkpt lat="42.573965" lon="20.023730">
        <ele>2014.499983</ele>
        <time>2026-05-05T07:19:16.968Z</time>
      </trkpt>
      <trkpt lat="42.574019" lon="20.023614">
        <ele>2014.119274</ele>
        <time>2026-05-05T07:19:30.112Z</time>
      </trkpt>
      <trkpt lat="42.574067" lon="20.023233">
        <ele>2012.466187</ele>
        <time>2026-05-05T07:20:07.860Z</time>
      </trkpt>
      <trkpt lat="42.574095" lon="20.023180">
        <ele>2012.022129</ele>
        <time>2026-05-05T07:20:14.306Z</time>
      </trkpt>
      <trkpt lat="42.574206" lon="20.023092">
        <ele>2010.833902</ele>
        <time>2026-05-05T07:20:31.931Z</time>
      </trkpt>
      <trkpt lat="42.574501" lon="20.022907">
        <ele>2007.829982</ele>
        <time>2026-05-05T07:21:17.050Z</time>
      </trkpt>
      <trkpt lat="42.574818" lon="20.022483">
        <ele>2003.716626</ele>
        <time>2026-05-05T07:22:20.751Z</time>
      </trkpt>
      <trkpt lat="42.574959" lon="20.022406">
        <ele>2002.311686</ele>
        <time>2026-05-05T07:22:43.076Z</time>
      </trkpt>
      <trkpt lat="42.575603" lon="20.022359">
        <ele>1996.300213</ele>
        <time>2026-05-05T07:24:18.314Z</time>
      </trkpt>
      <trkpt lat="42.575807" lon="20.022275">
        <ele>1994.122157</ele>
        <time>2026-05-05T07:24:49.905Z</time>
      </trkpt>
      <trkpt lat="42.576013" lon="20.022241">
        <ele>1992.001889</ele>
        <time>2026-05-05T07:25:20.474Z</time>
      </trkpt>
      <trkpt lat="42.576394" lon="20.022232">
        <ele>1988.108480</ele>
        <time>2026-05-05T07:26:16.261Z</time>
      </trkpt>
      <trkpt lat="42.576653" lon="20.022268">
        <ele>1985.448354</ele>
        <time>2026-05-05T07:26:53.799Z</time>
      </trkpt>
      <trkpt lat="42.576794" lon="20.022243">
        <ele>1983.995477</ele>
        <time>2026-05-05T07:27:14.269Z</time>
      </trkpt>
      <trkpt lat="42.576978" lon="20.022032">
        <ele>1981.534868</ele>
        <time>2026-05-05T07:27:48.665Z</time>
      </trkpt>
      <trkpt lat="42.577097" lon="20.021771">
        <ele>1979.225226</ele>
        <time>2026-05-05T07:28:20.542Z</time>
      </trkpt>
      <trkpt lat="42.577135" lon="20.021752">
        <ele>1978.811486</ele>
        <time>2026-05-05T07:28:26.128Z</time>
      </trkpt>
      <trkpt lat="42.577203" lon="20.021736">
        <ele>1978.338899</ele>
        <time>2026-05-05T07:28:35.776Z</time>
      </trkpt>
      <trkpt lat="42.577677" lon="20.021803">
        <ele>1976.850716</ele>
        <time>2026-05-05T07:29:41.907Z</time>
      </trkpt>
      <trkpt lat="42.578501" lon="20.021383">
        <ele>1974.102293</ele>
        <time>2026-05-05T07:31:36.210Z</time>
      </trkpt>
      <trkpt lat="42.578624" lon="20.021331">
        <ele>1973.700013</ele>
        <time>2026-05-05T07:31:51.831Z</time>
      </trkpt>
      <trkpt lat="42.578501" lon="20.021383">
        <ele>1973.297733</ele>
        <time>2026-05-05T07:32:07.477Z</time>
      </trkpt>
      <trkpt lat="42.579881" lon="20.019421">
        <ele>1983.360664</ele>
        <time>2026-05-05T07:37:02.479Z</time>
      </trkpt>
      <trkpt lat="42.580184" lon="20.018724">
        <ele>1984.948744</ele>
        <time>2026-05-05T07:38:27.391Z</time>
      </trkpt>
      <trkpt lat="42.581041" lon="20.017377">
        <ele>1987.710239</ele>
        <time>2026-05-05T07:41:11.090Z</time>
      </trkpt>
      <trkpt lat="42.581427" lon="20.016901">
        <ele>1986.653358</ele>
        <time>2026-05-05T07:42:15.425Z</time>
      </trkpt>
      <trkpt lat="42.582198" lon="20.016521">
        <ele>1984.990745</ele>
        <time>2026-05-05T07:43:58.631Z</time>
      </trkpt>
      <trkpt lat="42.584362" lon="20.014264">
        <ele>1968.378822</ele>
        <time>2026-05-05T07:49:56.978Z</time>
      </trkpt>
      <trkpt lat="42.584286" lon="20.013681">
        <ele>1962.973979</ele>
        <time>2026-05-05T07:51:00.786Z</time>
      </trkpt>
      <trkpt lat="42.584461" lon="20.013511">
        <ele>1960.306379</ele>
        <time>2026-05-05T07:51:33.896Z</time>
      </trkpt>
      <trkpt lat="42.584657" lon="20.013511">
        <ele>1957.876281</ele>
        <time>2026-05-05T07:52:05.559Z</time>
      </trkpt>
      <trkpt lat="42.585012" lon="20.013569">
        <ele>1952.989875</ele>
        <time>2026-05-05T07:53:09.861Z</time>
      </trkpt>
      <trkpt lat="42.585510" lon="20.013376">
        <ele>1939.789237</ele>
        <time>2026-05-05T07:54:53.889Z</time>
      </trkpt>
      <trkpt lat="42.585909" lon="20.013452">
        <ele>1929.519234</ele>
        <time>2026-05-05T07:56:20.312Z</time>
      </trkpt>
      <trkpt lat="42.586429" lon="20.013395">
        <ele>1916.221381</ele>
        <time>2026-05-05T07:58:13.792Z</time>
      </trkpt>
      <trkpt lat="42.586647" lon="20.012601">
        <ele>1902.265348</ele>
        <time>2026-05-05T08:00:22.546Z</time>
      </trkpt>
      <trkpt lat="42.587180" lon="20.011810">
        <ele>1887.226773</ele>
        <time>2026-05-05T08:02:40.767Z</time>
      </trkpt>
      <trkpt lat="42.587387" lon="20.011604">
        <ele>1882.338452</ele>
        <time>2026-05-05T08:03:20.851Z</time>
      </trkpt>
      <trkpt lat="42.587343" lon="20.011389">
        <ele>1879.208783</ele>
        <time>2026-05-05T08:03:45.923Z</time>
      </trkpt>
      <trkpt lat="42.587289" lon="20.011118">
        <ele>1875.271300</ele>
        <time>2026-05-05T08:04:17.101Z</time>
      </trkpt>
      <trkpt lat="42.587416" lon="20.010718">
        <ele>1869.907349</ele>
        <time>2026-05-05T08:05:05.059Z</time>
      </trkpt>
      <trkpt lat="42.588033" lon="20.009876">
        <ele>1855.945859</ele>
        <time>2026-05-05T08:07:18.605Z</time>
      </trkpt>
      <trkpt lat="42.588866" lon="20.009902">
        <ele>1842.071795</ele>
        <time>2026-05-05T08:09:39.579Z</time>
      </trkpt>
      <trkpt lat="42.589296" lon="20.009718">
        <ele>1833.159344</ele>
        <time>2026-05-05T08:11:02.361Z</time>
      </trkpt>
      <trkpt lat="42.589901" lon="20.008660">
        <ele>1813.661803</ele>
        <time>2026-05-05T08:13:57.678Z</time>
      </trkpt>
      <trkpt lat="42.590303" lon="20.008122">
        <ele>1803.068388</ele>
        <time>2026-05-05T08:15:29.816Z</time>
      </trkpt>
      <trkpt lat="42.590987" lon="20.006771">
        <ele>1781.127663</ele>
        <time>2026-05-05T08:18:46.334Z</time>
      </trkpt>
      <trkpt lat="42.591748" lon="20.006307">
        <ele>1764.410516</ele>
        <time>2026-05-05T08:21:11.477Z</time>
      </trkpt>
      <trkpt lat="42.592210" lon="20.005813">
        <ele>1752.189409</ele>
        <time>2026-05-05T08:22:59.714Z</time>
      </trkpt>
      <trkpt lat="42.592354" lon="20.003683">
        <ele>1718.535667</ele>
        <time>2026-05-05T08:27:48.192Z</time>
      </trkpt>
      <trkpt lat="42.592090" lon="20.002095">
        <ele>1692.158304</ele>
        <time>2026-05-05T08:31:31.059Z</time>
      </trkpt>
      <trkpt lat="42.591766" lon="20.001320">
        <ele>1677.318507</ele>
        <time>2026-05-05T08:33:36.550Z</time>
      </trkpt>
      <trkpt lat="42.591718" lon="20.000756">
        <ele>1667.864961</ele>
        <time>2026-05-05T08:34:55.993Z</time>
      </trkpt>
      <trkpt lat="42.592290" lon="20.000583">
        <ele>1654.299514</ele>
        <time>2026-05-05T08:36:46.505Z</time>
      </trkpt>
      <trkpt lat="42.592751" lon="20.000499">
        <ele>1643.125286</ele>
        <time>2026-05-05T08:38:13.779Z</time>
      </trkpt>
      <trkpt lat="42.592873" lon="20.000219">
        <ele>1637.370868</ele>
        <time>2026-05-05T08:38:59.337Z</time>
      </trkpt>
      <trkpt lat="42.592842" lon="19.999183">
        <ele>1619.033075</ele>
        <time>2026-05-05T08:41:31.347Z</time>
      </trkpt>
      <trkpt lat="42.592723" lon="19.998384">
        <ele>1603.126159</ele>
        <time>2026-05-05T08:43:38.494Z</time>
      </trkpt>
      <trkpt lat="42.592580" lon="19.997767">
        <ele>1590.241070</ele>
        <time>2026-05-05T08:45:21.396Z</time>
      </trkpt>
      <trkpt lat="42.592690" lon="19.997497">
        <ele>1584.094127</ele>
        <time>2026-05-05T08:46:11.162Z</time>
      </trkpt>
      <trkpt lat="42.592873" lon="19.997543">
        <ele>1579.058455</ele>
        <time>2026-05-05T08:46:51.722Z</time>
      </trkpt>
      <trkpt lat="42.593163" lon="19.997467">
        <ele>1571.066948</ele>
        <time>2026-05-05T08:47:54.931Z</time>
      </trkpt>
      <trkpt lat="42.593464" lon="19.997168">
        <ele>1562.675794</ele>
        <time>2026-05-05T08:49:11.225Z</time>
      </trkpt>
      <trkpt lat="42.593457" lon="19.996714">
        <ele>1555.901591</ele>
        <time>2026-05-05T08:50:14.726Z</time>
      </trkpt>
      <trkpt lat="42.593334" lon="19.996539">
        <ele>1552.292179</ele>
        <time>2026-05-05T08:50:46.614Z</time>
      </trkpt>
      <trkpt lat="42.593264" lon="19.996293">
        <ele>1548.357768</ele>
        <time>2026-05-05T08:51:19.421Z</time>
      </trkpt>
      <trkpt lat="42.593325" lon="19.996245">
        <ele>1546.929236</ele>
        <time>2026-05-05T08:51:30.770Z</time>
      </trkpt>
      <trkpt lat="42.594011" lon="19.996159">
        <ele>1532.969015</ele>
        <time>2026-05-05T08:53:19.861Z</time>
      </trkpt>
      <trkpt lat="42.594181" lon="19.996213">
        <ele>1529.372261</ele>
        <time>2026-05-05T08:53:47.671Z</time>
      </trkpt>
      <trkpt lat="42.594406" lon="19.996412">
        <ele>1523.759522</ele>
        <time>2026-05-05T08:54:30.462Z</time>
      </trkpt>
      <trkpt lat="42.594459" lon="19.996380">
        <ele>1522.547047</ele>
        <time>2026-05-05T08:54:40.393Z</time>
      </trkpt>
      <trkpt lat="42.594656" lon="19.996459">
        <ele>1518.253073</ele>
        <time>2026-05-05T08:55:14.733Z</time>
      </trkpt>
      <trkpt lat="42.594684" lon="19.996397">
        <ele>1517.133696</ele>
        <time>2026-05-05T08:55:23.834Z</time>
      </trkpt>
      <trkpt lat="42.594682" lon="19.996317">
        <ele>1515.901837</ele>
        <time>2026-05-05T08:55:34.518Z</time>
      </trkpt>
      <trkpt lat="42.594636" lon="19.996191">
        <ele>1513.737425</ele>
        <time>2026-05-05T08:55:52.589Z</time>
      </trkpt>
      <trkpt lat="42.594552" lon="19.996132">
        <ele>1511.760559</ele>
        <time>2026-05-05T08:56:09.744Z</time>
      </trkpt>
      <trkpt lat="42.594403" lon="19.996028">
        <ele>1508.258591</ele>
        <time>2026-05-05T08:56:40.628Z</time>
      </trkpt>
      <trkpt lat="42.594419" lon="19.995818">
        <ele>1505.009549</ele>
        <time>2026-05-05T08:57:10.210Z</time>
      </trkpt>
      <trkpt lat="42.594582" lon="19.995243">
        <ele>1495.527236</ele>
        <time>2026-05-05T08:58:41.742Z</time>
      </trkpt>
      <trkpt lat="42.594921" lon="19.994943">
        <ele>1487.069785</ele>
        <time>2026-05-05T09:00:01.895Z</time>
      </trkpt>
      <trkpt lat="42.595232" lon="19.994866">
        <ele>1480.461760</ele>
        <time>2026-05-05T09:01:01.874Z</time>
      </trkpt>
      <trkpt lat="42.595338" lon="19.994906">
        <ele>1478.162105</ele>
        <time>2026-05-05T09:01:21.868Z</time>
      </trkpt>
      <trkpt lat="42.595424" lon="19.994876">
        <ele>1476.306093</ele>
        <time>2026-05-05T09:01:37.853Z</time>
      </trkpt>
      <trkpt lat="42.595345" lon="19.994479">
        <ele>1469.977799</ele>
        <time>2026-05-05T09:02:30.765Z</time>
      </trkpt>
      <trkpt lat="42.595143" lon="19.994177">
        <ele>1463.698821</ele>
        <time>2026-05-05T09:03:21.539Z</time>
      </trkpt>
      <trkpt lat="42.595232" lon="19.994053">
        <ele>1461.033867</ele>
        <time>2026-05-05T09:03:42.704Z</time>
      </trkpt>
      <trkpt lat="42.595696" lon="19.993907">
        <ele>1451.529564</ele>
        <time>2026-05-05T09:05:01.826Z</time>
      </trkpt>
      <trkpt lat="42.595893" lon="19.993899">
        <ele>1447.780518</ele>
        <time>2026-05-05T09:05:35.649Z</time>
      </trkpt>
      <trkpt lat="42.595900" lon="19.993899">
        <ele>1447.647363</ele>
        <time>2026-05-05T09:05:36.824Z</time>
      </trkpt>
      <trkpt lat="42.595923" lon="19.993874">
        <ele>1447.087033</ele>
        <time>2026-05-05T09:05:41.916Z</time>
      </trkpt>
      <trkpt lat="42.596150" lon="19.994012">
        <ele>1442.356312</ele>
        <time>2026-05-05T09:06:24.223Z</time>
      </trkpt>
      <trkpt lat="42.596187" lon="19.993997">
        <ele>1441.621817</ele>
        <time>2026-05-05T09:06:30.796Z</time>
      </trkpt>
      <trkpt lat="42.596221" lon="19.993942">
        <ele>1440.616109</ele>
        <time>2026-05-05T09:06:39.725Z</time>
      </trkpt>
      <trkpt lat="42.596221" lon="19.993773">
        <ele>1438.249596</ele>
        <time>2026-05-05T09:07:00.621Z</time>
      </trkpt>
      <trkpt lat="42.596195" lon="19.993625">
        <ele>1436.118950</ele>
        <time>2026-05-05T09:07:19.554Z</time>
      </trkpt>
      <trkpt lat="42.596066" lon="19.993295">
        <ele>1430.886824</ele>
        <time>2026-05-05T09:08:06.929Z</time>
      </trkpt>
      <trkpt lat="42.595955" lon="19.993177">
        <ele>1428.205670</ele>
        <time>2026-05-05T09:08:31.579Z</time>
      </trkpt>
      <trkpt lat="42.595950" lon="19.993109">
        <ele>1427.248722</ele>
        <time>2026-05-05T09:08:40.336Z</time>
      </trkpt>
      <trkpt lat="42.596015" lon="19.993057">
        <ele>1425.813797</ele>
        <time>2026-05-05T09:08:53.418Z</time>
      </trkpt>
      <trkpt lat="42.596348" lon="19.993030">
        <ele>1419.490217</ele>
        <time>2026-05-05T09:09:51.309Z</time>
      </trkpt>
      <trkpt lat="42.596568" lon="19.993080">
        <ele>1415.285981</ele>
        <time>2026-05-05T09:10:30.445Z</time>
      </trkpt>
      <trkpt lat="42.596648" lon="19.993355">
        <ele>1411.183260</ele>
        <time>2026-05-05T09:11:08.162Z</time>
      </trkpt>
      <trkpt lat="42.596701" lon="19.993379">
        <ele>1410.130266</ele>
        <time>2026-05-05T09:11:17.602Z</time>
      </trkpt>
      <trkpt lat="42.596762" lon="19.993308">
        <ele>1408.616215</ele>
        <time>2026-05-05T09:11:31.086Z</time>
      </trkpt>
      <trkpt lat="42.596786" lon="19.993135">
        <ele>1406.173618</ele>
        <time>2026-05-05T09:11:52.175Z</time>
      </trkpt>
      <trkpt lat="42.596675" lon="19.992623">
        <ele>1398.768035</ele>
        <time>2026-05-05T09:12:57.450Z</time>
      </trkpt>
      <trkpt lat="42.596717" lon="19.992491">
        <ele>1396.772795</ele>
        <time>2026-05-05T09:13:15.506Z</time>
      </trkpt>
      <trkpt lat="42.596893" lon="19.992537">
        <ele>1393.394672</ele>
        <time>2026-05-05T09:13:46.133Z</time>
      </trkpt>
      <trkpt lat="42.597079" lon="19.992450">
        <ele>1389.686912</ele>
        <time>2026-05-05T09:14:19.703Z</time>
      </trkpt>
      <trkpt lat="42.597114" lon="19.992252">
        <ele>1387.045886</ele>
        <time>2026-05-05T09:14:45.266Z</time>
      </trkpt>
      <trkpt lat="42.597162" lon="19.992155">
        <ele>1385.691117</ele>
        <time>2026-05-05T09:14:59.857Z</time>
      </trkpt>
      <trkpt lat="42.597297" lon="19.992101">
        <ele>1383.475160</ele>
        <time>2026-05-05T09:15:23.923Z</time>
      </trkpt>
      <trkpt lat="42.597244" lon="19.991908">
        <ele>1381.087476</ele>
        <time>2026-05-05T09:15:49.755Z</time>
      </trkpt>
      <trkpt lat="42.596878" lon="19.991733">
        <ele>1374.977850</ele>
        <time>2026-05-05T09:16:51.461Z</time>
      </trkpt>
      <trkpt lat="42.596216" lon="19.991618">
        <ele>1364.469064</ele>
        <time>2026-05-05T09:18:33.160Z</time>
      </trkpt>
      <trkpt lat="42.596249" lon="19.991484">
        <ele>1362.831212</ele>
        <time>2026-05-05T09:18:48.454Z</time>
      </trkpt>
      <trkpt lat="42.597117" lon="19.991177">
        <ele>1348.668235</ele>
        <time>2026-05-05T09:21:05.328Z</time>
      </trkpt>
      <trkpt lat="42.597931" lon="19.990836">
        <ele>1335.206671</ele>
        <time>2026-05-05T09:23:19.672Z</time>
      </trkpt>
      <trkpt lat="42.597941" lon="19.990765">
        <ele>1334.365740</ele>
        <time>2026-05-05T09:23:28.764Z</time>
      </trkpt>
      <trkpt lat="42.597674" lon="19.990535">
        <ele>1329.120621</ele>
        <time>2026-05-05T09:24:20.805Z</time>
      </trkpt>
      <trkpt lat="42.596960" lon="19.990374">
        <ele>1316.157279</ele>
        <time>2026-05-05T09:26:24.332Z</time>
      </trkpt>
      <trkpt lat="42.596703" lon="19.990071">
        <ele>1310.062323</ele>
        <time>2026-05-05T09:27:19.861Z</time>
      </trkpt>
      <trkpt lat="42.596369" lon="19.989880">
        <ele>1303.571639</ele>
        <time>2026-05-05T09:28:18.190Z</time>
      </trkpt>
      <trkpt lat="42.596198" lon="19.989774">
        <ele>1300.205070</ele>
        <time>2026-05-05T09:28:49.263Z</time>
      </trkpt>
      <trkpt lat="42.595654" lon="19.989635">
        <ele>1292.596633</ele>
        <time>2026-05-05T09:30:20.055Z</time>
      </trkpt>
      <trkpt lat="42.595492" lon="19.989444">
        <ele>1289.769514</ele>
        <time>2026-05-05T09:30:53.611Z</time>
      </trkpt>
      <trkpt lat="42.595528" lon="19.989329">
        <ele>1288.557076</ele>
        <time>2026-05-05T09:31:07.605Z</time>
      </trkpt>
      <trkpt lat="42.595683" lon="19.989290">
        <ele>1286.479497</ele>
        <time>2026-05-05T09:31:31.088Z</time>
      </trkpt>
      <trkpt lat="42.595695" lon="19.989210">
        <ele>1285.687380</ele>
        <time>2026-05-05T09:31:39.987Z</time>
      </trkpt>
      <trkpt lat="42.595599" lon="19.989086">
        <ele>1283.941474</ele>
        <time>2026-05-05T09:31:59.289Z</time>
      </trkpt>
      <trkpt lat="42.595373" lon="19.989054">
        <ele>1280.946757</ele>
        <time>2026-05-05T09:32:31.972Z</time>
      </trkpt>
      <trkpt lat="42.594841" lon="19.989247">
        <ele>1273.991664</ele>
        <time>2026-05-05T09:33:50.355Z</time>
      </trkpt>
      <trkpt lat="42.594200" lon="19.989004">
        <ele>1266.851443</ele>
        <time>2026-05-05T09:35:25.463Z</time>
      </trkpt>
      <trkpt lat="42.593799" lon="19.988442">
        <ele>1260.669606</ele>
        <time>2026-05-05T09:36:51.286Z</time>
      </trkpt>
      <trkpt lat="42.593443" lon="19.988269">
        <ele>1256.612942</ele>
        <time>2026-05-05T09:37:46.785Z</time>
      </trkpt>
      <trkpt lat="42.593257" lon="19.987989">
        <ele>1253.572441</ele>
        <time>2026-05-05T09:38:27.247Z</time>
      </trkpt>
      <trkpt lat="42.592608" lon="19.987930">
        <ele>1246.413124</ele>
        <time>2026-05-05T09:40:00.949Z</time>
      </trkpt>
      <trkpt lat="42.593118" lon="19.987511">
        <ele>1239.852850</ele>
        <time>2026-05-05T09:41:27.583Z</time>
      </trkpt>
      <trkpt lat="42.593730" lon="19.987371">
        <ele>1232.561303</ele>
        <time>2026-05-05T09:42:58.962Z</time>
      </trkpt>
      <trkpt lat="42.594468" lon="19.987064">
        <ele>1222.842342</ele>
        <time>2026-05-05T09:44:57.187Z</time>
      </trkpt>
      <trkpt lat="42.594746" lon="19.987096">
        <ele>1219.329192</ele>
        <time>2026-05-05T09:45:39.669Z</time>
      </trkpt>
      <trkpt lat="42.595172" lon="19.987080">
        <ele>1213.962907</ele>
        <time>2026-05-05T09:46:42.940Z</time>
      </trkpt>
      <trkpt lat="42.595551" lon="19.986679">
        <ele>1210.984772</ele>
        <time>2026-05-05T09:47:52.133Z</time>
      </trkpt>
      <trkpt lat="42.595609" lon="19.986226">
        <ele>1209.036344</ele>
        <time>2026-05-05T09:48:38.799Z</time>
      </trkpt>
      <trkpt lat="42.595891" lon="19.986264">
        <ele>1207.405080</ele>
        <time>2026-05-05T09:49:16.842Z</time>
      </trkpt>
      <trkpt lat="42.595908" lon="19.986266">
        <ele>1207.306855</ele>
        <time>2026-05-05T09:49:19.031Z</time>
      </trkpt>
      <trkpt lat="42.595991" lon="19.986199">
        <ele>1206.751085</ele>
        <time>2026-05-05T09:49:31.784Z</time>
      </trkpt>
      <trkpt lat="42.596093" lon="19.985937">
        <ele>1205.495157</ele>
        <time>2026-05-05T09:49:59.733Z</time>
      </trkpt>
      <trkpt lat="42.596162" lon="19.985723">
        <ele>1204.505159</ele>
        <time>2026-05-05T09:50:21.262Z</time>
      </trkpt>
      <trkpt lat="42.596484" lon="19.985733">
        <ele>1203.360346</ele>
        <time>2026-05-05T09:51:00.343Z</time>
      </trkpt>
      <trkpt lat="42.596858" lon="19.985669">
        <ele>1203.908698</ele>
        <time>2026-05-05T09:51:47.965Z</time>
      </trkpt>
      <trkpt lat="42.597176" lon="19.985202">
        <ele>1204.589926</ele>
        <time>2026-05-05T09:52:48.556Z</time>
      </trkpt>
      <trkpt lat="42.597621" lon="19.984948">
        <ele>1205.292081</ele>
        <time>2026-05-05T09:53:50.489Z</time>
      </trkpt>
      <trkpt lat="42.597866" lon="19.984557">
        <ele>1205.851980</ele>
        <time>2026-05-05T09:54:39.135Z</time>
      </trkpt>
      <trkpt lat="42.598900" lon="19.984105">
        <ele>1209.373292</ele>
        <time>2026-05-05T09:57:01.289Z</time>
      </trkpt>
      <trkpt lat="42.599294" lon="19.983858">
        <ele>1210.780011</ele>
        <time>2026-05-05T09:58:00.223Z</time>
      </trkpt>
      <trkpt lat="42.599725" lon="19.983587">
        <ele>1212.604218</ele>
        <time>2026-05-05T09:59:06.649Z</time>
      </trkpt>
      <trkpt lat="42.599829" lon="19.983370">
        <ele>1213.490589</ele>
        <time>2026-05-05T09:59:34.057Z</time>
      </trkpt>
      <trkpt lat="42.600161" lon="19.983232">
        <ele>1215.105127</ele>
        <time>2026-05-05T10:00:23.984Z</time>
      </trkpt>
      <trkpt lat="42.600422" lon="19.983286">
        <ele>1216.332841</ele>
        <time>2026-05-05T10:01:01.692Z</time>
      </trkpt>
      <trkpt lat="42.601090" lon="19.982786">
        <ele>1219.879504</ele>
        <time>2026-05-05T10:02:45.414Z</time>
      </trkpt>
      <trkpt lat="42.601354" lon="19.982764">
        <ele>1220.817128</ele>
        <time>2026-05-05T10:03:21.464Z</time>
      </trkpt>
      <trkpt lat="42.601711" lon="19.982593">
        <ele>1222.101235</ele>
        <time>2026-05-05T10:04:14.214Z</time>
      </trkpt>
      <trkpt lat="42.602056" lon="19.982570">
        <ele>1223.272976</ele>
        <time>2026-05-05T10:05:02.374Z</time>
      </trkpt>
      <trkpt lat="42.602148" lon="19.982540">
        <ele>1223.593928</ele>
        <time>2026-05-05T10:05:15.365Z</time>
      </trkpt>
      <trkpt lat="42.602137" lon="19.982305">
        <ele>1224.181897</ele>
        <time>2026-05-05T10:05:38.862Z</time>
      </trkpt>
      <trkpt lat="42.602176" lon="19.982064">
        <ele>1224.798034</ele>
        <time>2026-05-05T10:06:02.922Z</time>
      </trkpt>
      <trkpt lat="42.602183" lon="19.981668">
        <ele>1225.787111</ele>
        <time>2026-05-05T10:06:40.697Z</time>
      </trkpt>
      <trkpt lat="42.602110" lon="19.981406">
        <ele>1225.858496</ele>
        <time>2026-05-05T10:07:06.942Z</time>
      </trkpt>
      <trkpt lat="42.602086" lon="19.981234">
        <ele>1225.525135</ele>
        <time>2026-05-05T10:07:23.149Z</time>
      </trkpt>
      <trkpt lat="42.602088" lon="19.980954">
        <ele>1224.991926</ele>
        <time>2026-05-05T10:07:48.812Z</time>
      </trkpt>
      <trkpt lat="42.602219" lon="19.980621">
        <ele>1224.272936</ele>
        <time>2026-05-05T10:08:22.890Z</time>
      </trkpt>
      <trkpt lat="42.602365" lon="19.980412">
        <ele>1223.724255</ele>
        <time>2026-05-05T10:08:49.838Z</time>
      </trkpt>
      <trkpt lat="42.602520" lon="19.979625">
        <ele>1222.172916</ele>
        <time>2026-05-05T10:10:08.960Z</time>
      </trkpt>
      <trkpt lat="42.602728" lon="19.979372">
        <ele>1221.401339</ele>
        <time>2026-05-05T10:10:46.399Z</time>
      </trkpt>
      <trkpt lat="42.603302" lon="19.978927">
        <ele>1216.506945</ele>
        <time>2026-05-05T10:12:16.080Z</time>
      </trkpt>
      <trkpt lat="42.603713" lon="19.978724">
        <ele>1213.268225</ele>
        <time>2026-05-05T10:13:16.298Z</time>
      </trkpt>
      <trkpt lat="42.604023" lon="19.978675">
        <ele>1210.956921</ele>
        <time>2026-05-05T10:13:59.889Z</time>
      </trkpt>
      <trkpt lat="42.604829" lon="19.978374">
        <ele>1204.695049</ele>
        <time>2026-05-05T10:15:58.064Z</time>
      </trkpt>
      <trkpt lat="42.605016" lon="19.978209">
        <ele>1203.008968</ele>
        <time>2026-05-05T10:16:29.750Z</time>
      </trkpt>
      <trkpt lat="42.605310" lon="19.977602">
        <ele>1198.964735</ele>
        <time>2026-05-05T10:17:44.590Z</time>
      </trkpt>
      <trkpt lat="42.605516" lon="19.977441">
        <ele>1197.167675</ele>
        <time>2026-05-05T10:18:16.905Z</time>
      </trkpt>
      <trkpt lat="42.606019" lon="19.977179">
        <ele>1193.992032</ele>
        <time>2026-05-05T10:19:28.694Z</time>
      </trkpt>
      <trkpt lat="42.606256" lon="19.977093">
        <ele>1193.276553</ele>
        <time>2026-05-05T10:20:00.820Z</time>
      </trkpt>
      <trkpt lat="42.606503" lon="19.976701">
        <ele>1192.168785</ele>
        <time>2026-05-05T10:20:49.961Z</time>
      </trkpt>
      <trkpt lat="42.606913" lon="19.976561">
        <ele>1190.935766</ele>
        <time>2026-05-05T10:21:43.555Z</time>
      </trkpt>
      <trkpt lat="42.607203" lon="19.976578">
        <ele>1190.089147</ele>
        <time>2026-05-05T10:22:19.199Z</time>
      </trkpt>
      <trkpt lat="42.607514" lon="19.976491">
        <ele>1189.238205</ele>
        <time>2026-05-05T10:22:57.376Z</time>
      </trkpt>
      <trkpt lat="42.607695" lon="19.976325">
        <ele>1188.927585</ele>
        <time>2026-05-05T10:23:23.666Z</time>
      </trkpt>
      <trkpt lat="42.607853" lon="19.975982">
        <ele>1188.503967</ele>
        <time>2026-05-05T10:23:59.544Z</time>
      </trkpt>
      <trkpt lat="42.608066" lon="19.975327">
        <ele>1187.754300</ele>
        <time>2026-05-05T10:25:04.009Z</time>
      </trkpt>
      <trkpt lat="42.608050" lon="19.975091">
        <ele>1187.506187</ele>
        <time>2026-05-05T10:25:25.503Z</time>
      </trkpt>
      <trkpt lat="42.608103" lon="19.974958">
        <ele>1187.347851</ele>
        <time>2026-05-05T10:25:39.389Z</time>
      </trkpt>
      <trkpt lat="42.608222" lon="19.974872">
        <ele>1187.156130</ele>
        <time>2026-05-05T10:25:56.201Z</time>
      </trkpt>
      <trkpt lat="42.608500" lon="19.974823">
        <ele>1186.757387</ele>
        <time>2026-05-05T10:26:31.867Z</time>
      </trkpt>
      <trkpt lat="42.608682" lon="19.974716">
        <ele>1186.186525</ele>
        <time>2026-05-05T10:26:57.338Z</time>
      </trkpt>
      <trkpt lat="42.608885" lon="19.974486">
        <ele>1185.417227</ele>
        <time>2026-05-05T10:27:31.875Z</time>
      </trkpt>
      <trkpt lat="42.608988" lon="19.974411">
        <ele>1185.077109</ele>
        <time>2026-05-05T10:27:47.132Z</time>
      </trkpt>
      <trkpt lat="42.609322" lon="19.974329">
        <ele>1184.089261</ele>
        <time>2026-05-05T10:28:31.299Z</time>
      </trkpt>
      <trkpt lat="42.609454" lon="19.974185">
        <ele>1183.596567</ele>
        <time>2026-05-05T10:28:53.219Z</time>
      </trkpt>
      <trkpt lat="42.609588" lon="19.973853">
        <ele>1182.785475</ele>
        <time>2026-05-05T10:29:28.841Z</time>
      </trkpt>
      <trkpt lat="42.609693" lon="19.973782">
        <ele>1182.444120</ele>
        <time>2026-05-05T10:29:43.418Z</time>
      </trkpt>
      <trkpt lat="42.609946" lon="19.973750">
        <ele>1181.704580</ele>
        <time>2026-05-05T10:30:14.728Z</time>
      </trkpt>
      <trkpt lat="42.610148" lon="19.973595">
        <ele>1181.072922</ele>
        <time>2026-05-05T10:30:43.230Z</time>
      </trkpt>
      <trkpt lat="42.610259" lon="19.973391">
        <ele>1180.578066</ele>
        <time>2026-05-05T10:31:05.853Z</time>
      </trkpt>
      <trkpt lat="42.610256" lon="19.973084">
        <ele>1179.979189</ele>
        <time>2026-05-05T10:31:33.834Z</time>
      </trkpt>
      <trkpt lat="42.610336" lon="19.972976">
        <ele>1179.680303</ele>
        <time>2026-05-05T10:31:47.701Z</time>
      </trkpt>
      <trkpt lat="42.610622" lon="19.972887">
        <ele>1178.902687</ele>
        <time>2026-05-05T10:32:24.485Z</time>
      </trkpt>
      <trkpt lat="42.610707" lon="19.972771">
        <ele>1178.583398</ele>
        <time>2026-05-05T10:32:39.758Z</time>
      </trkpt>
      <trkpt lat="42.610754" lon="19.972497">
        <ele>1178.034622</ele>
        <time>2026-05-05T10:33:06.543Z</time>
      </trkpt>
      <trkpt lat="42.611214" lon="19.972383">
        <ele>1176.795364</ele>
        <time>2026-05-05T10:34:07.333Z</time>
      </trkpt>
      <trkpt lat="42.611609" lon="19.971825">
        <ele>1174.355841</ele>
        <time>2026-05-05T10:35:22.298Z</time>
      </trkpt>
      <trkpt lat="42.611680" lon="19.971653">
        <ele>1173.727030</ele>
        <time>2026-05-05T10:35:41.359Z</time>
      </trkpt>
      <trkpt lat="42.611754" lon="19.971293">
        <ele>1172.535214</ele>
        <time>2026-05-05T10:36:17.347Z</time>
      </trkpt>
      <trkpt lat="42.611862" lon="19.971010">
        <ele>1171.518750</ele>
        <time>2026-05-05T10:36:47.954Z</time>
      </trkpt>
      <trkpt lat="42.611870" lon="19.970698">
        <ele>1170.523316</ele>
        <time>2026-05-05T10:37:17.579Z</time>
      </trkpt>
      <trkpt lat="42.612025" lon="19.969525">
        <ele>1165.742372</ele>
        <time>2026-05-05T10:39:12.213Z</time>
      </trkpt>
      <trkpt lat="42.612071" lon="19.969448">
        <ele>1165.287254</ele>
        <time>2026-05-05T10:39:21.945Z</time>
      </trkpt>
      <trkpt lat="42.612067" lon="19.969175">
        <ele>1164.034202</ele>
        <time>2026-05-05T10:39:48.827Z</time>
      </trkpt>
      <trkpt lat="42.612146" lon="19.968595">
        <ele>1161.327370</ele>
        <time>2026-05-05T10:40:47.739Z</time>
      </trkpt>
      <trkpt lat="42.612201" lon="19.968499">
        <ele>1160.769073</ele>
        <time>2026-05-05T10:41:00.138Z</time>
      </trkpt>
      <trkpt lat="42.612241" lon="19.968295">
        <ele>1159.800258</ele>
        <time>2026-05-05T10:41:21.655Z</time>
      </trkpt>
      <trkpt lat="42.612241" lon="19.968134">
        <ele>1159.061427</ele>
        <time>2026-05-05T10:41:38.207Z</time>
      </trkpt>
      <trkpt lat="42.612109" lon="19.967667">
        <ele>1156.860284</ele>
        <time>2026-05-05T10:42:30.186Z</time>
      </trkpt>
      <trkpt lat="42.612138" lon="19.967405">
        <ele>1155.762270</ele>
        <time>2026-05-05T10:42:57.670Z</time>
      </trkpt>
      <trkpt lat="42.612133" lon="19.966476">
        <ele>1151.912130</ele>
        <time>2026-05-05T10:44:31.992Z</time>
      </trkpt>
      <trkpt lat="42.611878" lon="19.965581">
        <ele>1147.934737</ele>
        <time>2026-05-05T10:46:03.505Z</time>
      </trkpt>
      <trkpt lat="42.611625" lon="19.965248">
        <ele>1147.440476</ele>
        <time>2026-05-05T10:46:46.431Z</time>
      </trkpt>
      <trkpt lat="42.611459" lon="19.964690">
        <ele>1147.181657</ele>
        <time>2026-05-05T10:47:40.804Z</time>
      </trkpt>
      <trkpt lat="42.611443" lon="19.964261">
        <ele>1146.996937</ele>
        <time>2026-05-05T10:48:19.839Z</time>
      </trkpt>
      <trkpt lat="42.611461" lon="19.963762">
        <ele>1146.782095</ele>
        <time>2026-05-05T10:49:04.195Z</time>
      </trkpt>
      <trkpt lat="42.611562" lon="19.963392">
        <ele>1146.612392</ele>
        <time>2026-05-05T10:49:39.529Z</time>
      </trkpt>
      <trkpt lat="42.611585" lon="19.963177">
        <ele>1146.454286</ele>
        <time>2026-05-05T10:49:59.245Z</time>
      </trkpt>
      <trkpt lat="42.611562" lon="19.962609">
        <ele>1145.841418</ele>
        <time>2026-05-05T10:50:51.750Z</time>
      </trkpt>
      <trkpt lat="42.611570" lon="19.962523">
        <ele>1145.748027</ele>
        <time>2026-05-05T10:50:59.734Z</time>
      </trkpt>
      <trkpt lat="42.611657" lon="19.962341">
        <ele>1145.514216</ele>
        <time>2026-05-05T10:51:19.781Z</time>
      </trkpt>
      <trkpt lat="42.611657" lon="19.962190">
        <ele>1145.351534</ele>
        <time>2026-05-05T10:51:33.643Z</time>
      </trkpt>
      <trkpt lat="42.611499" lon="19.961396">
        <ele>1144.465390</ele>
        <time>2026-05-05T10:52:49.432Z</time>
      </trkpt>
      <trkpt lat="42.611380" lon="19.961010">
        <ele>1144.014514</ele>
        <time>2026-05-05T10:53:27.175Z</time>
      </trkpt>
      <trkpt lat="42.610711" lon="19.959760">
        <ele>1143.049139</ele>
        <time>2026-05-05T10:55:44.327Z</time>
      </trkpt>
      <trkpt lat="42.610617" lon="19.959416">
        <ele>1142.828944</ele>
        <time>2026-05-05T10:56:18.478Z</time>
      </trkpt>
      <trkpt lat="42.610496" lon="19.959090">
        <ele>1142.609850</ele>
        <time>2026-05-05T10:56:51.098Z</time>
      </trkpt>
      <trkpt lat="42.610354" lon="19.958510">
        <ele>1139.543298</ele>
        <time>2026-05-05T10:57:48.926Z</time>
      </trkpt>
      <trkpt lat="42.610242" lon="19.958230">
        <ele>1136.998236</ele>
        <time>2026-05-05T10:58:20.666Z</time>
      </trkpt>
      <trkpt lat="42.610258" lon="19.958058">
        <ele>1135.613679</ele>
        <time>2026-05-05T10:58:38.439Z</time>
      </trkpt>
      <trkpt lat="42.610356" lon="19.957835">
        <ele>1133.539422</ele>
        <time>2026-05-05T10:59:05.740Z</time>
      </trkpt>
      <trkpt lat="42.610981" lon="19.957249">
        <ele>1125.299475</ele>
        <time>2026-05-05T11:01:01.738Z</time>
      </trkpt>
      <trkpt lat="42.611214" lon="19.957030">
        <ele>1121.909561</ele>
        <time>2026-05-05T11:01:49.709Z</time>
      </trkpt>
      <trkpt lat="42.611272" lon="19.956827">
        <ele>1119.407962</ele>
        <time>2026-05-05T11:02:16.521Z</time>
      </trkpt>
      <trkpt lat="42.611325" lon="19.956504">
        <ele>1115.606290</ele>
        <time>2026-05-05T11:02:56.732Z</time>
      </trkpt>
      <trkpt lat="42.611325" lon="19.956279">
        <ele>1113.021530</ele>
        <time>2026-05-05T11:03:23.805Z</time>
      </trkpt>
      <trkpt lat="42.611166" lon="19.955971">
        <ele>1108.699621</ele>
        <time>2026-05-05T11:04:08.229Z</time>
      </trkpt>
      <trkpt lat="42.611051" lon="19.955833">
        <ele>1106.304731</ele>
        <time>2026-05-05T11:04:32.395Z</time>
      </trkpt>
      <trkpt lat="42.610906" lon="19.955732">
        <ele>1103.761320</ele>
        <time>2026-05-05T11:04:57.776Z</time>
      </trkpt>
      <trkpt lat="42.610261" lon="19.955436">
        <ele>1093.787569</ele>
        <time>2026-05-05T11:06:41.311Z</time>
      </trkpt>
      <trkpt lat="42.609730" lon="19.955023">
        <ele>1087.831474</ele>
        <time>2026-05-05T11:08:10.869Z</time>
      </trkpt>
      <trkpt lat="42.609509" lon="19.954905">
        <ele>1085.519961</ele>
        <time>2026-05-05T11:08:44.622Z</time>
      </trkpt>
      <trkpt lat="42.609369" lon="19.954835">
        <ele>1084.067757</ele>
        <time>2026-05-05T11:09:05.593Z</time>
      </trkpt>
      <trkpt lat="42.609202" lon="19.954822">
        <ele>1082.439401</ele>
        <time>2026-05-05T11:09:28.920Z</time>
      </trkpt>
      <trkpt lat="42.609069" lon="19.954878">
        <ele>1081.083947</ele>
        <time>2026-05-05T11:09:48.149Z</time>
      </trkpt>
      <trkpt lat="42.609006" lon="19.954803">
        <ele>1080.268558</ele>
        <time>2026-05-05T11:09:59.721Z</time>
      </trkpt>
      <trkpt lat="42.608806" lon="19.954337">
        <ele>1076.268076</ele>
        <time>2026-05-05T11:10:53.801Z</time>
      </trkpt>
      <trkpt lat="42.608453" lon="19.953923">
        <ele>1071.085414</ele>
        <time>2026-05-05T11:11:58.311Z</time>
      </trkpt>
      <trkpt lat="42.608293" lon="19.953843">
        <ele>1069.190585</ele>
        <time>2026-05-05T11:12:22.608Z</time>
      </trkpt>
      <trkpt lat="42.607953" lon="19.953822">
        <ele>1065.407918</ele>
        <time>2026-05-05T11:13:12.439Z</time>
      </trkpt>
      <trkpt lat="42.607779" lon="19.953779">
        <ele>1063.442352</ele>
        <time>2026-05-05T11:13:39.116Z</time>
      </trkpt>
      <trkpt lat="42.607562" lon="19.953621">
        <ele>1060.706133</ele>
        <time>2026-05-05T11:14:16.991Z</time>
      </trkpt>
      <trkpt lat="42.607432" lon="19.953597">
        <ele>1059.248035</ele>
        <time>2026-05-05T11:14:37.280Z</time>
      </trkpt>
      <trkpt lat="42.607314" lon="19.953532">
        <ele>1057.832896</ele>
        <time>2026-05-05T11:14:57.117Z</time>
      </trkpt>
      <trkpt lat="42.607245" lon="19.953451">
        <ele>1056.679325</ele>
        <time>2026-05-05T11:15:11.335Z</time>
      </trkpt>
      <trkpt lat="42.607203" lon="19.953307">
        <ele>1055.089952</ele>
        <time>2026-05-05T11:15:29.084Z</time>
      </trkpt>
      <trkpt lat="42.607211" lon="19.953157">
        <ele>1053.546766</ele>
        <time>2026-05-05T11:15:46.276Z</time>
      </trkpt>
      <trkpt lat="42.607179" lon="19.953051">
        <ele>1052.371162</ele>
        <time>2026-05-05T11:15:59.350Z</time>
      </trkpt>
      <trkpt lat="42.606960" lon="19.952806">
        <ele>1048.416203</ele>
        <time>2026-05-05T11:16:42.332Z</time>
      </trkpt>
      <trkpt lat="42.606490" lon="19.952766">
        <ele>1041.850926</ele>
        <time>2026-05-05T11:17:54.057Z</time>
      </trkpt>
      <trkpt lat="42.606107" lon="19.952766">
        <ele>1036.511389</ele>
        <time>2026-05-05T11:18:52.495Z</time>
      </trkpt>
      <trkpt lat="42.605950" lon="19.952838">
        <ele>1034.201271</ele>
        <time>2026-05-05T11:19:17.529Z</time>
      </trkpt>
      <trkpt lat="42.605830" lon="19.952801">
        <ele>1032.485769</ele>
        <time>2026-05-05T11:19:35.888Z</time>
      </trkpt>
      <trkpt lat="42.605731" lon="19.952693">
        <ele>1030.733366</ele>
        <time>2026-05-05T11:19:54.954Z</time>
      </trkpt>
      <trkpt lat="42.605193" lon="19.952551">
        <ele>1023.178081</ele>
        <time>2026-05-05T11:21:17.693Z</time>
      </trkpt>
      <trkpt lat="42.605040" lon="19.952569">
        <ele>1021.060998</ele>
        <time>2026-05-05T11:21:41.296Z</time>
      </trkpt>
      <trkpt lat="42.604577" lon="19.952472">
        <ele>1014.602847</ele>
        <time>2026-05-05T11:22:54.461Z</time>
      </trkpt>
      <trkpt lat="42.604365" lon="19.952490">
        <ele>1011.674608</ele>
        <time>2026-05-05T11:23:26.854Z</time>
      </trkpt>
      <trkpt lat="42.604270" lon="19.952464">
        <ele>1010.338672</ele>
        <time>2026-05-05T11:23:41.423Z</time>
      </trkpt>
      <trkpt lat="42.604044" lon="19.952333">
        <ele>1006.978904</ele>
        <time>2026-05-05T11:24:17.920Z</time>
      </trkpt>
      <trkpt lat="42.603666" lon="19.952273">
        <ele>1001.995579</ele>
        <time>2026-05-05T11:25:14.564Z</time>
      </trkpt>
      <trkpt lat="42.603069" lon="19.951885">
        <ele>993.329833</ele>
        <time>2026-05-05T11:26:53.569Z</time>
      </trkpt>
      <trkpt lat="42.602728" lon="19.951575">
        <ele>987.957216</ele>
        <time>2026-05-05T11:27:55.184Z</time>
      </trkpt>
      <trkpt lat="42.602503" lon="19.951518">
        <ele>984.960207</ele>
        <time>2026-05-05T11:28:30.430Z</time>
      </trkpt>
      <trkpt lat="42.602479" lon="19.951472">
        <ele>984.416762</ele>
        <time>2026-05-05T11:28:36.941Z</time>
      </trkpt>
      <trkpt lat="42.602477" lon="19.951392">
        <ele>983.694905</ele>
        <time>2026-05-05T11:28:45.979Z</time>
      </trkpt>
      <trkpt lat="42.602528" lon="19.951234">
        <ele>982.305354</ele>
        <time>2026-05-05T11:29:05.566Z</time>
      </trkpt>
      <trkpt lat="42.602497" lon="19.951141">
        <ele>981.483084</ele>
        <time>2026-05-05T11:29:17.002Z</time>
      </trkpt>
      <trkpt lat="42.602352" lon="19.950910">
        <ele>979.037897</ele>
        <time>2026-05-05T11:29:51.233Z</time>
      </trkpt>
      <trkpt lat="42.602166" lon="19.950497">
        <ele>975.138250</ele>
        <time>2026-05-05T11:30:44.684Z</time>
      </trkpt>
      <trkpt lat="42.602087" lon="19.950235">
        <ele>972.857838</ele>
        <time>2026-05-05T11:31:15.018Z</time>
      </trkpt>
      <trkpt lat="42.601893" lon="19.949603">
        <ele>967.342630</ele>
        <time>2026-05-05T11:32:26.814Z</time>
      </trkpt>
      <trkpt lat="42.601761" lon="19.949056">
        <ele>963.331425</ele>
        <time>2026-05-05T11:33:25.243Z</time>
      </trkpt>
      <trkpt lat="42.601478" lon="19.947423">
        <ele>955.234669</ele>
        <time>2026-05-05T11:36:11.961Z</time>
      </trkpt>
      <trkpt lat="42.601458" lon="19.947275">
        <ele>954.508445</ele>
        <time>2026-05-05T11:36:27.134Z</time>
      </trkpt>
      <trkpt lat="42.601382" lon="19.947257">
        <ele>954.002619</ele>
        <time>2026-05-05T11:36:37.817Z</time>
      </trkpt>
      <trkpt lat="42.600255" lon="19.947056">
        <ele>948.429628</ele>
        <time>2026-05-05T11:39:11.223Z</time>
      </trkpt>
      <trkpt lat="42.600082" lon="19.947031">
        <ele>947.650941</ele>
        <time>2026-05-05T11:39:34.047Z</time>
      </trkpt>
      <trkpt lat="42.599871" lon="19.947060">
        <ele>946.701721</ele>
        <time>2026-05-05T11:40:01.663Z</time>
      </trkpt>
      <trkpt lat="42.599519" lon="19.947246">
        <ele>945.011246</ele>
        <time>2026-05-05T11:40:49.806Z</time>
      </trkpt>
      <trkpt lat="42.598752" lon="19.947394">
        <ele>944.541696</ele>
        <time>2026-05-05T11:42:24.180Z</time>
      </trkpt>
      <trkpt lat="42.598577" lon="19.947410">
        <ele>944.574178</ele>
        <time>2026-05-05T11:42:45.375Z</time>
      </trkpt>
      <trkpt lat="42.598208" lon="19.947374">
        <ele>944.642691</ele>
        <time>2026-05-05T11:43:30.213Z</time>
      </trkpt>
      <trkpt lat="42.597837" lon="19.947280">
        <ele>944.712582</ele>
        <time>2026-05-05T11:44:16.648Z</time>
      </trkpt>
      <trkpt lat="42.597501" lon="19.947226">
        <ele>945.025683</ele>
        <time>2026-05-05T11:45:00.574Z</time>
      </trkpt>
      <trkpt lat="42.596980" lon="19.947205">
        <ele>946.358104</ele>
        <time>2026-05-05T11:46:10.032Z</time>
      </trkpt>
      <trkpt lat="42.596919" lon="19.947154">
        <ele>946.541205</ele>
        <time>2026-05-05T11:46:19.209Z</time>
      </trkpt>
      <trkpt lat="42.596781" lon="19.947014">
        <ele>946.981492</ele>
        <time>2026-05-05T11:46:41.511Z</time>
      </trkpt>
      <trkpt lat="42.596707" lon="19.946949">
        <ele>947.206759</ele>
        <time>2026-05-05T11:46:52.968Z</time>
      </trkpt>
      <trkpt lat="42.596605" lon="19.946862">
        <ele>947.514638</ele>
        <time>2026-05-05T11:47:08.672Z</time>
      </trkpt>
      <trkpt lat="42.596342" lon="19.946616">
        <ele>948.330907</ele>
        <time>2026-05-05T11:47:50.834Z</time>
      </trkpt>
      <trkpt lat="42.596543" lon="19.945701">
        <ele>949.981297</ele>
        <time>2026-05-05T11:49:25.100Z</time>
      </trkpt>
      <trkpt lat="42.596874" lon="19.944473">
        <ele>951.976571</ele>
        <time>2026-05-05T11:51:26.207Z</time>
      </trkpt>
      <trkpt lat="42.596902" lon="19.944243">
        <ele>952.332259</ele>
        <time>2026-05-05T11:51:48.374Z</time>
      </trkpt>
      <trkpt lat="42.596857" lon="19.944216">
        <ele>952.434221</ele>
        <time>2026-05-05T11:51:54.752Z</time>
      </trkpt>
      <trkpt lat="42.596843" lon="19.944152">
        <ele>952.536089</ele>
        <time>2026-05-05T11:52:01.126Z</time>
      </trkpt>
      <trkpt lat="42.596747" lon="19.944115">
        <ele>952.742917</ele>
        <time>2026-05-05T11:52:14.104Z</time>
      </trkpt>
      <trkpt lat="42.596661" lon="19.944104">
        <ele>952.921953</ele>
        <time>2026-05-05T11:52:25.334Z</time>
      </trkpt>
      <trkpt lat="42.596412" lon="19.944071">
        <ele>953.540968</ele>
        <time>2026-05-05T11:52:57.914Z</time>
      </trkpt>
      <trkpt lat="42.596149" lon="19.944216">
        <ele>954.293918</ele>
        <time>2026-05-05T11:53:34.974Z</time>
      </trkpt>
      <trkpt lat="42.595821" lon="19.944233">
        <ele>955.164661</ele>
        <time>2026-05-05T11:54:17.995Z</time>
      </trkpt>
      <trkpt lat="42.595610" lon="19.944173">
        <ele>955.736528</ele>
        <time>2026-05-05T11:54:46.330Z</time>
      </trkpt>
      <trkpt lat="42.595098" lon="19.943852">
        <ele>957.232428</ele>
        <time>2026-05-05T11:55:59.982Z</time>
      </trkpt>
      <trkpt lat="42.594855" lon="19.943780">
        <ele>957.923853</ele>
        <time>2026-05-05T11:56:33.073Z</time>
      </trkpt>
      <trkpt lat="42.594678" lon="19.943526">
        <ele>959.156845</ele>
        <time>2026-05-05T11:57:07.763Z</time>
      </trkpt>
      <trkpt lat="42.594563" lon="19.943329">
        <ele>960.043191</ele>
        <time>2026-05-05T11:57:32.936Z</time>
      </trkpt>
      <trkpt lat="42.594445" lon="19.942995">
        <ele>961.349233</ele>
        <time>2026-05-05T11:58:10.017Z</time>
      </trkpt>
      <trkpt lat="42.594297" lon="19.943208">
        <ele>962.381791</ele>
        <time>2026-05-05T11:58:39.376Z</time>
      </trkpt>
      <trkpt lat="42.594202" lon="19.943266">
        <ele>962.880567</ele>
        <time>2026-05-05T11:58:53.564Z</time>
      </trkpt>
      <trkpt lat="42.594067" lon="19.943290">
        <ele>963.532572</ele>
        <time>2026-05-05T11:59:12.332Z</time>
      </trkpt>
      <trkpt lat="42.593988" lon="19.943271">
        <ele>963.916773</ele>
        <time>2026-05-05T11:59:23.568Z</time>
      </trkpt>
      <trkpt lat="42.593742" lon="19.943143">
        <ele>965.178292</ele>
        <time>2026-05-05T12:00:01.419Z</time>
      </trkpt>
      <trkpt lat="42.593672" lon="19.943080">
        <ele>965.580411</ele>
        <time>2026-05-05T12:00:13.776Z</time>
      </trkpt>
      <trkpt lat="42.593422" lon="19.942589">
        <ele>968.636595</ele>
        <time>2026-05-05T12:01:20.688Z</time>
      </trkpt>
      <trkpt lat="42.593363" lon="19.942510">
        <ele>969.343066</ele>
        <time>2026-05-05T12:01:33.471Z</time>
      </trkpt>
      <trkpt lat="42.593170" lon="19.942428">
        <ele>971.067521</ele>
        <time>2026-05-05T12:02:04.770Z</time>
      </trkpt>
      <trkpt lat="42.593024" lon="19.942328">
        <ele>972.461871</ele>
        <time>2026-05-05T12:02:30.259Z</time>
      </trkpt>
      <trkpt lat="42.592579" lon="19.941919">
        <ele>977.043702</ele>
        <time>2026-05-05T12:03:55.821Z</time>
      </trkpt>
      <trkpt lat="42.592469" lon="19.941802">
        <ele>978.235097</ele>
        <time>2026-05-05T12:04:17.913Z</time>
      </trkpt>
      <trkpt lat="42.592246" lon="19.941416">
        <ele>981.315445</ele>
        <time>2026-05-05T12:05:14.431Z</time>
      </trkpt>
      <trkpt lat="42.592214" lon="19.941351">
        <ele>981.806015</ele>
        <time>2026-05-05T12:05:23.456Z</time>
      </trkpt>
      <trkpt lat="42.592127" lon="19.941172">
        <ele>982.923959</ele>
        <time>2026-05-05T12:05:47.673Z</time>
      </trkpt>
      <trkpt lat="42.591827" lon="19.940410">
        <ele>987.427822</ele>
        <time>2026-05-05T12:07:22.585Z</time>
      </trkpt>
      <trkpt lat="42.591487" lon="19.939456">
        <ele>992.952182</ele>
        <time>2026-05-05T12:09:15.807Z</time>
      </trkpt>
      <trkpt lat="42.591337" lon="19.939209">
        <ele>994.640420</ele>
        <time>2026-05-05T12:09:50.618Z</time>
      </trkpt>
      <trkpt lat="42.591171" lon="19.939005">
        <ele>996.596470</ele>
        <time>2026-05-05T12:10:24.304Z</time>
      </trkpt>
      <trkpt lat="42.590713" lon="19.938608">
        <ele>1001.343917</ele>
        <time>2026-05-05T12:11:47.188Z</time>
      </trkpt>
      <trkpt lat="42.590326" lon="19.938361">
        <ele>1005.080220</ele>
        <time>2026-05-05T12:12:54.300Z</time>
      </trkpt>
      <trkpt lat="42.590129" lon="19.938297">
        <ele>1006.850153</ele>
        <time>2026-05-05T12:13:26.477Z</time>
      </trkpt>
      <trkpt lat="42.589939" lon="19.938147">
        <ele>1008.770429</ele>
        <time>2026-05-05T12:14:01.582Z</time>
      </trkpt>
      <trkpt lat="42.589742" lon="19.937825">
        <ele>1011.684707</ele>
        <time>2026-05-05T12:14:51.924Z</time>
      </trkpt>
      <trkpt lat="42.589623" lon="19.937760">
        <ele>1013.010303</ele>
        <time>2026-05-05T12:15:12.872Z</time>
      </trkpt>
      <trkpt lat="42.589513" lon="19.937718">
        <ele>1014.191226</ele>
        <time>2026-05-05T12:15:31.654Z</time>
      </trkpt>
      <trkpt lat="42.589315" lon="19.937760">
        <ele>1016.262379</ele>
        <time>2026-05-05T12:16:03.971Z</time>
      </trkpt>
      <trkpt lat="42.589055" lon="19.937739">
        <ele>1018.954251</ele>
        <time>2026-05-05T12:16:45.917Z</time>
      </trkpt>
      <trkpt lat="42.588683" lon="19.937664">
        <ele>1022.841031</ele>
        <time>2026-05-05T12:17:46.194Z</time>
      </trkpt>
      <trkpt lat="42.588502" lon="19.937589">
        <ele>1024.796795</ele>
        <time>2026-05-05T12:18:16.707Z</time>
      </trkpt>
      <trkpt lat="42.588154" lon="19.937535">
        <ele>1028.416804</ele>
        <time>2026-05-05T12:19:13.333Z</time>
      </trkpt>
      <trkpt lat="42.587972" lon="19.937439">
        <ele>1030.361971</ele>
        <time>2026-05-05T12:19:45.446Z</time>
      </trkpt>
      <trkpt lat="42.587696" lon="19.937417">
        <ele>1033.088798</ele>
        <time>2026-05-05T12:20:31.129Z</time>
      </trkpt>
      <trkpt lat="42.587356" lon="19.937181">
        <ele>1036.854678</ele>
        <time>2026-05-05T12:21:32.998Z</time>
      </trkpt>
      <trkpt lat="42.587056" lon="19.937020">
        <ele>1040.036125</ele>
        <time>2026-05-05T12:22:24.548Z</time>
      </trkpt>
      <trkpt lat="42.586693" lon="19.936881">
        <ele>1043.755898</ele>
        <time>2026-05-05T12:23:24.371Z</time>
      </trkpt>
      <trkpt lat="42.586416" lon="19.936666">
        <ele>1046.754216</ele>
        <time>2026-05-05T12:24:14.505Z</time>
      </trkpt>
      <trkpt lat="42.586124" lon="19.936376">
        <ele>1048.661646</ele>
        <time>2026-05-05T12:25:10.298Z</time>
      </trkpt>
      <trkpt lat="42.585753" lon="19.936097">
        <ele>1050.897778</ele>
        <time>2026-05-05T12:26:12.472Z</time>
      </trkpt>
      <trkpt lat="42.585366" lon="19.935894">
        <ele>1053.085327</ele>
        <time>2026-05-05T12:27:09.602Z</time>
      </trkpt>
      <trkpt lat="42.585097" lon="19.935818">
        <ele>1054.534126</ele>
        <time>2026-05-05T12:27:45.992Z</time>
      </trkpt>
      <trkpt lat="42.584836" lon="19.935679">
        <ele>1056.012399</ele>
        <time>2026-05-05T12:28:22.825Z</time>
      </trkpt>
      <trkpt lat="42.584623" lon="19.935325">
        <ele>1056.397255</ele>
        <time>2026-05-05T12:29:06.617Z</time>
      </trkpt>
      <trkpt lat="42.584299" lon="19.935003">
        <ele>1056.802608</ele>
        <time>2026-05-05T12:29:57.023Z</time>
      </trkpt>
      <trkpt lat="42.583936" lon="19.934724">
        <ele>1057.223729</ele>
        <time>2026-05-05T12:30:47.847Z</time>
      </trkpt>
      <trkpt lat="42.583383" lon="19.934370">
        <ele>1057.840979</ele>
        <time>2026-05-05T12:32:01.502Z</time>
      </trkpt>
      <trkpt lat="42.583043" lon="19.934091">
        <ele>1058.470836</ele>
        <time>2026-05-05T12:32:49.579Z</time>
      </trkpt>
      <trkpt lat="42.582324" lon="19.933372">
        <ele>1059.948452</ele>
        <time>2026-05-05T12:34:42.546Z</time>
      </trkpt>
      <trkpt lat="42.581677" lon="19.933018">
        <ele>1061.337172</ele>
        <time>2026-05-05T12:36:15.014Z</time>
      </trkpt>
      <trkpt lat="42.581305" lon="19.932729">
        <ele>1062.732833</ele>
        <time>2026-05-05T12:37:12.864Z</time>
      </trkpt>
      <trkpt lat="42.581100" lon="19.932621">
        <ele>1063.448908</ele>
        <time>2026-05-05T12:37:42.734Z</time>
      </trkpt>
      <trkpt lat="42.580484" lon="19.932010">
        <ele>1065.933043</ele>
        <time>2026-05-05T12:39:24.971Z</time>
      </trkpt>
      <trkpt lat="42.579998" lon="19.931803">
        <ele>1067.551587</ele>
        <time>2026-05-05T12:40:32.380Z</time>
      </trkpt>
      <trkpt lat="42.579749" lon="19.931656">
        <ele>1068.395122</ele>
        <time>2026-05-05T12:41:08.670Z</time>
      </trkpt>
      <trkpt lat="42.579394" lon="19.931516">
        <ele>1069.543611</ele>
        <time>2026-05-05T12:41:58.610Z</time>
      </trkpt>
      <trkpt lat="42.579236" lon="19.931345">
        <ele>1070.171303</ele>
        <time>2026-05-05T12:42:25.872Z</time>
      </trkpt>
      <trkpt lat="42.578690" lon="19.930583">
        <ele>1072.679639</ele>
        <time>2026-05-05T12:44:09.547Z</time>
      </trkpt>
      <trkpt lat="42.578303" lon="19.929918">
        <ele>1075.113963</ele>
        <time>2026-05-05T12:45:30.522Z</time>
      </trkpt>
      <trkpt lat="42.577940" lon="19.929156">
        <ele>1077.720473</ele>
        <time>2026-05-05T12:47:02.742Z</time>
      </trkpt>
      <trkpt lat="42.577734" lon="19.928920">
        <ele>1078.771641</ele>
        <time>2026-05-05T12:47:40.208Z</time>
      </trkpt>
      <trkpt lat="42.577538" lon="19.928814">
        <ele>1079.923704</ele>
        <time>2026-05-05T12:48:10.654Z</time>
      </trkpt>
      <trkpt lat="42.577475" lon="19.928719">
        <ele>1080.733599</ele>
        <time>2026-05-05T12:48:23.777Z</time>
      </trkpt>
      <trkpt lat="42.577192" lon="19.928683">
        <ele>1083.178892</ele>
        <time>2026-05-05T12:49:05.139Z</time>
      </trkpt>
      <trkpt lat="42.577134" lon="19.928644">
        <ele>1083.735679</ele>
        <time>2026-05-05T12:49:15.084Z</time>
      </trkpt>
      <trkpt lat="42.577094" lon="19.928428">
        <ele>1085.146631</ele>
        <time>2026-05-05T12:49:39.561Z</time>
      </trkpt>
      <trkpt lat="42.577144" lon="19.928343">
        <ele>1085.835816</ele>
        <time>2026-05-05T12:49:51.288Z</time>
      </trkpt>
      <trkpt lat="42.577094" lon="19.928428">
        <ele>1086.525001</ele>
        <time>2026-05-05T12:50:03.947Z</time>
      </trkpt>
      <trkpt lat="42.576968" lon="19.928184">
        <ele>1088.412927</ele>
        <time>2026-05-05T12:50:37.755Z</time>
      </trkpt>
      <trkpt lat="42.576830" lon="19.927994">
        <ele>1090.103552</ele>
        <time>2026-05-05T12:51:09.396Z</time>
      </trkpt>
      <trkpt lat="42.576488" lon="19.927676">
        <ele>1093.669347</ele>
        <time>2026-05-05T12:52:16.085Z</time>
      </trkpt>
      <trkpt lat="42.576124" lon="19.927412">
        <ele>1099.032498</ele>
        <time>2026-05-05T12:53:28.369Z</time>
      </trkpt>
      <trkpt lat="42.575749" lon="19.927370">
        <ele>1104.690381</ele>
        <time>2026-05-05T12:54:39.829Z</time>
      </trkpt>
      <trkpt lat="42.575466" lon="19.927198">
        <ele>1109.352497</ele>
        <time>2026-05-05T12:55:41.364Z</time>
      </trkpt>
      <trkpt lat="42.575361" lon="19.927058">
        <ele>1111.565153</ele>
        <time>2026-05-05T12:56:11.991Z</time>
      </trkpt>
      <trkpt lat="42.575129" lon="19.926607">
        <ele>1117.656793</ele>
        <time>2026-05-05T12:57:39.479Z</time>
      </trkpt>
      <trkpt lat="42.574943" lon="19.926286">
        <ele>1122.119031</ele>
        <time>2026-05-05T12:58:47.010Z</time>
      </trkpt>
      <trkpt lat="42.574728" lon="19.926121">
        <ele>1125.168896</ele>
        <time>2026-05-05T12:59:40.776Z</time>
      </trkpt>
      <trkpt lat="42.574546" lon="19.926089">
        <ele>1127.435305</ele>
        <time>2026-05-05T13:00:18.093Z</time>
      </trkpt>
      <trkpt lat="42.574325" lon="19.926210">
        <ele>1130.378077</ele>
        <time>2026-05-05T13:01:03.434Z</time>
      </trkpt>
      <trkpt lat="42.574265" lon="19.926180">
        <ele>1131.167691</ele>
        <time>2026-05-05T13:01:15.313Z</time>
      </trkpt>
      <trkpt lat="42.574134" lon="19.926010">
        <ele>1133.405448</ele>
        <time>2026-05-05T13:01:46.976Z</time>
      </trkpt>
      <trkpt lat="42.574061" lon="19.926098">
        <ele>1134.610952</ele>
        <time>2026-05-05T13:02:03.690Z</time>
      </trkpt>
      <trkpt lat="42.573970" lon="19.926453">
        <ele>1138.029462</ele>
        <time>2026-05-05T13:02:48.886Z</time>
      </trkpt>
      <trkpt lat="42.573927" lon="19.926506">
        <ele>1138.746628</ele>
        <time>2026-05-05T13:02:58.226Z</time>
      </trkpt>
      <trkpt lat="42.573523" lon="19.927160">
        <ele>1145.947869</ele>
        <time>2026-05-05T13:04:33.696Z</time>
      </trkpt>
      <trkpt lat="42.573358" lon="19.927364">
        <ele>1148.073135</ele>
        <time>2026-05-05T13:05:06.216Z</time>
      </trkpt>
      <trkpt lat="42.573018" lon="19.927868">
        <ele>1152.867065</ele>
        <time>2026-05-05T13:06:22.654Z</time>
      </trkpt>
      <trkpt lat="42.572853" lon="19.928037">
        <ele>1154.835460</ele>
        <time>2026-05-05T13:06:55.814Z</time>
      </trkpt>
      <trkpt lat="42.572662" lon="19.927997">
        <ele>1156.676085</ele>
        <time>2026-05-05T13:07:27.918Z</time>
      </trkpt>
      <trkpt lat="42.572386" lon="19.927439">
        <ele>1161.373181</ele>
        <time>2026-05-05T13:08:54.872Z</time>
      </trkpt>
      <trkpt lat="42.572204" lon="19.927160">
        <ele>1163.766569</ele>
        <time>2026-05-05T13:09:42.485Z</time>
      </trkpt>
      <trkpt lat="42.572093" lon="19.927246">
        <ele>1164.880924</ele>
        <time>2026-05-05T13:10:03.912Z</time>
      </trkpt>
      <trkpt lat="42.572063" lon="19.927522">
        <ele>1166.672447</ele>
        <time>2026-05-05T13:10:37.435Z</time>
      </trkpt>
      <trkpt lat="42.571961" lon="19.927994">
        <ele>1169.831180</ele>
        <time>2026-05-05T13:11:34.020Z</time>
      </trkpt>
      <trkpt lat="42.571746" lon="19.928362">
        <ele>1172.847623</ele>
        <time>2026-05-05T13:12:24.973Z</time>
      </trkpt>
      <trkpt lat="42.571668" lon="19.928691">
        <ele>1175.067075</ele>
        <time>2026-05-05T13:13:01.399Z</time>
      </trkpt>
      <trkpt lat="42.571651" lon="19.928941">
        <ele>1176.679279</ele>
        <time>2026-05-05T13:13:27.863Z</time>
      </trkpt>
      <trkpt lat="42.571548" lon="19.929199">
        <ele>1178.473340</ele>
        <time>2026-05-05T13:13:58.992Z</time>
      </trkpt>
      <trkpt lat="42.571423" lon="19.929281">
        <ele>1179.619270</ele>
        <time>2026-05-05T13:14:19.276Z</time>
      </trkpt>
      <trkpt lat="42.570965" lon="19.929185">
        <ele>1183.444677</ele>
        <time>2026-05-05T13:15:29.717Z</time>
      </trkpt>
      <trkpt lat="42.570568" lon="19.929188">
        <ele>1186.721824</ele>
        <time>2026-05-05T13:16:33.686Z</time>
      </trkpt>
      <trkpt lat="42.570000" lon="19.929374">
        <ele>1191.544880</ele>
        <time>2026-05-05T13:18:07.452Z</time>
      </trkpt>
      <trkpt lat="42.569660" lon="19.929381">
        <ele>1193.446071</ele>
        <time>2026-05-05T13:18:59.444Z</time>
      </trkpt>
      <trkpt lat="42.569567" lon="19.929422">
        <ele>1193.975977</ele>
        <time>2026-05-05T13:19:13.739Z</time>
      </trkpt>
      <trkpt lat="42.569462" lon="19.929467">
        <ele>1194.572689</ele>
        <time>2026-05-05T13:19:29.491Z</time>
      </trkpt>
      <trkpt lat="42.569100" lon="19.929485">
        <ele>1196.535841</ele>
        <time>2026-05-05T13:20:20.223Z</time>
      </trkpt>
      <trkpt lat="42.568506" lon="19.929746">
        <ele>1199.919341</ele>
        <time>2026-05-05T13:21:44.343Z</time>
      </trkpt>
      <trkpt lat="42.568317" lon="19.929735">
        <ele>1200.944555</ele>
        <time>2026-05-05T13:22:09.681Z</time>
      </trkpt>
      <trkpt lat="42.567898" lon="19.929435">
        <ele>1204.453122</ele>
        <time>2026-05-05T13:23:14.875Z</time>
      </trkpt>
      <trkpt lat="42.567329" lon="19.929231">
        <ele>1209.107753</ele>
        <time>2026-05-05T13:24:42.499Z</time>
      </trkpt>
      <trkpt lat="42.566965" lon="19.929199">
        <ele>1211.992766</ele>
        <time>2026-05-05T13:25:40.325Z</time>
      </trkpt>
      <trkpt lat="42.566422" lon="19.929029">
        <ele>1216.692747</ele>
        <time>2026-05-05T13:27:11.269Z</time>
      </trkpt>
      <trkpt lat="42.566257" lon="19.928877">
        <ele>1218.918006</ele>
        <time>2026-05-05T13:27:45.774Z</time>
      </trkpt>
      <trkpt lat="42.566128" lon="19.928941">
        <ele>1220.450772</ele>
        <time>2026-05-05T13:28:09.956Z</time>
      </trkpt>
      <trkpt lat="42.565731" lon="19.928913">
        <ele>1224.887353</ele>
        <time>2026-05-05T13:29:20.748Z</time>
      </trkpt>
      <trkpt lat="42.565533" lon="19.928940">
        <ele>1227.108194</ele>
        <time>2026-05-05T13:29:55.757Z</time>
      </trkpt>
      <trkpt lat="42.565233" lon="19.928903">
        <ele>1230.470045</ele>
        <time>2026-05-05T13:30:47.711Z</time>
      </trkpt>
      <trkpt lat="42.565154" lon="19.928833">
        <ele>1231.522838</ele>
        <time>2026-05-05T13:31:03.296Z</time>
      </trkpt>
      <trkpt lat="42.565178" lon="19.928704">
        <ele>1232.616473</ele>
        <time>2026-05-05T13:31:19.088Z</time>
      </trkpt>
      <trkpt lat="42.565300" lon="19.928586">
        <ele>1234.288160</ele>
        <time>2026-05-05T13:31:42.950Z</time>
      </trkpt>
      <trkpt lat="42.565401" lon="19.928361">
        <ele>1236.229997</ele>
        <time>2026-05-05T13:32:13.253Z</time>
      </trkpt>
      <trkpt lat="42.565519" lon="19.928291">
        <ele>1237.202105</ele>
        <time>2026-05-05T13:32:33.248Z</time>
      </trkpt>
      <trkpt lat="42.565727" lon="19.928310">
        <ele>1238.775872</ele>
        <time>2026-05-05T13:33:05.315Z</time>
      </trkpt>
      <trkpt lat="42.565964" lon="19.928275">
        <ele>1240.575567</ele>
        <time>2026-05-05T13:33:41.327Z</time>
      </trkpt>
      <trkpt lat="42.566060" lon="19.928091">
        <ele>1241.829279</ele>
        <time>2026-05-05T13:34:05.808Z</time>
      </trkpt>
      <trkpt lat="42.566148" lon="19.927924">
        <ele>1242.970965</ele>
        <time>2026-05-05T13:34:28.081Z</time>
      </trkpt>
      <trkpt lat="42.566219" lon="19.927916">
        <ele>1243.508796</ele>
        <time>2026-05-05T13:34:38.612Z</time>
      </trkpt>
      <trkpt lat="42.566319" lon="19.928020">
        <ele>1244.459712</ele>
        <time>2026-05-05T13:34:57.201Z</time>
      </trkpt>
      <trkpt lat="42.566428" lon="19.928061">
        <ele>1245.313558</ele>
        <time>2026-05-05T13:35:13.267Z</time>
      </trkpt>
      <trkpt lat="42.566794" lon="19.928028">
        <ele>1248.082624</ele>
        <time>2026-05-05T13:36:05.572Z</time>
      </trkpt>
      <trkpt lat="42.566874" lon="19.927983">
        <ele>1248.736327</ele>
        <time>2026-05-05T13:36:18.791Z</time>
      </trkpt>
      <trkpt lat="42.567046" lon="19.927758">
        <ele>1250.988683</ele>
        <time>2026-05-05T13:36:54.795Z</time>
      </trkpt>
      <trkpt lat="42.567151" lon="19.927709">
        <ele>1252.140847</ele>
        <time>2026-05-05T13:37:12.298Z</time>
      </trkpt>
      <trkpt lat="42.567370" lon="19.927841">
        <ele>1254.627304</ele>
        <time>2026-05-05T13:37:50.602Z</time>
      </trkpt>
      <trkpt lat="42.567457" lon="19.927945">
        <ele>1255.830148</ele>
        <time>2026-05-05T13:38:09.250Z</time>
      </trkpt>
      <trkpt lat="42.567484" lon="19.927925">
        <ele>1256.149314</ele>
        <time>2026-05-05T13:38:14.656Z</time>
      </trkpt>
      <trkpt lat="42.567207" lon="19.927607">
        <ele>1259.913524</ele>
        <time>2026-05-05T13:39:14.409Z</time>
      </trkpt>
      <trkpt lat="42.567017" lon="19.927488">
        <ele>1262.084840</ele>
        <time>2026-05-05T13:39:49.334Z</time>
      </trkpt>
      <trkpt lat="42.566686" lon="19.927502">
        <ele>1265.521357</ele>
        <time>2026-05-05T13:40:46.310Z</time>
      </trkpt>
      <trkpt lat="42.566151" lon="19.927100">
        <ele>1270.978861</ele>
        <time>2026-05-05T13:42:32.509Z</time>
      </trkpt>
      <trkpt lat="42.565704" lon="19.927194">
        <ele>1274.593764</ele>
        <time>2026-05-05T13:43:44.499Z</time>
      </trkpt>
      <trkpt lat="42.565286" lon="19.927179">
        <ele>1277.935482</ele>
        <time>2026-05-05T13:44:47.606Z</time>
      </trkpt>
      <trkpt lat="42.564655" lon="19.927527">
        <ele>1283.035336</ele>
        <time>2026-05-05T13:46:22.782Z</time>
      </trkpt>
      <trkpt lat="42.564451" lon="19.927482">
        <ele>1284.120000</ele>
        <time>2026-05-05T13:46:49.645Z</time>
      </trkpt>
      <trkpt lat="42.564222" lon="19.927516">
        <ele>1285.328995</ele>
        <time>2026-05-05T13:47:19.802Z</time>
      </trkpt>
      <trkpt lat="42.563962" lon="19.927753">
        <ele>1286.972515</ele>
        <time>2026-05-05T13:48:01.556Z</time>
      </trkpt>
      <trkpt lat="42.563528" lon="19.927675">
        <ele>1289.270089</ele>
        <time>2026-05-05T13:49:02.443Z</time>
      </trkpt>
      <trkpt lat="42.563227" lon="19.927811">
        <ele>1290.934963</ele>
        <time>2026-05-05T13:49:49.495Z</time>
      </trkpt>
      <trkpt lat="42.563114" lon="19.927753">
        <ele>1291.568969</ele>
        <time>2026-05-05T13:50:07.950Z</time>
      </trkpt>
      <trkpt lat="42.563113" lon="19.927607">
        <ele>1292.522973</ele>
        <time>2026-05-05T13:50:24.698Z</time>
      </trkpt>
      <trkpt lat="42.563248" lon="19.927474">
        <ele>1294.482175</ele>
        <time>2026-05-05T13:50:50.943Z</time>
      </trkpt>
      <trkpt lat="42.563472" lon="19.927292">
        <ele>1297.548446</ele>
        <time>2026-05-05T13:51:33.547Z</time>
      </trkpt>
      <trkpt lat="42.563867" lon="19.927177">
        <ele>1302.293624</ele>
        <time>2026-05-05T13:52:45.626Z</time>
      </trkpt>
      <trkpt lat="42.564288" lon="19.926770">
        <ele>1308.364203</ele>
        <time>2026-05-05T13:54:22.379Z</time>
      </trkpt>
      <trkpt lat="42.564642" lon="19.926244">
        <ele>1314.410632</ele>
        <time>2026-05-05T13:55:56.933Z</time>
      </trkpt>
      <trkpt lat="42.565089" lon="19.925914">
        <ele>1319.942408</ele>
        <time>2026-05-05T13:57:22.735Z</time>
      </trkpt>
      <trkpt lat="42.565345" lon="19.925475">
        <ele>1324.426099</ele>
        <time>2026-05-05T13:58:29.893Z</time>
      </trkpt>
      <trkpt lat="42.565445" lon="19.925455">
        <ele>1325.525042</ele>
        <time>2026-05-05T13:58:46.321Z</time>
      </trkpt>
      <trkpt lat="42.565751" lon="19.925540">
        <ele>1328.920816</ele>
        <time>2026-05-05T13:59:36.701Z</time>
      </trkpt>
      <trkpt lat="42.565804" lon="19.925477">
        <ele>1329.686657</ele>
        <time>2026-05-05T13:59:47.959Z</time>
      </trkpt>
      <trkpt lat="42.565723" lon="19.925379">
        <ele>1330.866195</ele>
        <time>2026-05-05T14:00:05.165Z</time>
      </trkpt>
      <trkpt lat="42.565567" lon="19.925290">
        <ele>1332.655588</ele>
        <time>2026-05-05T14:00:31.945Z</time>
      </trkpt>
      <trkpt lat="42.565396" lon="19.925082">
        <ele>1334.539681</ele>
        <time>2026-05-05T14:01:08.092Z</time>
      </trkpt>
      <trkpt lat="42.565244" lon="19.925131">
        <ele>1335.821749</ele>
        <time>2026-05-05T14:01:32.645Z</time>
      </trkpt>
      <trkpt lat="42.565119" lon="19.925226">
        <ele>1336.997334</ele>
        <time>2026-05-05T14:01:55.431Z</time>
      </trkpt>
      <trkpt lat="42.564517" lon="19.925332">
        <ele>1341.979034</ele>
        <time>2026-05-05T14:03:30.356Z</time>
      </trkpt>
      <trkpt lat="42.564093" lon="19.925440">
        <ele>1345.519304</ele>
        <time>2026-05-05T14:04:35.715Z</time>
      </trkpt>
      <trkpt lat="42.563793" lon="19.925353">
        <ele>1347.733187</ele>
        <time>2026-05-05T14:05:20.077Z</time>
      </trkpt>
      <trkpt lat="42.563195" lon="19.925359">
        <ele>1350.719334</ele>
        <time>2026-05-05T14:06:43.449Z</time>
      </trkpt>
      <trkpt lat="42.562722" lon="19.925487">
        <ele>1353.127679</ele>
        <time>2026-05-05T14:07:49.119Z</time>
      </trkpt>
      <trkpt lat="42.562066" lon="19.925125">
        <ele>1357.007340</ele>
        <time>2026-05-05T14:09:27.708Z</time>
      </trkpt>
      <trkpt lat="42.561747" lon="19.924682">
        <ele>1361.147043</ele>
        <time>2026-05-05T14:10:34.648Z</time>
      </trkpt>
      <trkpt lat="42.561283" lon="19.924107">
        <ele>1366.846249</ele>
        <time>2026-05-05T14:12:13.443Z</time>
      </trkpt>
      <trkpt lat="42.561033" lon="19.924100">
        <ele>1369.114723</ele>
        <time>2026-05-05T14:12:55.359Z</time>
      </trkpt>
      <trkpt lat="42.560802" lon="19.923952">
        <ele>1371.431971</ele>
        <time>2026-05-05T14:13:39.444Z</time>
      </trkpt>
      <trkpt lat="42.560582" lon="19.923370">
        <ele>1376.754941</ele>
        <time>2026-05-05T14:15:03.850Z</time>
      </trkpt>
      <trkpt lat="42.560558" lon="19.923173">
        <ele>1378.480754</ele>
        <time>2026-05-05T14:15:30.012Z</time>
      </trkpt>
      <trkpt lat="42.560440" lon="19.923112">
        <ele>1379.962379</ele>
        <time>2026-05-05T14:15:52.874Z</time>
      </trkpt>
      <trkpt lat="42.560164" lon="19.923122">
        <ele>1383.202198</ele>
        <time>2026-05-05T14:16:42.810Z</time>
      </trkpt>
      <trkpt lat="42.559704" lon="19.922693">
        <ele>1389.750826</ele>
        <time>2026-05-05T14:18:19.428Z</time>
      </trkpt>
      <trkpt lat="42.559567" lon="19.922683">
        <ele>1391.360746</ele>
        <time>2026-05-05T14:18:42.016Z</time>
      </trkpt>
      <trkpt lat="42.559439" lon="19.922738">
        <ele>1392.936168</ele>
        <time>2026-05-05T14:19:04.033Z</time>
      </trkpt>
      <trkpt lat="42.559208" lon="19.922593">
        <ele>1395.199425</ele>
        <time>2026-05-05T14:19:44.513Z</time>
      </trkpt>
      <trkpt lat="42.558227" lon="19.922552">
        <ele>1403.026159</ele>
        <time>2026-05-05T14:22:14.643Z</time>
      </trkpt>
      <trkpt lat="42.557875" lon="19.922713">
        <ele>1405.988227</ele>
        <time>2026-05-05T14:23:10.231Z</time>
      </trkpt>
      <trkpt lat="42.557375" lon="19.922703">
        <ele>1410.403784</ele>
        <time>2026-05-05T14:24:20.247Z</time>
      </trkpt>
      <trkpt lat="42.557169" lon="19.922460">
        <ele>1413.053463</ele>
        <time>2026-05-05T14:25:01.452Z</time>
      </trkpt>
      <trkpt lat="42.557011" lon="19.922425">
        <ele>1414.607822</ele>
        <time>2026-05-05T14:25:26.674Z</time>
      </trkpt>
      <trkpt lat="42.556582" lon="19.922564">
        <ele>1418.890104</ele>
        <time>2026-05-05T14:26:37.861Z</time>
      </trkpt>
      <trkpt lat="42.556669" lon="19.922365">
        <ele>1420.545142</ele>
        <time>2026-05-05T14:27:06.974Z</time>
      </trkpt>
      <trkpt lat="42.557001" lon="19.922054">
        <ele>1424.461543</ele>
        <time>2026-05-05T14:28:15.226Z</time>
      </trkpt>
      <trkpt lat="42.557704" lon="19.921668">
        <ele>1431.842968</ele>
        <time>2026-05-05T14:30:32.650Z</time>
      </trkpt>
      <trkpt lat="42.558227" lon="19.921439">
        <ele>1437.194179</ele>
        <time>2026-05-05T14:32:01.324Z</time>
      </trkpt>
      <trkpt lat="42.558439" lon="19.921357">
        <ele>1439.340748</ele>
        <time>2026-05-05T14:32:34.791Z</time>
      </trkpt>
      <trkpt lat="42.558810" lon="19.921400">
        <ele>1442.966619</ele>
        <time>2026-05-05T14:33:29.287Z</time>
      </trkpt>
      <trkpt lat="42.559310" lon="19.921235">
        <ele>1445.393677</ele>
        <time>2026-05-05T14:34:41.200Z</time>
      </trkpt>
      <trkpt lat="42.559603" lon="19.921328">
        <ele>1446.806615</ele>
        <time>2026-05-05T14:35:22.831Z</time>
      </trkpt>
      <trkpt lat="42.559940" lon="19.921249">
        <ele>1448.412480</ele>
        <time>2026-05-05T14:36:09.685Z</time>
      </trkpt>
      <trkpt lat="42.560114" lon="19.921153">
        <ele>1449.294420</ele>
        <time>2026-05-05T14:36:35.301Z</time>
      </trkpt>
      <trkpt lat="42.560486" lon="19.921142">
        <ele>1451.041631</ele>
        <time>2026-05-05T14:37:26.245Z</time>
      </trkpt>
      <trkpt lat="42.561437" lon="19.920623">
        <ele>1456.713589</ele>
        <time>2026-05-05T14:39:49.802Z</time>
      </trkpt>
      <trkpt lat="42.561307" lon="19.920402">
        <ele>1457.881871</ele>
        <time>2026-05-05T14:40:19.836Z</time>
      </trkpt>
      <trkpt lat="42.561055" lon="19.920337">
        <ele>1459.320400</ele>
        <time>2026-05-05T14:40:57.349Z</time>
      </trkpt>
      <trkpt lat="42.560557" lon="19.920337">
        <ele>1462.510033</ele>
        <time>2026-05-05T14:42:11.168Z</time>
      </trkpt>
      <trkpt lat="42.560053" lon="19.920216">
        <ele>1467.301695</ele>
        <time>2026-05-05T14:43:29.121Z</time>
      </trkpt>
      <trkpt lat="42.559673" lon="19.920269">
        <ele>1470.877984</ele>
        <time>2026-05-05T14:44:28.157Z</time>
      </trkpt>
      <trkpt lat="42.558709" lon="19.919980">
        <ele>1481.102537</ele>
        <time>2026-05-05T14:47:08.843Z</time>
      </trkpt>
      <trkpt lat="42.558306" lon="19.919808">
        <ele>1487.263268</ele>
        <time>2026-05-05T14:48:29.734Z</time>
      </trkpt>
      <trkpt lat="42.557830" lon="19.919093">
        <ele>1497.616013</ele>
        <time>2026-05-05T14:50:58.334Z</time>
      </trkpt>
      <trkpt lat="42.557530" lon="19.918857">
        <ele>1502.672497</ele>
        <time>2026-05-05T14:52:11.518Z</time>
      </trkpt>
      <trkpt lat="42.557184" lon="19.918327">
        <ele>1508.567093</ele>
        <time>2026-05-05T14:53:56.100Z</time>
      </trkpt>
      <trkpt lat="42.556046" lon="19.915441">
        <ele>1527.535720</ele>
        <time>2026-05-05T15:00:06.691Z</time>
      </trkpt>
      <trkpt lat="42.556052" lon="19.914812">
        <ele>1529.666704</ele>
        <time>2026-05-05T15:01:03.369Z</time>
      </trkpt>
      <trkpt lat="42.555981" lon="19.914447">
        <ele>1530.945567</ele>
        <time>2026-05-05T15:01:37.222Z</time>
      </trkpt>
      <trkpt lat="42.555357" lon="19.913857">
        <ele>1533.725149</ele>
        <time>2026-05-05T15:03:09.074Z</time>
      </trkpt>
      <trkpt lat="42.554896" lon="19.913489">
        <ele>1535.641103</ele>
        <time>2026-05-05T15:04:22.374Z</time>
      </trkpt>
      <trkpt lat="42.554484" lon="19.913399">
        <ele>1537.136122</ele>
        <time>2026-05-05T15:05:23.736Z</time>
      </trkpt>
      <trkpt lat="42.554235" lon="19.913421">
        <ele>1539.004500</ele>
        <time>2026-05-05T15:06:02.012Z</time>
      </trkpt>
      <trkpt lat="42.553784" lon="19.913364">
        <ele>1544.674898</ele>
        <time>2026-05-05T15:07:13.460Z</time>
      </trkpt>
      <trkpt lat="42.553433" lon="19.913239">
        <ele>1549.217686</ele>
        <time>2026-05-05T15:08:11.686Z</time>
      </trkpt>
      <trkpt lat="42.552727" lon="19.913349">
        <ele>1558.113988</ele>
        <time>2026-05-05T15:10:29.594Z</time>
      </trkpt>
      <trkpt lat="42.552267" lon="19.913292">
        <ele>1567.099953</ele>
        <time>2026-05-05T15:12:13.093Z</time>
      </trkpt>
      <trkpt lat="42.552036" lon="19.913431">
        <ele>1572.972314</ele>
        <time>2026-05-05T15:13:16.972Z</time>
      </trkpt>
      <trkpt lat="42.551745" lon="19.913596">
        <ele>1580.301574</ele>
        <time>2026-05-05T15:14:41.268Z</time>
      </trkpt>
      <trkpt lat="42.551607" lon="19.913630">
        <ele>1583.561164</ele>
        <time>2026-05-05T15:15:20.591Z</time>
      </trkpt>
      <trkpt lat="42.551326" lon="19.913724">
        <ele>1590.287126</ele>
        <time>2026-05-05T15:16:44.205Z</time>
      </trkpt>
      <trkpt lat="42.551241" lon="19.913719">
        <ele>1592.264425</ele>
        <time>2026-05-05T15:17:09.098Z</time>
      </trkpt>
      <trkpt lat="42.550909" lon="19.913512">
        <ele>1600.755261</ele>
        <time>2026-05-05T15:18:55.154Z</time>
      </trkpt>
      <trkpt lat="42.550834" lon="19.913515">
        <ele>1602.495045</ele>
        <time>2026-05-05T15:19:15.799Z</time>
      </trkpt>
      <trkpt lat="42.550690" lon="19.913400">
        <ele>1606.349120</ele>
        <time>2026-05-05T15:20:01.735Z</time>
      </trkpt>
      <trkpt lat="42.550573" lon="19.913376">
        <ele>1609.078755</ele>
        <time>2026-05-05T15:20:34.028Z</time>
      </trkpt>
      <trkpt lat="42.550403" lon="19.913515">
        <ele>1613.656841</ele>
        <time>2026-05-05T15:21:28.896Z</time>
      </trkpt>
      <trkpt lat="42.549921" lon="19.913596">
        <ele>1624.860649</ele>
        <time>2026-05-05T15:23:38.527Z</time>
      </trkpt>
      <trkpt lat="42.549718" lon="19.913558">
        <ele>1629.587833</ele>
        <time>2026-05-05T15:24:29.799Z</time>
      </trkpt>
      <trkpt lat="42.549639" lon="19.913494">
        <ele>1631.710112</ele>
        <time>2026-05-05T15:24:52.574Z</time>
      </trkpt>
      <trkpt lat="42.549399" lon="19.913531">
        <ele>1637.282099</ele>
        <time>2026-05-05T15:25:51.285Z</time>
      </trkpt>
      <trkpt lat="42.549305" lon="19.913512">
        <ele>1639.474429</ele>
        <time>2026-05-05T15:26:14.611Z</time>
      </trkpt>
      <trkpt lat="42.549157" lon="19.913555">
        <ele>1642.965868</ele>
        <time>2026-05-05T15:26:51.536Z</time>
      </trkpt>
      <trkpt lat="42.549064" lon="19.913620">
        <ele>1645.110216</ele>
        <time>2026-05-05T15:27:16.961Z</time>
      </trkpt>
      <trkpt lat="42.548890" lon="19.913622">
        <ele>1648.565286</ele>
        <time>2026-05-05T15:27:59.261Z</time>
      </trkpt>
      <trkpt lat="42.548821" lon="19.913529">
        <ele>1650.496027</ele>
        <time>2026-05-05T15:28:22.860Z</time>
      </trkpt>
      <trkpt lat="42.548807" lon="19.913411">
        <ele>1652.244367</ele>
        <time>2026-05-05T15:28:44.239Z</time>
      </trkpt>
      <trkpt lat="42.548566" lon="19.913271">
        <ele>1657.449466</ele>
        <time>2026-05-05T15:29:48.249Z</time>
      </trkpt>
      <trkpt lat="42.548356" lon="19.913204">
        <ele>1661.732861</ele>
        <time>2026-05-05T15:30:40.941Z</time>
      </trkpt>
      <trkpt lat="42.548386" lon="19.913043">
        <ele>1664.162143</ele>
        <time>2026-05-05T15:31:10.844Z</time>
      </trkpt>
      <trkpt lat="42.548390" lon="19.912861">
        <ele>1666.825633</ele>
        <time>2026-05-05T15:31:43.233Z</time>
      </trkpt>
      <trkpt lat="42.548299" lon="19.912756">
        <ele>1669.197133</ele>
        <time>2026-05-05T15:32:11.561Z</time>
      </trkpt>
      <trkpt lat="42.548206" lon="19.912727">
        <ele>1671.091842</ele>
        <time>2026-05-05T15:32:33.979Z</time>
      </trkpt>
      <trkpt lat="42.548058" lon="19.912472">
        <ele>1675.840532</ele>
        <time>2026-05-05T15:33:29.659Z</time>
      </trkpt>
      <trkpt lat="42.547916" lon="19.912381">
        <ele>1678.958524</ele>
        <time>2026-05-05T15:34:05.143Z</time>
      </trkpt>
      <trkpt lat="42.547633" lon="19.912381">
        <ele>1682.418998</ele>
        <time>2026-05-05T15:35:05.948Z</time>
      </trkpt>
      <trkpt lat="42.547613" lon="19.912263">
        <ele>1683.484033</ele>
        <time>2026-05-05T15:35:24.099Z</time>
      </trkpt>
      <trkpt lat="42.547406" lon="19.912228">
        <ele>1685.974588</ele>
        <time>2026-05-05T15:36:05.499Z</time>
      </trkpt>
      <trkpt lat="42.547358" lon="19.912118">
        <ele>1687.099133</ele>
        <time>2026-05-05T15:36:23.123Z</time>
      </trkpt>
      <trkpt lat="42.547094" lon="19.912257">
        <ele>1690.479956</ele>
        <time>2026-05-05T15:37:14.126Z</time>
      </trkpt>
      <trkpt lat="42.546827" lon="19.912230">
        <ele>1693.676609</ele>
        <time>2026-05-05T15:37:58.111Z</time>
      </trkpt>
      <trkpt lat="42.546651" lon="19.912077">
        <ele>1696.171959</ele>
        <time>2026-05-05T15:38:31.074Z</time>
      </trkpt>
      <trkpt lat="42.546433" lon="19.912080">
        <ele>1698.774882</ele>
        <time>2026-05-05T15:39:04.185Z</time>
      </trkpt>
      <trkpt lat="42.545959" lon="19.911554">
        <ele>1702.882633</ele>
        <time>2026-05-05T15:40:29.316Z</time>
      </trkpt>
      <trkpt lat="42.545586" lon="19.911686">
        <ele>1704.779264</ele>
        <time>2026-05-05T15:41:19.755Z</time>
      </trkpt>
      <trkpt lat="42.545291" lon="19.911546">
        <ele>1706.316922</ele>
        <time>2026-05-05T15:42:00.763Z</time>
      </trkpt>
      <trkpt lat="42.545015" lon="19.911750">
        <ele>1707.863224</ele>
        <time>2026-05-05T15:42:44.021Z</time>
      </trkpt>
      <trkpt lat="42.544722" lon="19.911731">
        <ele>1709.306522</ele>
        <time>2026-05-05T15:43:26.544Z</time>
      </trkpt>
      <trkpt lat="42.544390" lon="19.911570">
        <ele>1712.842887</ele>
        <time>2026-05-05T15:44:20.012Z</time>
      </trkpt>
      <trkpt lat="42.543991" lon="19.911182">
        <ele>1718.059133</ele>
        <time>2026-05-05T15:45:39.985Z</time>
      </trkpt>
      <trkpt lat="42.543886" lon="19.911238">
        <ele>1719.258056</ele>
        <time>2026-05-05T15:45:59.540Z</time>
      </trkpt>
      <trkpt lat="42.543831" lon="19.911326">
        <ele>1720.161601</ele>
        <time>2026-05-05T15:46:14.772Z</time>
      </trkpt>
      <trkpt lat="42.543538" lon="19.911281">
        <ele>1723.295277</ele>
        <time>2026-05-05T15:47:07.714Z</time>
      </trkpt>
      <trkpt lat="42.543457" lon="19.911306">
        <ele>1724.178065</ele>
        <time>2026-05-05T15:47:22.584Z</time>
      </trkpt>
      <trkpt lat="42.543256" lon="19.911367">
        <ele>1726.366902</ele>
        <time>2026-05-05T15:47:59.291Z</time>
      </trkpt>
      <trkpt lat="42.542930" lon="19.911257">
        <ele>1730.003312</ele>
        <time>2026-05-05T15:48:57.718Z</time>
      </trkpt>
      <trkpt lat="42.542728" lon="19.911487">
        <ele>1732.944930</ele>
        <time>2026-05-05T15:49:42.195Z</time>
      </trkpt>
      <trkpt lat="42.542503" lon="19.911557">
        <ele>1735.520265</ele>
        <time>2026-05-05T15:50:20.004Z</time>
      </trkpt>
      <trkpt lat="42.542377" lon="19.911208">
        <ele>1738.714920</ele>
        <time>2026-05-05T15:51:06.781Z</time>
      </trkpt>
      <trkpt lat="42.541926" lon="19.911023">
        <ele>1743.971320</ele>
        <time>2026-05-05T15:52:24.235Z</time>
      </trkpt>
      <trkpt lat="42.541916" lon="19.910892">
        <ele>1745.053903</ele>
        <time>2026-05-05T15:52:40.171Z</time>
      </trkpt>
      <trkpt lat="42.541657" lon="19.910693">
        <ele>1748.374344</ele>
        <time>2026-05-05T15:53:28.656Z</time>
      </trkpt>
      <trkpt lat="42.541377" lon="19.910884">
        <ele>1751.695762</ele>
        <time>2026-05-05T15:54:19.911Z</time>
      </trkpt>
      <trkpt lat="42.541191" lon="19.910927">
        <ele>1753.685846</ele>
        <time>2026-05-05T15:54:50.414Z</time>
      </trkpt>
      <trkpt lat="42.541021" lon="19.910699">
        <ele>1756.206672</ele>
        <time>2026-05-05T15:55:28.401Z</time>
      </trkpt>
      <trkpt lat="42.540772" lon="19.910557">
        <ele>1759.055411</ele>
        <time>2026-05-05T15:56:11.156Z</time>
      </trkpt>
      <trkpt lat="42.540481" lon="19.910581">
        <ele>1762.130384</ele>
        <time>2026-05-05T15:56:57.958Z</time>
      </trkpt>
      <trkpt lat="42.540147" lon="19.910468">
        <ele>1765.761040</ele>
        <time>2026-05-05T15:57:53.721Z</time>
      </trkpt>
      <trkpt lat="42.539786" lon="19.910165">
        <ele>1771.013208</ele>
        <time>2026-05-05T15:59:05.541Z</time>
      </trkpt>
      <trkpt lat="42.539592" lon="19.909958">
        <ele>1774.392902</ele>
        <time>2026-05-05T15:59:49.718Z</time>
      </trkpt>
      <trkpt lat="42.539333" lon="19.909792">
        <ele>1778.315651</ele>
        <time>2026-05-05T16:00:42.212Z</time>
      </trkpt>
      <trkpt lat="42.539260" lon="19.909666">
        <ele>1779.933102</ele>
        <time>2026-05-05T16:01:04.432Z</time>
      </trkpt>
      <trkpt lat="42.538863" lon="19.909535">
        <ele>1785.528575</ele>
        <time>2026-05-05T16:02:24.354Z</time>
      </trkpt>
      <trkpt lat="42.538643" lon="19.909299">
        <ele>1789.369097</ele>
        <time>2026-05-05T16:03:20.610Z</time>
      </trkpt>
      <trkpt lat="42.538505" lon="19.909063">
        <ele>1792.407585</ele>
        <time>2026-05-05T16:04:05.632Z</time>
      </trkpt>
      <trkpt lat="42.538428" lon="19.908794">
        <ele>1795.280576</ele>
        <time>2026-05-05T16:04:47.869Z</time>
      </trkpt>
      <trkpt lat="42.538440" lon="19.908738">
        <ele>1795.861177</ele>
        <time>2026-05-05T16:04:56.270Z</time>
      </trkpt>
      <trkpt lat="42.538260" lon="19.908746">
        <ele>1798.294507</ele>
        <time>2026-05-05T16:05:30.875Z</time>
      </trkpt>
      <trkpt lat="42.538141" lon="19.908617">
        <ele>1800.352286</ele>
        <time>2026-05-05T16:05:59.320Z</time>
      </trkpt>
      <trkpt lat="42.537989" lon="19.908105">
        <ele>1805.847668</ele>
        <time>2026-05-05T16:07:13.993Z</time>
      </trkpt>
      <trkpt lat="42.537989" lon="19.907966">
        <ele>1807.231481</ele>
        <time>2026-05-05T16:07:32.451Z</time>
      </trkpt>
      <trkpt lat="42.537889" lon="19.907888">
        <ele>1808.789857</ele>
        <time>2026-05-05T16:07:52.954Z</time>
      </trkpt>
      <trkpt lat="42.537614" lon="19.907671">
        <ele>1813.087852</ele>
        <time>2026-05-05T16:08:48.281Z</time>
      </trkpt>
      <trkpt lat="42.537498" lon="19.907628">
        <ele>1814.712570</ele>
        <time>2026-05-05T16:09:08.630Z</time>
      </trkpt>
      <trkpt lat="42.537614" lon="19.907032">
        <ele>1821.997785</ele>
        <time>2026-05-05T16:10:27.788Z</time>
      </trkpt>
      <trkpt lat="42.537576" lon="19.906726">
        <ele>1825.917089</ele>
        <time>2026-05-05T16:11:10.543Z</time>
      </trkpt>
      <trkpt lat="42.537546" lon="19.906480">
        <ele>1829.066353</ele>
        <time>2026-05-05T16:11:47.880Z</time>
      </trkpt>
      <trkpt lat="42.537270" lon="19.906319">
        <ele>1834.215766</ele>
        <time>2026-05-05T16:12:55.909Z</time>
      </trkpt>
      <trkpt lat="42.536859" lon="19.906426">
        <ele>1841.389164</ele>
        <time>2026-05-05T16:14:41.279Z</time>
      </trkpt>
      <trkpt lat="42.536788" lon="19.905841">
        <ele>1848.700622</ele>
        <time>2026-05-05T16:16:25.661Z</time>
      </trkpt>
      <trkpt lat="42.536835" lon="19.905316">
        <ele>1854.577687</ele>
        <time>2026-05-05T16:17:52.211Z</time>
      </trkpt>
      <trkpt lat="42.537055" lon="19.904953">
        <ele>1859.800807</ele>
        <time>2026-05-05T16:19:04.632Z</time>
      </trkpt>
      <trkpt lat="42.537360" lon="19.905100">
        <ele>1864.682114</ele>
        <time>2026-05-05T16:20:06.618Z</time>
      </trkpt>
      <trkpt lat="42.538980" lon="19.904671">
        <ele>1891.588850</ele>
        <time>2026-05-05T16:24:43.408Z</time>
      </trkpt>
      <trkpt lat="42.539911" lon="19.904377">
        <ele>1911.368838</ele>
        <time>2026-05-05T16:28:40.125Z</time>
      </trkpt>
      <trkpt lat="42.539796" lon="19.903808">
        <ele>1928.456400</ele>
        <time>2026-05-05T16:31:09.583Z</time>
      </trkpt>
      <trkpt lat="42.539669" lon="19.903476">
        <ele>1939.290095</ele>
        <time>2026-05-05T16:32:58.255Z</time>
      </trkpt>
      <trkpt lat="42.539657" lon="19.903256">
        <ele>1945.678985</ele>
        <time>2026-05-05T16:34:06.501Z</time>
      </trkpt>
      <trkpt lat="42.539543" lon="19.902789">
        <ele>1959.926819</ele>
        <time>2026-05-05T16:36:46.824Z</time>
      </trkpt>
      <trkpt lat="42.539377" lon="19.902483">
        <ele>1970.931860</ele>
        <time>2026-05-05T16:38:52.623Z</time>
      </trkpt>
      <trkpt lat="42.539321" lon="19.902247">
        <ele>1977.348475</ele>
        <time>2026-05-05T16:40:13.335Z</time>
      </trkpt>
      <trkpt lat="42.539317" lon="19.902118">
        <ele>1979.743062</ele>
        <time>2026-05-05T16:40:53.806Z</time>
      </trkpt>
      <trkpt lat="42.539203" lon="19.902065">
        <ele>1982.776236</ele>
        <time>2026-05-05T16:41:44.161Z</time>
      </trkpt>
      <trkpt lat="42.539286" lon="19.901925">
        <ele>1986.108866</ele>
        <time>2026-05-05T16:42:36.526Z</time>
      </trkpt>
      <trkpt lat="42.539270" lon="19.901802">
        <ele>1988.425337</ele>
        <time>2026-05-05T16:43:11.284Z</time>
      </trkpt>
      <trkpt lat="42.539096" lon="19.901459">
        <ele>1996.148637</ele>
        <time>2026-05-05T16:44:55.616Z</time>
      </trkpt>
      <trkpt lat="42.538879" lon="19.901496">
        <ele>2001.653665</ele>
        <time>2026-05-05T16:45:57.744Z</time>
      </trkpt>
      <trkpt lat="42.538586" lon="19.901480">
        <ele>2009.034712</ele>
        <time>2026-05-05T16:47:03.481Z</time>
      </trkpt>
      <trkpt lat="42.538207" lon="19.901384">
        <ele>2018.739220</ele>
        <time>2026-05-05T16:48:04.001Z</time>
      </trkpt>
      <trkpt lat="42.538092" lon="19.901292">
        <ele>2021.189942</ele>
        <time>2026-05-05T16:48:21.915Z</time>
      </trkpt>
      <trkpt lat="42.537116" lon="19.900911">
        <ele>2019.003051</ele>
        <time>2026-05-05T16:50:33.017Z</time>
      </trkpt>
      <trkpt lat="42.536100" lon="19.901024">
        <ele>2017.678552</ele>
        <time>2026-05-05T16:52:47.701Z</time>
      </trkpt>
      <trkpt lat="42.535440" lon="19.900992">
        <ele>2018.389058</ele>
        <time>2026-05-05T16:54:08.096Z</time>
      </trkpt>
      <trkpt lat="42.535384" lon="19.901126">
        <ele>2018.511181</ele>
        <time>2026-05-05T16:54:22.558Z</time>
      </trkpt>
      <trkpt lat="42.535096" lon="19.901158">
        <ele>2018.822059</ele>
        <time>2026-05-05T16:55:01.190Z</time>
      </trkpt>
      <trkpt lat="42.534938" lon="19.901384">
        <ele>2019.069026</ele>
        <time>2026-05-05T16:55:33.290Z</time>
      </trkpt>
      <trkpt lat="42.534633" lon="19.901453">
        <ele>2019.910126</ele>
        <time>2026-05-05T16:56:17.716Z</time>
      </trkpt>
      <trkpt lat="42.534353" lon="19.901308">
        <ele>2022.330264</ele>
        <time>2026-05-05T16:57:02.507Z</time>
      </trkpt>
      <trkpt lat="42.533985" lon="19.900860">
        <ele>2026.322500</ele>
        <time>2026-05-05T16:58:18.583Z</time>
      </trkpt>
      <trkpt lat="42.533918" lon="19.900777">
        <ele>2027.055077</ele>
        <time>2026-05-05T16:58:32.707Z</time>
      </trkpt>
      <trkpt lat="42.533657" lon="19.900761">
        <ele>2029.164900</ele>
        <time>2026-05-05T16:59:13.320Z</time>
      </trkpt>
      <trkpt lat="42.533542" lon="19.900670">
        <ele>2030.239913</ele>
        <time>2026-05-05T16:59:34.018Z</time>
      </trkpt>
      <trkpt lat="42.533467" lon="19.900477">
        <ele>2031.538293</ele>
        <time>2026-05-05T16:59:59.024Z</time>
      </trkpt>
      <trkpt lat="42.533139" lon="19.900252">
        <ele>2034.811529</ele>
        <time>2026-05-05T17:00:56.226Z</time>
      </trkpt>
      <trkpt lat="42.533133" lon="19.900246">
        <ele>2034.899649</ele>
        <time>2026-05-05T17:00:57.376Z</time>
      </trkpt>
      <trkpt lat="42.532435" lon="19.899645">
        <ele>2044.673256</ele>
        <time>2026-05-05T17:03:11.530Z</time>
      </trkpt>
      <trkpt lat="42.532258" lon="19.899168">
        <ele>2049.326283</ele>
        <time>2026-05-05T17:04:24.654Z</time>
      </trkpt>
      <trkpt lat="42.532242" lon="19.898573">
        <ele>2054.513680</ele>
        <time>2026-05-05T17:05:48.555Z</time>
      </trkpt>
      <trkpt lat="42.532062" lon="19.898070">
        <ele>2058.492723</ele>
        <time>2026-05-05T17:07:09.753Z</time>
      </trkpt>
      <trkpt lat="42.530795" lon="19.896786">
        <ele>2071.473303</ele>
        <time>2026-05-05T17:11:20.057Z</time>
      </trkpt>
      <trkpt lat="42.527780" lon="19.895359">
        <ele>2058.987146</ele>
        <time>2026-05-05T17:18:28.200Z</time>
      </trkpt>
      <trkpt lat="42.527349" lon="19.895290">
        <ele>2058.394757</ele>
        <time>2026-05-05T17:19:22.177Z</time>
      </trkpt>
      <trkpt lat="42.527159" lon="19.895180">
        <ele>2059.133717</ele>
        <time>2026-05-05T17:19:47.032Z</time>
      </trkpt>
      <trkpt lat="42.527015" lon="19.894999">
        <ele>2059.835890</ele>
        <time>2026-05-05T17:20:11.768Z</time>
      </trkpt>
      <trkpt lat="42.526770" lon="19.894405">
        <ele>2061.630433</ele>
        <time>2026-05-05T17:21:20.510Z</time>
      </trkpt>
      <trkpt lat="42.526345" lon="19.893759">
        <ele>2063.913382</ele>
        <time>2026-05-05T17:22:54.755Z</time>
      </trkpt>
      <trkpt lat="42.525775" lon="19.892954">
        <ele>2064.619353</ele>
        <time>2026-05-05T17:25:01.906Z</time>
      </trkpt>
      <trkpt lat="42.525392" lon="19.892465">
        <ele>2064.911951</ele>
        <time>2026-05-05T17:26:09.812Z</time>
      </trkpt>
      <trkpt lat="42.525163" lon="19.892399">
        <ele>2065.042205</ele>
        <time>2026-05-05T17:26:39.858Z</time>
      </trkpt>
      <trkpt lat="42.525075" lon="19.892404">
        <ele>2065.091210</ele>
        <time>2026-05-05T17:26:52.011Z</time>
      </trkpt>
      <trkpt lat="42.524771" lon="19.892420">
        <ele>2063.782682</ele>
        <time>2026-05-05T17:27:37.024Z</time>
      </trkpt>
      <trkpt lat="42.524426" lon="19.892560">
        <ele>2058.334358</ele>
        <time>2026-05-05T17:28:33.653Z</time>
      </trkpt>
      <trkpt lat="42.524248" lon="19.892632">
        <ele>2055.524077</ele>
        <time>2026-05-05T17:29:05.145Z</time>
      </trkpt>
      <trkpt lat="42.523760" lon="19.892946">
        <ele>2047.352454</ele>
        <time>2026-05-05T17:30:38.485Z</time>
      </trkpt>
      <trkpt lat="42.523194" lon="19.893389">
        <ele>2037.608303</ele>
        <time>2026-05-05T17:32:20.205Z</time>
      </trkpt>
      <trkpt lat="42.522874" lon="19.893533">
        <ele>2033.879672</ele>
        <time>2026-05-05T17:33:09.814Z</time>
      </trkpt>
      <trkpt lat="42.522527" lon="19.893875">
        <ele>2029.136383</ele>
        <time>2026-05-05T17:34:09.823Z</time>
      </trkpt>
      <trkpt lat="42.522025" lon="19.894285">
        <ele>2022.656230</ele>
        <time>2026-05-05T17:35:33.470Z</time>
      </trkpt>
      <trkpt lat="42.521791" lon="19.894435">
        <ele>2019.793996</ele>
        <time>2026-05-05T17:36:11.435Z</time>
      </trkpt>
      <trkpt lat="42.521482" lon="19.894632">
        <ele>2015.978761</ele>
        <time>2026-05-05T17:37:02.412Z</time>
      </trkpt>
      <trkpt lat="42.521304" lon="19.894861">
        <ele>2013.214649</ele>
        <time>2026-05-05T17:37:39.351Z</time>
      </trkpt>
      <trkpt lat="42.521009" lon="19.895462">
        <ele>2007.217615</ele>
        <time>2026-05-05T17:38:59.140Z</time>
      </trkpt>
      <trkpt lat="42.520809" lon="19.895611">
        <ele>2004.646531</ele>
        <time>2026-05-05T17:39:33.160Z</time>
      </trkpt>
      <trkpt lat="42.520397" lon="19.895729">
        <ele>1999.901616</ele>
        <time>2026-05-05T17:40:34.273Z</time>
      </trkpt>
      <trkpt lat="42.520057" lon="19.895885">
        <ele>1996.656692</ele>
        <time>2026-05-05T17:41:24.833Z</time>
      </trkpt>
      <trkpt lat="42.519733" lon="19.896175">
        <ele>1994.051612</ele>
        <time>2026-05-05T17:42:17.918Z</time>
      </trkpt>
      <trkpt lat="42.519077" lon="19.897038">
        <ele>1987.919034</ele>
        <time>2026-05-05T17:44:20.135Z</time>
      </trkpt>
      <trkpt lat="42.518302" lon="19.897301">
        <ele>1983.517783</ele>
        <time>2026-05-05T17:46:08.784Z</time>
      </trkpt>
      <trkpt lat="42.517804" lon="19.897081">
        <ele>1981.055971</ele>
        <time>2026-05-05T17:47:17.591Z</time>
      </trkpt>
      <trkpt lat="42.517602" lon="19.897302">
        <ele>1979.836214</ele>
        <time>2026-05-05T17:47:51.381Z</time>
      </trkpt>
      <trkpt lat="42.517386" lon="19.897474">
        <ele>1978.658947</ele>
        <time>2026-05-05T17:48:24.337Z</time>
      </trkpt>
      <trkpt lat="42.516961" lon="19.897903">
        <ele>1975.580884</ele>
        <time>2026-05-05T17:49:31.362Z</time>
      </trkpt>
      <trkpt lat="42.516685" lon="19.898137">
        <ele>1973.261272</ele>
        <time>2026-05-05T17:50:11.933Z</time>
      </trkpt>
      <trkpt lat="42.516635" lon="19.898410">
        <ele>1971.783507</ele>
        <time>2026-05-05T17:50:40.017Z</time>
      </trkpt>
      <trkpt lat="42.516510" lon="19.898777">
        <ele>1969.659653</ele>
        <time>2026-05-05T17:51:21.933Z</time>
      </trkpt>
      <trkpt lat="42.516312" lon="19.899046">
        <ele>1967.662551</ele>
        <time>2026-05-05T17:52:01.952Z</time>
      </trkpt>
      <trkpt lat="42.516092" lon="19.898962">
        <ele>1966.033659</ele>
        <time>2026-05-05T17:52:34.903Z</time>
      </trkpt>
      <trkpt lat="42.516063" lon="19.898832">
        <ele>1965.320131</ele>
        <time>2026-05-05T17:52:49.522Z</time>
      </trkpt>
      <trkpt lat="42.515628" lon="19.898961">
        <ele>1960.351999</ele>
        <time>2026-05-05T17:53:54.104Z</time>
      </trkpt>
      <trkpt lat="42.514737" lon="19.899014">
        <ele>1949.125309</ele>
        <time>2026-05-05T17:56:06.283Z</time>
      </trkpt>
      <trkpt lat="42.514364" lon="19.898855">
        <ele>1944.203660</ele>
        <time>2026-05-05T17:57:04.781Z</time>
      </trkpt>
      <trkpt lat="42.514151" lon="19.898714">
        <ele>1940.938795</ele>
        <time>2026-05-05T17:57:41.623Z</time>
      </trkpt>
      <trkpt lat="42.514009" lon="19.898812">
        <ele>1938.033404</ele>
        <time>2026-05-05T17:58:07.125Z</time>
      </trkpt>
      <trkpt lat="42.513846" lon="19.898673">
        <ele>1934.522389</ele>
        <time>2026-05-05T17:58:37.830Z</time>
      </trkpt>
      <trkpt lat="42.513664" lon="19.898564">
        <ele>1930.894326</ele>
        <time>2026-05-05T17:59:11.679Z</time>
      </trkpt>
      <trkpt lat="42.513568" lon="19.898591">
        <ele>1929.106401</ele>
        <time>2026-05-05T17:59:28.559Z</time>
      </trkpt>
      <trkpt lat="42.513193" lon="19.898083">
        <ele>1919.442069</ele>
        <time>2026-05-05T18:01:02.718Z</time>
      </trkpt>
      <trkpt lat="42.513044" lon="19.898112">
        <ele>1916.697017</ele>
        <time>2026-05-05T18:01:29.708Z</time>
      </trkpt>
      <trkpt lat="42.512916" lon="19.898028">
        <ele>1914.103983</ele>
        <time>2026-05-05T18:01:55.028Z</time>
      </trkpt>
      <trkpt lat="42.512739" lon="19.898041">
        <ele>1910.871405</ele>
        <time>2026-05-05T18:02:25.894Z</time>
      </trkpt>
      <trkpt lat="42.512556" lon="19.897935">
        <ele>1907.888918</ele>
        <time>2026-05-05T18:02:59.360Z</time>
      </trkpt>
      <trkpt lat="42.512235" lon="19.898000">
        <ele>1904.090490</ele>
        <time>2026-05-05T18:03:50.483Z</time>
      </trkpt>
      <trkpt lat="42.511918" lon="19.898208">
        <ele>1899.969325</ele>
        <time>2026-05-05T18:04:43.586Z</time>
      </trkpt>
      <trkpt lat="42.511605" lon="19.898192">
        <ele>1896.303544</ele>
        <time>2026-05-05T18:05:28.780Z</time>
      </trkpt>
      <trkpt lat="42.511197" lon="19.898377">
        <ele>1891.268867</ele>
        <time>2026-05-05T18:06:30.262Z</time>
      </trkpt>
      <trkpt lat="42.510981" lon="19.898399">
        <ele>1888.733806</ele>
        <time>2026-05-05T18:07:00.099Z</time>
      </trkpt>
      <trkpt lat="42.510670" lon="19.898651">
        <ele>1886.812437</ele>
        <time>2026-05-05T18:07:48.175Z</time>
      </trkpt>
      <trkpt lat="42.510303" lon="19.898967">
        <ele>1885.092715</ele>
        <time>2026-05-05T18:08:44.029Z</time>
      </trkpt>
      <trkpt lat="42.510138" lon="19.899037">
        <ele>1884.408755</ele>
        <time>2026-05-05T18:09:05.572Z</time>
      </trkpt>
      <trkpt lat="42.509837" lon="19.899514">
        <ele>1882.577554</ele>
        <time>2026-05-05T18:10:04.238Z</time>
      </trkpt>
      <trkpt lat="42.509773" lon="19.899517">
        <ele>1882.324202</ele>
        <time>2026-05-05T18:10:12.649Z</time>
      </trkpt>
      <trkpt lat="42.509686" lon="19.899447">
        <ele>1881.924019</ele>
        <time>2026-05-05T18:10:25.800Z</time>
      </trkpt>
      <trkpt lat="42.509610" lon="19.899480">
        <ele>1881.608316</ele>
        <time>2026-05-05T18:10:35.990Z</time>
      </trkpt>
      <trkpt lat="42.509505" lon="19.899432">
        <ele>1881.169956</ele>
        <time>2026-05-05T18:10:50.144Z</time>
      </trkpt>
      <trkpt lat="42.509400" lon="19.899456">
        <ele>1880.689332</ele>
        <time>2026-05-05T18:11:03.630Z</time>
      </trkpt>
      <trkpt lat="42.509348" lon="19.899518">
        <ele>1880.291997</ele>
        <time>2026-05-05T18:11:12.231Z</time>
      </trkpt>
      <trkpt lat="42.509312" lon="19.899464">
        <ele>1879.983962</ele>
        <time>2026-05-05T18:11:18.983Z</time>
      </trkpt>
      <trkpt lat="42.509064" lon="19.899358">
        <ele>1878.491637</ele>
        <time>2026-05-05T18:11:52.834Z</time>
      </trkpt>
      <trkpt lat="42.509025" lon="19.899301">
        <ele>1878.162611</ele>
        <time>2026-05-05T18:12:00.424Z</time>
      </trkpt>
      <trkpt lat="42.508919" lon="19.899250">
        <ele>1877.517114</ele>
        <time>2026-05-05T18:12:15.459Z</time>
      </trkpt>
      <trkpt lat="42.508867" lon="19.899281">
        <ele>1877.191122</ele>
        <time>2026-05-05T18:12:23.035Z</time>
      </trkpt>
      <trkpt lat="42.508777" lon="19.899334">
        <ele>1876.628014</ele>
        <time>2026-05-05T18:12:36.289Z</time>
      </trkpt>
      <trkpt lat="42.508488" lon="19.899222">
        <ele>1874.902997</ele>
        <time>2026-05-05T18:13:17.513Z</time>
      </trkpt>
      <trkpt lat="42.507950" lon="19.899189">
        <ele>1871.812102</ele>
        <time>2026-05-05T18:14:31.434Z</time>
      </trkpt>
      <trkpt lat="42.507810" lon="19.899318">
        <ele>1870.840763</ele>
        <time>2026-05-05T18:14:54.459Z</time>
      </trkpt>
      <trkpt lat="42.507708" lon="19.899325">
        <ele>1870.203500</ele>
        <time>2026-05-05T18:15:08.376Z</time>
      </trkpt>
      <trkpt lat="42.507510" lon="19.899472">
        <ele>1868.689451</ele>
        <time>2026-05-05T18:15:38.940Z</time>
      </trkpt>
      <trkpt lat="42.507249" lon="19.899739">
        <ele>1866.496682</ele>
        <time>2026-05-05T18:16:22.861Z</time>
      </trkpt>
      <trkpt lat="42.507068" lon="19.899774">
        <ele>1865.270299</ele>
        <time>2026-05-05T18:16:47.611Z</time>
      </trkpt>
      <trkpt lat="42.506366" lon="19.899753">
        <ele>1860.560288</ele>
        <time>2026-05-05T18:18:23.387Z</time>
      </trkpt>
      <trkpt lat="42.506210" lon="19.899731">
        <ele>1859.508234</ele>
        <time>2026-05-05T18:18:44.864Z</time>
      </trkpt>
      <trkpt lat="42.505820" lon="19.899964">
        <ele>1856.681754</ele>
        <time>2026-05-05T18:19:43.603Z</time>
      </trkpt>
      <trkpt lat="42.505644" lon="19.899877">
        <ele>1855.447090</ele>
        <time>2026-05-05T18:20:09.472Z</time>
      </trkpt>
      <trkpt lat="42.505970" lon="19.899462">
        <ele>1852.500359</ele>
        <time>2026-05-05T18:21:11.061Z</time>
      </trkpt>
      <trkpt lat="42.506114" lon="19.899412">
        <ele>1851.520636</ele>
        <time>2026-05-05T18:21:31.157Z</time>
      </trkpt>
      <trkpt lat="42.506511" lon="19.899134">
        <ele>1848.575866</ele>
        <time>2026-05-05T18:22:30.407Z</time>
      </trkpt>
      <trkpt lat="42.506597" lon="19.899173">
        <ele>1847.978192</ele>
        <time>2026-05-05T18:22:42.285Z</time>
      </trkpt>
      <trkpt lat="42.506673" lon="19.899073">
        <ele>1847.280321</ele>
        <time>2026-05-05T18:22:56.372Z</time>
      </trkpt>
      <trkpt lat="42.506883" lon="19.899040">
        <ele>1845.139346</ele>
        <time>2026-05-05T18:23:24.545Z</time>
      </trkpt>
      <trkpt lat="42.507036" lon="19.899105">
        <ele>1843.030017</ele>
        <time>2026-05-05T18:23:46.437Z</time>
      </trkpt>
      <trkpt lat="42.507123" lon="19.899020">
        <ele>1841.619437</ele>
        <time>2026-05-05T18:24:01.299Z</time>
      </trkpt>
      <trkpt lat="42.507159" lon="19.898943">
        <ele>1840.735107</ele>
        <time>2026-05-05T18:24:10.733Z</time>
      </trkpt>
      <trkpt lat="42.507114" lon="19.898881">
        <ele>1839.891250</ele>
        <time>2026-05-05T18:24:19.790Z</time>
      </trkpt>
      <trkpt lat="42.507134" lon="19.898836">
        <ele>1839.381624</ele>
        <time>2026-05-05T18:24:25.165Z</time>
      </trkpt>
      <trkpt lat="42.507213" lon="19.898859">
        <ele>1838.318605</ele>
        <time>2026-05-05T18:24:36.865Z</time>
      </trkpt>
      <trkpt lat="42.507236" lon="19.898826">
        <ele>1837.878149</ele>
        <time>2026-05-05T18:24:41.627Z</time>
      </trkpt>
      <trkpt lat="42.507114" lon="19.898668">
        <ele>1835.659025</ele>
        <time>2026-05-05T18:25:06.186Z</time>
      </trkpt>
      <trkpt lat="42.507152" lon="19.898544">
        <ele>1834.356605</ele>
        <time>2026-05-05T18:25:20.922Z</time>
      </trkpt>
      <trkpt lat="42.507215" lon="19.898437">
        <ele>1833.028468</ele>
        <time>2026-05-05T18:25:36.339Z</time>
      </trkpt>
      <trkpt lat="42.507207" lon="19.898308">
        <ele>1831.772911</ele>
        <time>2026-05-05T18:25:51.088Z</time>
      </trkpt>
      <trkpt lat="42.507344" lon="19.898015">
        <ele>1828.407777</ele>
        <time>2026-05-05T18:26:32.597Z</time>
      </trkpt>
      <trkpt lat="42.507499" lon="19.897684">
        <ele>1824.604578</ele>
        <time>2026-05-05T18:27:23.497Z</time>
      </trkpt>
      <trkpt lat="42.507761" lon="19.897461">
        <ele>1819.595563</ele>
        <time>2026-05-05T18:28:19.906Z</time>
      </trkpt>
      <trkpt lat="42.508061" lon="19.897042">
        <ele>1811.747649</ele>
        <time>2026-05-05T18:29:36.971Z</time>
      </trkpt>
      <trkpt lat="42.508338" lon="19.896763">
        <ele>1805.459535</ele>
        <time>2026-05-05T18:30:33.459Z</time>
      </trkpt>
      <trkpt lat="42.508575" lon="19.896656">
        <ele>1800.907021</ele>
        <time>2026-05-05T18:31:13.736Z</time>
      </trkpt>
      <trkpt lat="42.508852" lon="19.896710">
        <ele>1795.806554</ele>
        <time>2026-05-05T18:31:58.434Z</time>
      </trkpt>
      <trkpt lat="42.508950" lon="19.896646">
        <ele>1793.824201</ele>
        <time>2026-05-05T18:32:15.743Z</time>
      </trkpt>
      <trkpt lat="42.509041" lon="19.896661">
        <ele>1792.153436</ele>
        <time>2026-05-05T18:32:30.315Z</time>
      </trkpt>
      <trkpt lat="42.509082" lon="19.896773">
        <ele>1790.473313</ele>
        <time>2026-05-05T18:32:44.759Z</time>
      </trkpt>
      <trkpt lat="42.509144" lon="19.896840">
        <ele>1788.762604</ele>
        <time>2026-05-05T18:32:57.080Z</time>
      </trkpt>
      <trkpt lat="42.509222" lon="19.896874">
        <ele>1786.927978</ele>
        <time>2026-05-05T18:33:10.016Z</time>
      </trkpt>
      <trkpt lat="42.509343" lon="19.896721">
        <ele>1783.223834</ele>
        <time>2026-05-05T18:33:35.944Z</time>
      </trkpt>
      <trkpt lat="42.509447" lon="19.896532">
        <ele>1779.330559</ele>
        <time>2026-05-05T18:34:03.697Z</time>
      </trkpt>
      <trkpt lat="42.509500" lon="19.896230">
        <ele>1774.205977</ele>
        <time>2026-05-05T18:34:41.103Z</time>
      </trkpt>
      <trkpt lat="42.509504" lon="19.896042">
        <ele>1771.101283</ele>
        <time>2026-05-05T18:35:05.103Z</time>
      </trkpt>
      <trkpt lat="42.509478" lon="19.895912">
        <ele>1768.877734</ele>
        <time>2026-05-05T18:35:23.219Z</time>
      </trkpt>
      <trkpt lat="42.509380" lon="19.895722">
        <ele>1765.049799</ele>
        <time>2026-05-05T18:35:56.043Z</time>
      </trkpt>
      <trkpt lat="42.509338" lon="19.895567">
        <ele>1762.323755</ele>
        <time>2026-05-05T18:36:20.800Z</time>
      </trkpt>
      <trkpt lat="42.509320" lon="19.895392">
        <ele>1759.406957</ele>
        <time>2026-05-05T18:36:55.311Z</time>
      </trkpt>
      <trkpt lat="42.509403" lon="19.895322">
        <ele>1757.218408</ele>
        <time>2026-05-05T18:37:22.182Z</time>
      </trkpt>
      <trkpt lat="42.509569" lon="19.894912">
        <ele>1749.411866</ele>
        <time>2026-05-05T18:38:58.565Z</time>
      </trkpt>
      <trkpt lat="42.509855" lon="19.894617">
        <ele>1739.732810</ele>
        <time>2026-05-05T18:40:40.469Z</time>
      </trkpt>
      <trkpt lat="42.510166" lon="19.893961">
        <ele>1724.243821</ele>
        <time>2026-05-05T18:43:20.932Z</time>
      </trkpt>
      <trkpt lat="42.510214" lon="19.893766">
        <ele>1720.161159</ele>
        <time>2026-05-05T18:44:01.731Z</time>
      </trkpt>
      <trkpt lat="42.510291" lon="19.893670">
        <ele>1717.343803</ele>
        <time>2026-05-05T18:44:29.369Z</time>
      </trkpt>
      <trkpt lat="42.510406" lon="19.893427">
        <ele>1711.609240</ele>
        <time>2026-05-05T18:45:23.382Z</time>
      </trkpt>
      <trkpt lat="42.510454" lon="19.893358">
        <ele>1709.725171</ele>
        <time>2026-05-05T18:45:40.334Z</time>
      </trkpt>
      <trkpt lat="42.510529" lon="19.893309">
        <ele>1707.482580</ele>
        <time>2026-05-05T18:46:00.643Z</time>
      </trkpt>
      <trkpt lat="42.510525" lon="19.893266">
        <ele>1706.621883</ele>
        <time>2026-05-05T18:46:08.186Z</time>
      </trkpt>
      <trkpt lat="42.510447" lon="19.893287">
        <ele>1704.479601</ele>
        <time>2026-05-05T18:46:27.021Z</time>
      </trkpt>
      <trkpt lat="42.510438" lon="19.893259">
        <ele>1703.872995</ele>
        <time>2026-05-05T18:46:32.200Z</time>
      </trkpt>
      <trkpt lat="42.510594" lon="19.893107">
        <ele>1699.242799</ele>
        <time>2026-05-05T18:47:15.922Z</time>
      </trkpt>
      <trkpt lat="42.510693" lon="19.893115">
        <ele>1697.097567</ele>
        <time>2026-05-05T18:47:37.575Z</time>
      </trkpt>
      <trkpt lat="42.510702" lon="19.893095">
        <ele>1696.723941</ele>
        <time>2026-05-05T18:47:41.521Z</time>
      </trkpt>
      <trkpt lat="42.510684" lon="19.893037">
        <ele>1695.720509</ele>
        <time>2026-05-05T18:47:51.583Z</time>
      </trkpt>
      <trkpt lat="42.510626" lon="19.893037">
        <ele>1694.465930</ele>
        <time>2026-05-05T18:48:04.342Z</time>
      </trkpt>
      <trkpt lat="42.510606" lon="19.892989">
        <ele>1693.586762</ele>
        <time>2026-05-05T18:48:13.336Z</time>
      </trkpt>
      <trkpt lat="42.510717" lon="19.892891">
        <ele>1690.722046</ele>
        <time>2026-05-05T18:48:42.500Z</time>
      </trkpt>
      <trkpt lat="42.510743" lon="19.892823">
        <ele>1689.500604</ele>
        <time>2026-05-05T18:48:55.407Z</time>
      </trkpt>
      <trkpt lat="42.510526" lon="19.892791">
        <ele>1684.779098</ele>
        <time>2026-05-05T18:49:46.346Z</time>
      </trkpt>
      <trkpt lat="42.510776" lon="19.892519">
        <ele>1677.847074</ele>
        <time>2026-05-05T18:50:59.198Z</time>
      </trkpt>
      <trkpt lat="42.510935" lon="19.892453">
        <ele>1674.250394</ele>
        <time>2026-05-05T18:51:36.967Z</time>
      </trkpt>
      <trkpt lat="42.511051" lon="19.892366">
        <ele>1671.383299</ele>
        <time>2026-05-05T18:52:07.327Z</time>
      </trkpt>
      <trkpt lat="42.511133" lon="19.892253">
        <ele>1668.854963</ele>
        <time>2026-05-05T18:52:34.206Z</time>
      </trkpt>
      <trkpt lat="42.511165" lon="19.892128">
        <ele>1666.745072</ele>
        <time>2026-05-05T18:52:56.016Z</time>
      </trkpt>
      <trkpt lat="42.511251" lon="19.892008">
        <ele>1664.076448</ele>
        <time>2026-05-05T18:53:24.380Z</time>
      </trkpt>
      <trkpt lat="42.511268" lon="19.891985">
        <ele>1663.557109</ele>
        <time>2026-05-05T18:53:29.875Z</time>
      </trkpt>
      <trkpt lat="42.511336" lon="19.891906">
        <ele>1661.740677</ele>
        <time>2026-05-05T18:53:51.005Z</time>
      </trkpt>
      <trkpt lat="42.511415" lon="19.891894">
        <ele>1660.242500</ele>
        <time>2026-05-05T18:54:09.521Z</time>
      </trkpt>
      <trkpt lat="42.511482" lon="19.891739">
        <ele>1657.746233</ele>
        <time>2026-05-05T18:54:40.372Z</time>
      </trkpt>
      <trkpt lat="42.511479" lon="19.891638">
        <ele>1656.341947</ele>
        <time>2026-05-05T18:54:58.107Z</time>
      </trkpt>
      <trkpt lat="42.511632" lon="19.891508">
        <ele>1652.939538</ele>
        <time>2026-05-05T18:55:39.804Z</time>
      </trkpt>
      <trkpt lat="42.511669" lon="19.891406">
        <ele>1651.360219</ele>
        <time>2026-05-05T18:55:59.263Z</time>
      </trkpt>
      <trkpt lat="42.511896" lon="19.891341">
        <ele>1646.987801</ele>
        <time>2026-05-05T18:56:52.588Z</time>
      </trkpt>
      <trkpt lat="42.511909" lon="19.891242">
        <ele>1645.590797</ele>
        <time>2026-05-05T18:57:08.779Z</time>
      </trkpt>
      <trkpt lat="42.511962" lon="19.891179">
        <ele>1644.262735</ele>
        <time>2026-05-05T18:57:24.459Z</time>
      </trkpt>
      <trkpt lat="42.512026" lon="19.891176">
        <ele>1643.055840</ele>
        <time>2026-05-05T18:57:37.358Z</time>
      </trkpt>
      <trkpt lat="42.512209" lon="19.891052">
        <ele>1639.200645</ele>
        <time>2026-05-05T18:58:17.450Z</time>
      </trkpt>
      <trkpt lat="42.512341" lon="19.890828">
        <ele>1635.216589</ele>
        <time>2026-05-05T18:58:58.874Z</time>
      </trkpt>
      <trkpt lat="42.512474" lon="19.890711">
        <ele>1632.229132</ele>
        <time>2026-05-05T18:59:29.891Z</time>
      </trkpt>
      <trkpt lat="42.512473" lon="19.890650">
        <ele>1631.381491</ele>
        <time>2026-05-05T18:59:38.728Z</time>
      </trkpt>
      <trkpt lat="42.512330" lon="19.890583">
        <ele>1628.547579</ele>
        <time>2026-05-05T19:00:07.981Z</time>
      </trkpt>
      <trkpt lat="42.512402" lon="19.890513">
        <ele>1627.109027</ele>
        <time>2026-05-05T19:00:25.008Z</time>
      </trkpt>
      <trkpt lat="42.512377" lon="19.890437">
        <ele>1626.112746</ele>
        <time>2026-05-05T19:00:36.942Z</time>
      </trkpt>
      <trkpt lat="42.512278" lon="19.890452">
        <ele>1624.494982</ele>
        <time>2026-05-05T19:00:56.159Z</time>
      </trkpt>
      <trkpt lat="42.512140" lon="19.890523">
        <ele>1622.098093</ele>
        <time>2026-05-05T19:01:24.834Z</time>
      </trkpt>
      <trkpt lat="42.512121" lon="19.890504">
        <ele>1621.714760</ele>
        <time>2026-05-05T19:01:29.274Z</time>
      </trkpt>
      <trkpt lat="42.512165" lon="19.890395">
        <ele>1620.227064</ele>
        <time>2026-05-05T19:01:47.118Z</time>
      </trkpt>
      <trkpt lat="42.512226" lon="19.890273">
        <ele>1618.462308</ele>
        <time>2026-05-05T19:02:08.244Z</time>
      </trkpt>
      <trkpt lat="42.512300" lon="19.890222">
        <ele>1617.114353</ele>
        <time>2026-05-05T19:02:24.220Z</time>
      </trkpt>
      <trkpt lat="42.512281" lon="19.890180">
        <ele>1616.524435</ele>
        <time>2026-05-05T19:02:31.200Z</time>
      </trkpt>
      <trkpt lat="42.512175" lon="19.890196">
        <ele>1614.792364</ele>
        <time>2026-05-05T19:02:51.972Z</time>
      </trkpt>
      <trkpt lat="42.512154" lon="19.890181">
        <ele>1614.406937</ele>
        <time>2026-05-05T19:02:56.496Z</time>
      </trkpt>
      <trkpt lat="42.512156" lon="19.890133">
        <ele>1613.831407</ele>
        <time>2026-05-05T19:03:03.376Z</time>
      </trkpt>
      <trkpt lat="42.512205" lon="19.890043">
        <ele>1612.491993</ele>
        <time>2026-05-05T19:03:19.464Z</time>
      </trkpt>
      <trkpt lat="42.512264" lon="19.890021">
        <ele>1611.498292</ele>
        <time>2026-05-05T19:03:31.371Z</time>
      </trkpt>
      <trkpt lat="42.512297" lon="19.889968">
        <ele>1610.667773</ele>
        <time>2026-05-05T19:03:41.390Z</time>
      </trkpt>
      <trkpt lat="42.512241" lon="19.889887">
        <ele>1609.338365</ele>
        <time>2026-05-05T19:03:57.441Z</time>
      </trkpt>
      <trkpt lat="42.512159" lon="19.889854">
        <ele>1607.949319</ele>
        <time>2026-05-05T19:04:14.278Z</time>
      </trkpt>
      <trkpt lat="42.512148" lon="19.889805">
        <ele>1607.336135</ele>
        <time>2026-05-05T19:04:21.589Z</time>
      </trkpt>
      <trkpt lat="42.512184" lon="19.889751">
        <ele>1606.464532</ele>
        <time>2026-05-05T19:04:32.070Z</time>
      </trkpt>
      <trkpt lat="42.512299" lon="19.889695">
        <ele>1604.480250</ele>
        <time>2026-05-05T19:04:56.110Z</time>
      </trkpt>
      <trkpt lat="42.512305" lon="19.889587">
        <ele>1603.183707</ele>
        <time>2026-05-05T19:05:12.279Z</time>
      </trkpt>
      <trkpt lat="42.512467" lon="19.889345">
        <ele>1599.229621</ele>
        <time>2026-05-05T19:06:01.476Z</time>
      </trkpt>
      <trkpt lat="42.512452" lon="19.889172">
        <ele>1596.659230</ele>
        <time>2026-05-05T19:06:28.120Z</time>
      </trkpt>
      <trkpt lat="42.512540" lon="19.888762">
        <ele>1590.358016</ele>
        <time>2026-05-05T19:07:36.084Z</time>
      </trkpt>
      <trkpt lat="42.512577" lon="19.888692">
        <ele>1589.086984</ele>
        <time>2026-05-05T19:07:50.609Z</time>
      </trkpt>
      <trkpt lat="42.512585" lon="19.888270">
        <ele>1582.857897</ele>
        <time>2026-05-05T19:09:02.088Z</time>
      </trkpt>
      <trkpt lat="42.512631" lon="19.888184">
        <ele>1581.289988</ele>
        <time>2026-05-05T19:09:19.440Z</time>
      </trkpt>
      <trkpt lat="42.512623" lon="19.888152">
        <ele>1580.791379</ele>
        <time>2026-05-05T19:09:25.098Z</time>
      </trkpt>
      <trkpt lat="42.512568" lon="19.888139">
        <ele>1579.673792</ele>
        <time>2026-05-05T19:09:38.087Z</time>
      </trkpt>
      <trkpt lat="42.512562" lon="19.888007">
        <ele>1577.722301</ele>
        <time>2026-05-05T19:09:59.781Z</time>
      </trkpt>
      <trkpt lat="42.512603" lon="19.887883">
        <ele>1575.716912</ele>
        <time>2026-05-05T19:10:22.722Z</time>
      </trkpt>
      <trkpt lat="42.512545" lon="19.887742">
        <ele>1573.334283</ele>
        <time>2026-05-05T19:10:49.783Z</time>
      </trkpt>
      <trkpt lat="42.512563" lon="19.887663">
        <ele>1572.114140</ele>
        <time>2026-05-05T19:11:03.245Z</time>
      </trkpt>
      <trkpt lat="42.512750" lon="19.887296">
        <ele>1565.530822</ele>
        <time>2026-05-05T19:12:16.791Z</time>
      </trkpt>
      <trkpt lat="42.512777" lon="19.887183">
        <ele>1563.777988</ele>
        <time>2026-05-05T19:12:36.573Z</time>
      </trkpt>
      <trkpt lat="42.512815" lon="19.887245">
        <ele>1562.668648</ele>
        <time>2026-05-05T19:12:49.185Z</time>
      </trkpt>
      <trkpt lat="42.512935" lon="19.887034">
        <ele>1559.107668</ele>
        <time>2026-05-05T19:13:32.488Z</time>
      </trkpt>
      <trkpt lat="42.512973" lon="19.886837">
        <ele>1556.386732</ele>
        <time>2026-05-05T19:14:05.022Z</time>
      </trkpt>
      <trkpt lat="42.513004" lon="19.886679">
        <ele>1554.202041</ele>
        <time>2026-05-05T19:14:30.592Z</time>
      </trkpt>
      <trkpt lat="42.513097" lon="19.886482">
        <ele>1551.076184</ele>
        <time>2026-05-05T19:15:07.210Z</time>
      </trkpt>
      <trkpt lat="42.513228" lon="19.886059">
        <ele>1544.945527</ele>
        <time>2026-05-05T19:16:16.096Z</time>
      </trkpt>
      <trkpt lat="42.513464" lon="19.885771">
        <ele>1539.191399</ele>
        <time>2026-05-05T19:17:19.074Z</time>
      </trkpt>
      <trkpt lat="42.513632" lon="19.885498">
        <ele>1534.439512</ele>
        <time>2026-05-05T19:18:12.235Z</time>
      </trkpt>
      <trkpt lat="42.513774" lon="19.885192">
        <ele>1529.820412</ele>
        <time>2026-05-05T19:19:05.901Z</time>
      </trkpt>
      <trkpt lat="42.514061" lon="19.884325">
        <ele>1519.318043</ele>
        <time>2026-05-05T19:21:24.064Z</time>
      </trkpt>
      <trkpt lat="42.514132" lon="19.884191">
        <ele>1517.494449</ele>
        <time>2026-05-05T19:21:47.697Z</time>
      </trkpt>
      <trkpt lat="42.514279" lon="19.883996">
        <ele>1514.412313</ele>
        <time>2026-05-05T19:22:27.299Z</time>
      </trkpt>
      <trkpt lat="42.514459" lon="19.883620">
        <ele>1509.458059</ele>
        <time>2026-05-05T19:23:30.297Z</time>
      </trkpt>
      <trkpt lat="42.514615" lon="19.883510">
        <ele>1506.822388</ele>
        <time>2026-05-05T19:24:03.524Z</time>
      </trkpt>
      <trkpt lat="42.514714" lon="19.883357">
        <ele>1504.572707</ele>
        <time>2026-05-05T19:24:31.673Z</time>
      </trkpt>
      <trkpt lat="42.514804" lon="19.883143">
        <ele>1502.140552</ele>
        <time>2026-05-05T19:25:05.771Z</time>
      </trkpt>
      <trkpt lat="42.514981" lon="19.882879">
        <ele>1498.763564</ele>
        <time>2026-05-05T19:25:54.906Z</time>
      </trkpt>
      <trkpt lat="42.515129" lon="19.882601">
        <ele>1495.518544</ele>
        <time>2026-05-05T19:26:42.057Z</time>
      </trkpt>
      <trkpt lat="42.515338" lon="19.882346">
        <ele>1491.910022</ele>
        <time>2026-05-05T19:27:34.591Z</time>
      </trkpt>
      <trkpt lat="42.515538" lon="19.882005">
        <ele>1487.786397</ele>
        <time>2026-05-05T19:28:34.751Z</time>
      </trkpt>
      <trkpt lat="42.515614" lon="19.881782">
        <ele>1485.461592</ele>
        <time>2026-05-05T19:29:08.861Z</time>
      </trkpt>
      <trkpt lat="42.515730" lon="19.881565">
        <ele>1482.925052</ele>
        <time>2026-05-05T19:29:45.949Z</time>
      </trkpt>
      <trkpt lat="42.516007" lon="19.880699">
        <ele>1473.806645</ele>
        <time>2026-05-05T19:31:56.705Z</time>
      </trkpt>
      <trkpt lat="42.516236" lon="19.880163">
        <ele>1467.784124</ele>
        <time>2026-05-05T19:33:22.218Z</time>
      </trkpt>
      <trkpt lat="42.516273" lon="19.879881">
        <ele>1464.999690</ele>
        <time>2026-05-05T19:34:01.580Z</time>
      </trkpt>
      <trkpt lat="42.516279" lon="19.879581">
        <ele>1462.082298</ele>
        <time>2026-05-05T19:34:43.253Z</time>
      </trkpt>
      <trkpt lat="42.516340" lon="19.879425">
        <ele>1460.365631</ele>
        <time>2026-05-05T19:35:07.861Z</time>
      </trkpt>
      <trkpt lat="42.516262" lon="19.879390">
        <ele>1459.282121</ele>
        <time>2026-05-05T19:35:23.415Z</time>
      </trkpt>
      <trkpt lat="42.516269" lon="19.879189">
        <ele>1457.326008</ele>
        <time>2026-05-05T19:35:51.609Z</time>
      </trkpt>
      <trkpt lat="42.516296" lon="19.879095">
        <ele>1456.190306</ele>
        <time>2026-05-05T19:36:05.848Z</time>
      </trkpt>
      <trkpt lat="42.516214" lon="19.879017">
        <ele>1454.582993</ele>
        <time>2026-05-05T19:36:24.998Z</time>
      </trkpt>
      <trkpt lat="42.516307" lon="19.878701">
        <ele>1450.557779</ele>
        <time>2026-05-05T19:37:13.609Z</time>
      </trkpt>
      <trkpt lat="42.516538" lon="19.878374">
        <ele>1445.199664</ele>
        <time>2026-05-05T19:38:19.051Z</time>
      </trkpt>
      <trkpt lat="42.516616" lon="19.878170">
        <ele>1442.481005</ele>
        <time>2026-05-05T19:38:52.416Z</time>
      </trkpt>
      <trkpt lat="42.516623" lon="19.878068">
        <ele>1441.269144</ele>
        <time>2026-05-05T19:39:07.431Z</time>
      </trkpt>
      <trkpt lat="42.516444" lon="19.877601">
        <ele>1435.042279</ele>
        <time>2026-05-05T19:40:25.691Z</time>
      </trkpt>
      <trkpt lat="42.516422" lon="19.877143">
        <ele>1429.612711</ele>
        <time>2026-05-05T19:41:34.335Z</time>
      </trkpt>
      <trkpt lat="42.516501" lon="19.876890">
        <ele>1426.466675</ele>
        <time>2026-05-05T19:42:14.967Z</time>
      </trkpt>
      <trkpt lat="42.516574" lon="19.876802">
        <ele>1424.988792</ele>
        <time>2026-05-05T19:42:34.483Z</time>
      </trkpt>
      <trkpt lat="42.516556" lon="19.876437">
        <ele>1420.908135</ele>
        <time>2026-05-05T19:43:27.539Z</time>
      </trkpt>
      <trkpt lat="42.516584" lon="19.876214">
        <ele>1418.384748</ele>
        <time>2026-05-05T19:44:00.071Z</time>
      </trkpt>
      <trkpt lat="42.516707" lon="19.875880">
        <ele>1414.219864</ele>
        <time>2026-05-05T19:44:53.602Z</time>
      </trkpt>
      <trkpt lat="42.516812" lon="19.875669">
        <ele>1411.379977</ele>
        <time>2026-05-05T19:45:29.728Z</time>
      </trkpt>
      <trkpt lat="42.516912" lon="19.875214">
        <ele>1406.083676</ele>
        <time>2026-05-05T19:46:36.433Z</time>
      </trkpt>
      <trkpt lat="42.516920" lon="19.875061">
        <ele>1404.372691</ele>
        <time>2026-05-05T19:46:57.844Z</time>
      </trkpt>
      <trkpt lat="42.517029" lon="19.874812">
        <ele>1401.142207</ele>
        <time>2026-05-05T19:47:38.278Z</time>
      </trkpt>
      <trkpt lat="42.517025" lon="19.874568">
        <ele>1398.180706</ele>
        <time>2026-05-05T19:48:12.292Z</time>
      </trkpt>
      <trkpt lat="42.517090" lon="19.873916">
        <ele>1390.154085</ele>
        <time>2026-05-05T19:49:44.580Z</time>
      </trkpt>
      <trkpt lat="42.517155" lon="19.873747">
        <ele>1387.828524</ele>
        <time>2026-05-05T19:50:11.814Z</time>
      </trkpt>
      <trkpt lat="42.517290" lon="19.873583">
        <ele>1384.829237</ele>
        <time>2026-05-05T19:50:47.167Z</time>
      </trkpt>
      <trkpt lat="42.517357" lon="19.873546">
        <ele>1383.631943</ele>
        <time>2026-05-05T19:51:01.573Z</time>
      </trkpt>
      <trkpt lat="42.517515" lon="19.873328">
        <ele>1379.902073</ele>
        <time>2026-05-05T19:51:46.891Z</time>
      </trkpt>
      <trkpt lat="42.517460" lon="19.872891">
        <ele>1374.493685</ele>
        <time>2026-05-05T19:52:55.993Z</time>
      </trkpt>
      <trkpt lat="42.517529" lon="19.872491">
        <ele>1368.856695</ele>
        <time>2026-05-05T19:54:03.248Z</time>
      </trkpt>
      <trkpt lat="42.517523" lon="19.872398">
        <ele>1367.303678</ele>
        <time>2026-05-05T19:54:19.076Z</time>
      </trkpt>
      <trkpt lat="42.517576" lon="19.872261">
        <ele>1364.729766</ele>
        <time>2026-05-05T19:54:45.181Z</time>
      </trkpt>
      <trkpt lat="42.517679" lon="19.871671">
        <ele>1354.643284</ele>
        <time>2026-05-05T19:56:30.829Z</time>
      </trkpt>
      <trkpt lat="42.517766" lon="19.871513">
        <ele>1351.362415</ele>
        <time>2026-05-05T19:57:05.993Z</time>
      </trkpt>
      <trkpt lat="42.517764" lon="19.871419">
        <ele>1349.798032</ele>
        <time>2026-05-05T19:57:22.814Z</time>
      </trkpt>
      <trkpt lat="42.517827" lon="19.871352">
        <ele>1347.991360</ele>
        <time>2026-05-05T19:57:42.252Z</time>
      </trkpt>
      <trkpt lat="42.517800" lon="19.871252">
        <ele>1346.219715</ele>
        <time>2026-05-05T19:58:01.226Z</time>
      </trkpt>
      <trkpt lat="42.517853" lon="19.871167">
        <ele>1344.367604</ele>
        <time>2026-05-05T19:58:21.261Z</time>
      </trkpt>
      <trkpt lat="42.517893" lon="19.871145">
        <ele>1343.393452</ele>
        <time>2026-05-05T19:58:31.596Z</time>
      </trkpt>
      <trkpt lat="42.517901" lon="19.871081">
        <ele>1342.313584</ele>
        <time>2026-05-05T19:58:43.273Z</time>
      </trkpt>
      <trkpt lat="42.517875" lon="19.870992">
        <ele>1340.720981</ele>
        <time>2026-05-05T19:59:00.323Z</time>
      </trkpt>
      <trkpt lat="42.517934" lon="19.870901">
        <ele>1338.704831</ele>
        <time>2026-05-05T19:59:22.174Z</time>
      </trkpt>
      <trkpt lat="42.517993" lon="19.870869">
        <ele>1337.270753</ele>
        <time>2026-05-05T19:59:37.769Z</time>
      </trkpt>
      <trkpt lat="42.517995" lon="19.870719">
        <ele>1334.775037</ele>
        <time>2026-05-05T20:00:04.733Z</time>
      </trkpt>
      <trkpt lat="42.518090" lon="19.870603">
        <ele>1331.890417</ele>
        <time>2026-05-05T20:00:35.718Z</time>
      </trkpt>
      <trkpt lat="42.518031" lon="19.870499">
        <ele>1329.707201</ele>
        <time>2026-05-05T20:00:59.242Z</time>
      </trkpt>
      <trkpt lat="42.517976" lon="19.870238">
        <ele>1325.191336</ele>
        <time>2026-05-05T20:01:46.991Z</time>
      </trkpt>
      <trkpt lat="42.518118" lon="19.870126">
        <ele>1321.484154</ele>
        <time>2026-05-05T20:02:26.023Z</time>
      </trkpt>
      <trkpt lat="42.518096" lon="19.869978">
        <ele>1318.972514</ele>
        <time>2026-05-05T20:02:52.288Z</time>
      </trkpt>
      <trkpt lat="42.518112" lon="19.869876">
        <ele>1317.237682</ele>
        <time>2026-05-05T20:03:10.498Z</time>
      </trkpt>
      <trkpt lat="42.518173" lon="19.869742">
        <ele>1314.617624</ele>
        <time>2026-05-05T20:03:38.053Z</time>
      </trkpt>
      <trkpt lat="42.518116" lon="19.869632">
        <ele>1312.380738</ele>
        <time>2026-05-05T20:04:01.524Z</time>
      </trkpt>
      <trkpt lat="42.518215" lon="19.869377">
        <ele>1307.586168</ele>
        <time>2026-05-05T20:04:51.253Z</time>
      </trkpt>
      <trkpt lat="42.518191" lon="19.869101">
        <ele>1302.962908</ele>
        <time>2026-05-05T20:05:38.900Z</time>
      </trkpt>
      <trkpt lat="42.518221" lon="19.869034">
        <ele>1301.658774</ele>
        <time>2026-05-05T20:05:52.265Z</time>
      </trkpt>
      <trkpt lat="42.518351" lon="19.868954">
        <ele>1298.436949</ele>
        <time>2026-05-05T20:06:25.769Z</time>
      </trkpt>
      <trkpt lat="42.518399" lon="19.868951">
        <ele>1297.352436</ele>
        <time>2026-05-05T20:06:36.910Z</time>
      </trkpt>
      <trkpt lat="42.518403" lon="19.868860">
        <ele>1295.835914</ele>
        <time>2026-05-05T20:06:52.770Z</time>
      </trkpt>
      <trkpt lat="42.518436" lon="19.868828">
        <ele>1294.920420</ele>
        <time>2026-05-05T20:07:02.420Z</time>
      </trkpt>
      <trkpt lat="42.518490" lon="19.868828">
        <ele>1293.701635</ele>
        <time>2026-05-05T20:07:15.012Z</time>
      </trkpt>
      <trkpt lat="42.518521" lon="19.868699">
        <ele>1291.444477</ele>
        <time>2026-05-05T20:07:38.487Z</time>
      </trkpt>
      <trkpt lat="42.518492" lon="19.868377">
        <ele>1286.423049</ele>
        <time>2026-05-05T20:08:34.204Z</time>
      </trkpt>
      <trkpt lat="42.518511" lon="19.868240">
        <ele>1284.323450</ele>
        <time>2026-05-05T20:08:57.946Z</time>
      </trkpt>
      <trkpt lat="42.518598" lon="19.868034">
        <ele>1280.747600</ele>
        <time>2026-05-05T20:09:38.398Z</time>
      </trkpt>
      <trkpt lat="42.518549" lon="19.867924">
        <ele>1278.811799</ele>
        <time>2026-05-05T20:10:00.317Z</time>
      </trkpt>
      <trkpt lat="42.518646" lon="19.867766">
        <ele>1275.714761</ele>
        <time>2026-05-05T20:10:35.402Z</time>
      </trkpt>
      <trkpt lat="42.518612" lon="19.867704">
        <ele>1274.550858</ele>
        <time>2026-05-05T20:10:48.534Z</time>
      </trkpt>
      <trkpt lat="42.518608" lon="19.867613">
        <ele>1273.177852</ele>
        <time>2026-05-05T20:11:04.198Z</time>
      </trkpt>
      <trkpt lat="42.518636" lon="19.867521">
        <ele>1271.678739</ele>
        <time>2026-05-05T20:11:21.075Z</time>
      </trkpt>
      <trkpt lat="42.518709" lon="19.867409">
        <ele>1269.426930</ele>
        <time>2026-05-05T20:11:46.639Z</time>
      </trkpt>
      <trkpt lat="42.518709" lon="19.867167">
        <ele>1265.782122</ele>
        <time>2026-05-05T20:12:26.985Z</time>
      </trkpt>
      <trkpt lat="42.518925" lon="19.866140">
        <ele>1251.429644</ele>
        <time>2026-05-05T20:15:13.718Z</time>
      </trkpt>
      <trkpt lat="42.518988" lon="19.865896">
        <ele>1249.430833</ele>
        <time>2026-05-05T20:15:51.026Z</time>
      </trkpt>
      <trkpt lat="42.519041" lon="19.865845">
        <ele>1248.749269</ele>
        <time>2026-05-05T20:16:03.612Z</time>
      </trkpt>
      <trkpt lat="42.519041" lon="19.865697">
        <ele>1247.605053</ele>
        <time>2026-05-05T20:16:24.380Z</time>
      </trkpt>
      <trkpt lat="42.519176" lon="19.865545">
        <ele>1245.764897</ele>
        <time>2026-05-05T20:16:57.424Z</time>
      </trkpt>
      <trkpt lat="42.519215" lon="19.865435">
        <ele>1244.821192</ele>
        <time>2026-05-05T20:17:14.098Z</time>
      </trkpt>
      <trkpt lat="42.519340" lon="19.865239">
        <ele>1242.817367</ele>
        <time>2026-05-05T20:17:48.855Z</time>
      </trkpt>
      <trkpt lat="42.519370" lon="19.865006">
        <ele>1240.988730</ele>
        <time>2026-05-05T20:18:19.807Z</time>
      </trkpt>
      <trkpt lat="42.519823" lon="19.863957">
        <ele>1234.314604</ele>
        <time>2026-05-05T20:20:17.836Z</time>
      </trkpt>
      <trkpt lat="42.520048" lon="19.863163">
        <ele>1234.135955</ele>
        <time>2026-05-05T20:21:33.344Z</time>
      </trkpt>
      <trkpt lat="42.520385" lon="19.862371">
        <ele>1233.943900</ele>
        <time>2026-05-05T20:23:01.035Z</time>
      </trkpt>
      <trkpt lat="42.521209" lon="19.860450">
        <ele>1229.657914</ele>
        <time>2026-05-05T20:26:21.317Z</time>
      </trkpt>
      <trkpt lat="42.521593" lon="19.859633">
        <ele>1222.561517</ele>
        <time>2026-05-05T20:28:07.157Z</time>
      </trkpt>
      <trkpt lat="42.521758" lon="19.859416">
        <ele>1218.348673</ele>
        <time>2026-05-05T20:28:45.752Z</time>
      </trkpt>
      <trkpt lat="42.521873" lon="19.858067">
        <ele>1199.999351</ele>
        <time>2026-05-05T20:31:52.552Z</time>
      </trkpt>
      <trkpt lat="42.522037" lon="19.857721">
        <ele>1194.516391</ele>
        <time>2026-05-05T20:32:48.094Z</time>
      </trkpt>
      <trkpt lat="42.522213" lon="19.857490">
        <ele>1190.344349</ele>
        <time>2026-05-05T20:33:28.317Z</time>
      </trkpt>
      <trkpt lat="42.522377" lon="19.856817">
        <ele>1181.443471</ele>
        <time>2026-05-05T20:34:50.758Z</time>
      </trkpt>
      <trkpt lat="42.522525" lon="19.856530">
        <ele>1177.045022</ele>
        <time>2026-05-05T20:35:31.324Z</time>
      </trkpt>
      <trkpt lat="42.522691" lon="19.856367">
        <ele>1173.553819</ele>
        <time>2026-05-05T20:36:03.135Z</time>
      </trkpt>
      <trkpt lat="42.522723" lon="19.856173">
        <ele>1171.057494</ele>
        <time>2026-05-05T20:36:25.853Z</time>
      </trkpt>
      <trkpt lat="42.522470" lon="19.855683">
        <ele>1163.481910</ele>
        <time>2026-05-05T20:37:34.884Z</time>
      </trkpt>
      <trkpt lat="42.522367" lon="19.855404">
        <ele>1159.376743</ele>
        <time>2026-05-05T20:38:11.063Z</time>
      </trkpt>
      <trkpt lat="42.522399" lon="19.854771">
        <ele>1151.029616</ele>
        <time>2026-05-05T20:39:28.143Z</time>
      </trkpt>
      <trkpt lat="42.522392" lon="19.854387">
        <ele>1145.976282</ele>
        <time>2026-05-05T20:40:17.582Z</time>
      </trkpt>
      <trkpt lat="42.522375" lon="19.853429">
        <ele>1133.369466</ele>
        <time>2026-05-05T20:42:16.566Z</time>
      </trkpt>
      <trkpt lat="42.522408" lon="19.852906">
        <ele>1127.674989</ele>
        <time>2026-05-05T20:43:20.143Z</time>
      </trkpt>
      <trkpt lat="42.522478" lon="19.852745">
        <ele>1125.688910</ele>
        <time>2026-05-05T20:43:42.536Z</time>
      </trkpt>
      <trkpt lat="42.522779" lon="19.852059">
        <ele>1117.206374</ele>
        <time>2026-05-05T20:45:14.791Z</time>
      </trkpt>
      <trkpt lat="42.522866" lon="19.851929">
        <ele>1115.340681</ele>
        <time>2026-05-05T20:45:34.389Z</time>
      </trkpt>
      <trkpt lat="42.523071" lon="19.851758">
        <ele>1111.871569</ele>
        <time>2026-05-05T20:46:10.118Z</time>
      </trkpt>
      <trkpt lat="42.523194" lon="19.851707">
        <ele>1110.017440</ele>
        <time>2026-05-05T20:46:28.871Z</time>
      </trkpt>
      <trkpt lat="42.523501" lon="19.851437">
        <ele>1105.365299</ele>
        <time>2026-05-05T20:47:20.713Z</time>
      </trkpt>
      <trkpt lat="42.524425" lon="19.850545">
        <ele>1093.890293</ele>
        <time>2026-05-05T20:50:00.324Z</time>
      </trkpt>
      <trkpt lat="42.524675" lon="19.850044">
        <ele>1089.378144</ele>
        <time>2026-05-05T20:51:05.428Z</time>
      </trkpt>
      <trkpt lat="42.524782" lon="19.849853">
        <ele>1086.961941</ele>
        <time>2026-05-05T20:51:31.980Z</time>
      </trkpt>
      <trkpt lat="42.524850" lon="19.849769">
        <ele>1085.470662</ele>
        <time>2026-05-05T20:51:45.916Z</time>
      </trkpt>
      <trkpt lat="42.524965" lon="19.849625">
        <ele>1082.932973</ele>
        <time>2026-05-05T20:52:09.679Z</time>
      </trkpt>
      <trkpt lat="42.524993" lon="19.849549">
        <ele>1081.917487</ele>
        <time>2026-05-05T20:52:19.266Z</time>
      </trkpt>
      <trkpt lat="42.524979" lon="19.849242">
        <ele>1078.241361</ele>
        <time>2026-05-05T20:52:54.719Z</time>
      </trkpt>
      <trkpt lat="42.525005" lon="19.849086">
        <ele>1076.329847</ele>
        <time>2026-05-05T20:53:14.046Z</time>
      </trkpt>
      <trkpt lat="42.525170" lon="19.848800">
        <ele>1071.988961</ele>
        <time>2026-05-05T20:53:57.153Z</time>
      </trkpt>
      <trkpt lat="42.525505" lon="19.848319">
        <ele>1064.079459</ele>
        <time>2026-05-05T20:55:17.035Z</time>
      </trkpt>
      <trkpt lat="42.525626" lon="19.847843">
        <ele>1058.032293</ele>
        <time>2026-05-05T20:56:21.116Z</time>
      </trkpt>
      <trkpt lat="42.525688" lon="19.847471">
        <ele>1053.378343</ele>
        <time>2026-05-05T20:57:07.258Z</time>
      </trkpt>
      <trkpt lat="42.525726" lon="19.846940">
        <ele>1046.868360</ele>
        <time>2026-05-05T20:58:12.267Z</time>
      </trkpt>
      <trkpt lat="42.525824" lon="19.846576">
        <ele>1042.139558</ele>
        <time>2026-05-05T20:58:59.814Z</time>
      </trkpt>
      <trkpt lat="42.525837" lon="19.846450">
        <ele>1040.587057</ele>
        <time>2026-05-05T20:59:14.739Z</time>
      </trkpt>
      <trkpt lat="42.525833" lon="19.846263">
        <ele>1038.304240</ele>
        <time>2026-05-05T20:59:36.271Z</time>
      </trkpt>
      <trkpt lat="42.525780" lon="19.846063">
        <ele>1035.710773</ele>
        <time>2026-05-05T21:00:00.583Z</time>
      </trkpt>
      <trkpt lat="42.525731" lon="19.845055">
        <ele>1025.182616</ele>
        <time>2026-05-05T21:01:53.286Z</time>
      </trkpt>
      <trkpt lat="42.525776" lon="19.844856">
        <ele>1023.368203</ele>
        <time>2026-05-05T21:02:16.139Z</time>
      </trkpt>
      <trkpt lat="42.525518" lon="19.844614">
        <ele>1019.658590</ele>
        <time>2026-05-05T21:03:02.617Z</time>
      </trkpt>
      <trkpt lat="42.525255" lon="19.844395">
        <ele>1016.008923</ele>
        <time>2026-05-05T21:03:47.734Z</time>
      </trkpt>
      <trkpt lat="42.524731" lon="19.843972">
        <ele>1008.797445</ele>
        <time>2026-05-05T21:05:15.721Z</time>
      </trkpt>
      <trkpt lat="42.524515" lon="19.843790">
        <ele>1006.428176</ele>
        <time>2026-05-05T21:05:52.860Z</time>
      </trkpt>
      <trkpt lat="42.523941" lon="19.843428">
        <ele>1000.767100</ele>
        <time>2026-05-05T21:07:25.645Z</time>
      </trkpt>
      <trkpt lat="42.523845" lon="19.843352">
        <ele>999.773055</ele>
        <time>2026-05-05T21:07:41.391Z</time>
      </trkpt>
      <trkpt lat="42.523701" lon="19.843223">
        <ele>998.229795</ele>
        <time>2026-05-05T21:08:05.540Z</time>
      </trkpt>
      <trkpt lat="42.523487" lon="19.843010">
        <ele>995.856121</ele>
        <time>2026-05-05T21:08:42.148Z</time>
      </trkpt>
      <trkpt lat="42.523329" lon="19.842995">
        <ele>994.439570</ele>
        <time>2026-05-05T21:09:03.857Z</time>
      </trkpt>
      <trkpt lat="42.523162" lon="19.843124">
        <ele>992.720902</ele>
        <time>2026-05-05T21:09:30.057Z</time>
      </trkpt>
      <trkpt lat="42.522999" lon="19.843300">
        <ele>991.944808</ele>
        <time>2026-05-05T21:09:58.210Z</time>
      </trkpt>
      <trkpt lat="42.522899" lon="19.843331">
        <ele>991.709273</ele>
        <time>2026-05-05T21:10:12.004Z</time>
      </trkpt>
      <trkpt lat="42.522782" lon="19.843307">
        <ele>991.437567</ele>
        <time>2026-05-05T21:10:27.942Z</time>
      </trkpt>
      <trkpt lat="42.522695" lon="19.843204">
        <ele>991.172444</ele>
        <time>2026-05-05T21:10:43.114Z</time>
      </trkpt>
      <trkpt lat="42.522670" lon="19.843164">
        <ele>991.083688</ele>
        <time>2026-05-05T21:10:48.197Z</time>
      </trkpt>
      <trkpt lat="42.522569" lon="19.842777">
        <ele>990.388915</ele>
        <time>2026-05-05T21:11:26.432Z</time>
      </trkpt>
      <trkpt lat="42.522374" lon="19.842431">
        <ele>989.651797</ele>
        <time>2026-05-05T21:12:05.847Z</time>
      </trkpt>
      <trkpt lat="42.522153" lon="19.842101">
        <ele>988.897214</ele>
        <time>2026-05-05T21:12:45.909Z</time>
      </trkpt>
      <trkpt lat="42.521958" lon="19.842052">
        <ele>988.441845</ele>
        <time>2026-05-05T21:13:09.820Z</time>
      </trkpt>
      <trkpt lat="42.521526" lon="19.842001">
        <ele>989.491796</ele>
        <time>2026-05-05T21:14:18.296Z</time>
      </trkpt>
      <trkpt lat="42.521174" lon="19.841924">
        <ele>990.923762</ele>
        <time>2026-05-05T21:15:18.630Z</time>
      </trkpt>
      <trkpt lat="42.520892" lon="19.841808">
        <ele>992.107244</ele>
        <time>2026-05-05T21:16:10.534Z</time>
      </trkpt>
      <trkpt lat="42.520625" lon="19.841570">
        <ele>993.390294</ele>
        <time>2026-05-05T21:17:08.018Z</time>
      </trkpt>
      <trkpt lat="42.520348" lon="19.841470">
        <ele>994.541495</ele>
        <time>2026-05-05T21:18:00.119Z</time>
      </trkpt>
      <trkpt lat="42.520095" lon="19.841304">
        <ele>995.634644</ele>
        <time>2026-05-05T21:18:50.375Z</time>
      </trkpt>
      <trkpt lat="42.519837" lon="19.841087">
        <ele>996.684670</ele>
        <time>2026-05-05T21:19:43.742Z</time>
      </trkpt>
      <trkpt lat="42.519620" lon="19.840830">
        <ele>997.681049</ele>
        <time>2026-05-05T21:20:33.224Z</time>
      </trkpt>
      <trkpt lat="42.519399" lon="19.840608">
        <ele>998.632238</ele>
        <time>2026-05-05T21:21:19.282Z</time>
      </trkpt>
      <trkpt lat="42.518499" lon="19.840056">
        <ele>1001.907714</ele>
        <time>2026-05-05T21:23:59.832Z</time>
      </trkpt>
      <trkpt lat="42.518216" lon="19.839831">
        <ele>1002.654832</ele>
        <time>2026-05-05T21:24:52.736Z</time>
      </trkpt>
      <trkpt lat="42.517659" lon="19.839513">
        <ele>1004.031271</ele>
        <time>2026-05-05T21:26:30.693Z</time>
      </trkpt>
      <trkpt lat="42.517519" lon="19.839473">
        <ele>1004.357146</ele>
        <time>2026-05-05T21:26:53.929Z</time>
      </trkpt>
      <trkpt lat="42.517310" lon="19.839385">
        <ele>1004.855587</ele>
        <time>2026-05-05T21:27:29.584Z</time>
      </trkpt>
      <trkpt lat="42.516962" lon="19.839089">
        <ele>1005.806547</ele>
        <time>2026-05-05T21:28:36.274Z</time>
      </trkpt>
      <trkpt lat="42.516784" lon="19.838794">
        <ele>1006.615084</ele>
        <time>2026-05-05T21:29:21.637Z</time>
      </trkpt>
      <trkpt lat="42.516606" lon="19.838258">
        <ele>1007.861888</ele>
        <time>2026-05-05T21:30:31.762Z</time>
      </trkpt>
      <trkpt lat="42.516503" lon="19.838150">
        <ele>1008.236447</ele>
        <time>2026-05-05T21:30:52.986Z</time>
      </trkpt>
      <trkpt lat="42.516096" lon="19.838046">
        <ele>1009.428103</ele>
        <time>2026-05-05T21:32:01.584Z</time>
      </trkpt>
      <trkpt lat="42.515839" lon="19.838028">
        <ele>1010.168557</ele>
        <time>2026-05-05T21:32:44.545Z</time>
      </trkpt>
      <trkpt lat="42.515464" lon="19.837755">
        <ele>1011.705400</ele>
        <time>2026-05-05T21:33:57.082Z</time>
      </trkpt>
      <trkpt lat="42.515227" lon="19.837679">
        <ele>1012.857094</ele>
        <time>2026-05-05T21:34:39.148Z</time>
      </trkpt>
      <trkpt lat="42.514803" lon="19.837722">
        <ele>1014.867850</ele>
        <time>2026-05-05T21:35:53.643Z</time>
      </trkpt>
      <trkpt lat="42.514131" lon="19.837741">
        <ele>1018.046531</ele>
        <time>2026-05-05T21:37:50.555Z</time>
      </trkpt>
      <trkpt lat="42.513917" lon="19.837560">
        <ele>1019.239142</ele>
        <time>2026-05-05T21:38:34.785Z</time>
      </trkpt>
      <trkpt lat="42.513711" lon="19.837297">
        <ele>1020.949625</ele>
        <time>2026-05-05T21:39:25.091Z</time>
      </trkpt>
      <trkpt lat="42.513625" lon="19.837187">
        <ele>1021.687731</ele>
        <time>2026-05-05T21:39:47.198Z</time>
      </trkpt>
      <trkpt lat="42.513448" lon="19.837067">
        <ele>1022.923386</ele>
        <time>2026-05-05T21:40:25.180Z</time>
      </trkpt>
      <trkpt lat="42.513155" lon="19.836928">
        <ele>1024.861740</ele>
        <time>2026-05-05T21:41:23.532Z</time>
      </trkpt>
      <trkpt lat="42.512807" lon="19.836611">
        <ele>1027.479357</ele>
        <time>2026-05-05T21:42:39.972Z</time>
      </trkpt>
      <trkpt lat="42.512701" lon="19.836558">
        <ele>1028.184827</ele>
        <time>2026-05-05T21:43:00.174Z</time>
      </trkpt>
      <trkpt lat="42.512653" lon="19.836563">
        <ele>1028.485456</ele>
        <time>2026-05-05T21:43:08.915Z</time>
      </trkpt>
      <trkpt lat="42.512501" lon="19.836502">
        <ele>1029.475318</ele>
        <time>2026-05-05T21:43:31.828Z</time>
      </trkpt>
      <trkpt lat="42.512344" lon="19.836306">
        <ele>1030.796162</ele>
        <time>2026-05-05T21:44:02.655Z</time>
      </trkpt>
      <trkpt lat="42.512068" lon="19.835862">
        <ele>1033.279048</ele>
        <time>2026-05-05T21:45:04.515Z</time>
      </trkpt>
      <trkpt lat="42.511944" lon="19.835626">
        <ele>1034.518000</ele>
        <time>2026-05-05T21:45:36.067Z</time>
      </trkpt>
      <trkpt lat="42.511820" lon="19.835301">
        <ele>1036.082439</ele>
        <time>2026-05-05T21:46:13.999Z</time>
      </trkpt>
      <trkpt lat="42.511773" lon="19.835103">
        <ele>1036.971688</ele>
        <time>2026-05-05T21:46:34.738Z</time>
      </trkpt>
      <trkpt lat="42.511768" lon="19.834971">
        <ele>1037.536728</ele>
        <time>2026-05-05T21:46:48.188Z</time>
      </trkpt>
      <trkpt lat="42.511786" lon="19.834903">
        <ele>1037.845601</ele>
        <time>2026-05-05T21:46:55.472Z</time>
      </trkpt>
      <trkpt lat="42.511768" lon="19.834971">
        <ele>1038.154474</ele>
        <time>2026-05-05T21:47:02.879Z</time>
      </trkpt>
      <trkpt lat="42.511695" lon="19.835095">
        <ele>1038.832879</ele>
        <time>2026-05-05T21:47:19.472Z</time>
      </trkpt>
      <trkpt lat="42.511619" lon="19.835500">
        <ele>1040.619466</ele>
        <time>2026-05-05T21:48:04.361Z</time>
      </trkpt>
      <trkpt lat="42.511565" lon="19.835542">
        <ele>1040.980454</ele>
        <time>2026-05-05T21:48:13.847Z</time>
      </trkpt>
      <trkpt lat="42.511427" lon="19.835174">
        <ele>1042.782220</ele>
        <time>2026-05-05T21:49:11.909Z</time>
      </trkpt>
      <trkpt lat="42.511327" lon="19.835007">
        <ele>1043.722245</ele>
        <time>2026-05-05T21:49:42.239Z</time>
      </trkpt>
      <trkpt lat="42.510918" lon="19.834746">
        <ele>1046.401192</ele>
        <time>2026-05-05T21:51:07.440Z</time>
      </trkpt>
      <trkpt lat="42.510607" lon="19.834486">
        <ele>1048.566398</ele>
        <time>2026-05-05T21:52:12.777Z</time>
      </trkpt>
      <trkpt lat="42.510348" lon="19.834332">
        <ele>1050.242466</ele>
        <time>2026-05-05T21:53:02.536Z</time>
      </trkpt>
      <trkpt lat="42.510030" lon="19.834058">
        <ele>1052.142274</ele>
        <time>2026-05-05T21:54:07.057Z</time>
      </trkpt>
      <trkpt lat="42.509837" lon="19.834016">
        <ele>1052.777870</ele>
        <time>2026-05-05T21:54:39.757Z</time>
      </trkpt>
      <trkpt lat="42.509544" lon="19.833866">
        <ele>1053.796197</ele>
        <time>2026-05-05T21:55:20.711Z</time>
      </trkpt>
      <trkpt lat="42.509404" lon="19.833720">
        <ele>1054.370404</ele>
        <time>2026-05-05T21:55:43.498Z</time>
      </trkpt>
      <trkpt lat="42.509217" lon="19.833352">
        <ele>1055.441782</ele>
        <time>2026-05-05T21:56:26.113Z</time>
      </trkpt>
      <trkpt lat="42.509149" lon="19.833218">
        <ele>1055.831733</ele>
        <time>2026-05-05T21:56:41.711Z</time>
      </trkpt>
      <trkpt lat="42.509053" lon="19.833085">
        <ele>1056.277918</ele>
        <time>2026-05-05T21:56:59.833Z</time>
      </trkpt>
      <trkpt lat="42.508717" lon="19.832732">
        <ele>1057.725065</ele>
        <time>2026-05-05T21:57:56.787Z</time>
      </trkpt>
      <trkpt lat="42.508542" lon="19.832282">
        <ele>1060.023836</ele>
        <time>2026-05-05T21:59:02.700Z</time>
      </trkpt>
      <trkpt lat="42.508433" lon="19.832162">
        <ele>1060.884234</ele>
        <time>2026-05-05T21:59:27.844Z</time>
      </trkpt>
      <trkpt lat="42.507846" lon="19.831893">
        <ele>1064.681763</ele>
        <time>2026-05-05T22:01:22.906Z</time>
      </trkpt>
      <trkpt lat="42.507357" lon="19.831782">
        <ele>1067.720562</ele>
        <time>2026-05-05T22:02:55.963Z</time>
      </trkpt>
      <trkpt lat="42.507261" lon="19.831737">
        <ele>1068.343095</ele>
        <time>2026-05-05T22:03:14.984Z</time>
      </trkpt>
      <trkpt lat="42.507084" lon="19.831591">
        <ele>1069.609302</ele>
        <time>2026-05-05T22:03:53.202Z</time>
      </trkpt>
      <trkpt lat="42.506854" lon="19.831213">
        <ele>1071.816204</ele>
        <time>2026-05-05T22:04:59.659Z</time>
      </trkpt>
      <trkpt lat="42.506610" lon="19.830714">
        <ele>1074.512404</ele>
        <time>2026-05-05T22:06:20.173Z</time>
      </trkpt>
      <trkpt lat="42.506431" lon="19.830477">
        <ele>1076.040197</ele>
        <time>2026-05-05T22:07:04.831Z</time>
      </trkpt>
      <trkpt lat="42.506202" lon="19.830235">
        <ele>1077.813266</ele>
        <time>2026-05-05T22:07:56.210Z</time>
      </trkpt>
      <trkpt lat="42.506003" lon="19.829957">
        <ele>1079.558062</ele>
        <time>2026-05-05T22:08:46.779Z</time>
      </trkpt>
      <trkpt lat="42.505191" lon="19.829108">
        <ele>1087.470758</ele>
        <time>2026-05-05T22:11:53.401Z</time>
      </trkpt>
      <trkpt lat="42.504961" lon="19.828997">
        <ele>1089.357310</ele>
        <time>2026-05-05T22:12:40.626Z</time>
      </trkpt>
      <trkpt lat="42.504709" lon="19.828789">
        <ele>1091.636931</ele>
        <time>2026-05-05T22:13:39.058Z</time>
      </trkpt>
      <trkpt lat="42.504504" lon="19.828659">
        <ele>1093.385718</ele>
        <time>2026-05-05T22:14:25.203Z</time>
      </trkpt>
      <trkpt lat="42.503981" lon="19.828541">
        <ele>1098.967789</ele>
        <time>2026-05-05T22:16:15.861Z</time>
      </trkpt>
      <trkpt lat="42.503794" lon="19.828414">
        <ele>1101.185781</ele>
        <time>2026-05-05T22:16:59.261Z</time>
      </trkpt>
      <trkpt lat="42.503492" lon="19.828084">
        <ele>1105.298770</ele>
        <time>2026-05-05T22:18:19.026Z</time>
      </trkpt>
      <trkpt lat="42.503345" lon="19.827829">
        <ele>1107.829791</ele>
        <time>2026-05-05T22:19:07.663Z</time>
      </trkpt>
      <trkpt lat="42.503256" lon="19.827502">
        <ele>1110.555281</ele>
        <time>2026-05-05T22:19:59.049Z</time>
      </trkpt>
      <trkpt lat="42.503135" lon="19.827269">
        <ele>1112.754261</ele>
        <time>2026-05-05T22:20:41.230Z</time>
      </trkpt>
      <trkpt lat="42.503047" lon="19.826925">
        <ele>1115.205498</ele>
        <time>2026-05-05T22:21:34.749Z</time>
      </trkpt>
      <trkpt lat="42.502771" lon="19.826208">
        <ele>1120.650648</ele>
        <time>2026-05-05T22:23:32.378Z</time>
      </trkpt>
      <trkpt lat="42.502743" lon="19.825953">
        <ele>1122.386237</ele>
        <time>2026-05-05T22:24:10.311Z</time>
      </trkpt>
      <trkpt lat="42.502700" lon="19.825827">
        <ele>1123.320936</ele>
        <time>2026-05-05T22:24:30.594Z</time>
      </trkpt>
      <trkpt lat="42.502181" lon="19.825142">
        <ele>1129.266757</ele>
        <time>2026-05-05T22:26:52.907Z</time>
      </trkpt>
      <trkpt lat="42.502120" lon="19.825074">
        <ele>1129.475169</ele>
        <time>2026-05-05T22:27:07.843Z</time>
      </trkpt>
      <trkpt lat="42.501781" lon="19.824871">
        <ele>1130.453294</ele>
        <time>2026-05-05T22:28:14.365Z</time>
      </trkpt>
      <trkpt lat="42.501747" lon="19.824743">
        <ele>1130.718058</ele>
        <time>2026-05-05T22:28:31.352Z</time>
      </trkpt>
      <trkpt lat="42.501988" lon="19.824479">
        <ele>1131.535735</ele>
        <time>2026-05-05T22:29:21.953Z</time>
      </trkpt>
      <trkpt lat="42.502005" lon="19.824436">
        <ele>1131.630685</ele>
        <time>2026-05-05T22:29:27.553Z</time>
      </trkpt>
      <trkpt lat="42.501987" lon="19.824330">
        <ele>1131.842363</ele>
        <time>2026-05-05T22:29:40.074Z</time>
      </trkpt>
      <trkpt lat="42.501794" lon="19.824127">
        <ele>1132.487015</ele>
        <time>2026-05-05T22:30:16.766Z</time>
      </trkpt>
      <trkpt lat="42.501567" lon="19.823888">
        <ele>1133.245518</ele>
        <time>2026-05-05T22:31:00.815Z</time>
      </trkpt>
      <trkpt lat="42.501032" lon="19.823087">
        <ele>1133.710683</ele>
        <time>2026-05-05T22:33:05.328Z</time>
      </trkpt>
      <trkpt lat="42.500847" lon="19.822760">
        <ele>1133.694393</ele>
        <time>2026-05-05T22:33:51.898Z</time>
      </trkpt>
      <trkpt lat="42.500621" lon="19.822095">
        <ele>1133.665454</ele>
        <time>2026-05-05T22:35:14.433Z</time>
      </trkpt>
      <trkpt lat="42.500485" lon="19.821854">
        <ele>1133.653460</ele>
        <time>2026-05-05T22:35:49.978Z</time>
      </trkpt>
      <trkpt lat="42.500189" lon="19.821550">
        <ele>1134.284280</ele>
        <time>2026-05-05T22:36:50.596Z</time>
      </trkpt>
      <trkpt lat="42.499807" lon="19.821308">
        <ele>1135.366093</ele>
        <time>2026-05-05T22:38:00.540Z</time>
      </trkpt>
      <trkpt lat="42.499317" lon="19.820833">
        <ele>1136.911487</ele>
        <time>2026-05-05T22:39:40.888Z</time>
      </trkpt>
      <trkpt lat="42.499145" lon="19.820620">
        <ele>1137.509103</ele>
        <time>2026-05-05T22:40:18.899Z</time>
      </trkpt>
      <trkpt lat="42.498908" lon="19.820405">
        <ele>1138.240704</ele>
        <time>2026-05-05T22:41:04.948Z</time>
      </trkpt>
      <trkpt lat="42.498148" lon="19.819403">
        <ele>1141.215678</ele>
        <time>2026-05-05T22:43:56.314Z</time>
      </trkpt>
      <trkpt lat="42.497951" lon="19.818845">
        <ele>1142.496884</ele>
        <time>2026-05-05T22:45:12.636Z</time>
      </trkpt>
      <trkpt lat="42.497544" lon="19.818294">
        <ele>1144.520698</ele>
        <time>2026-05-05T22:46:50.394Z</time>
      </trkpt>
      <trkpt lat="42.497467" lon="19.818141">
        <ele>1145.100724</ele>
        <time>2026-05-05T22:47:13.926Z</time>
      </trkpt>
      <trkpt lat="42.497354" lon="19.817471">
        <ele>1147.252775</ele>
        <time>2026-05-05T22:48:41.743Z</time>
      </trkpt>
      <trkpt lat="42.497386" lon="19.816978">
        <ele>1148.802400</ele>
        <time>2026-05-05T22:49:44.992Z</time>
      </trkpt>
      <trkpt lat="42.497365" lon="19.816869">
        <ele>1149.155154</ele>
        <time>2026-05-05T22:49:59.397Z</time>
      </trkpt>
      <trkpt lat="42.497268" lon="19.816753">
        <ele>1149.704346</ele>
        <time>2026-05-05T22:50:21.703Z</time>
      </trkpt>
      <trkpt lat="42.497005" lon="19.816544">
        <ele>1151.012023</ele>
        <time>2026-05-05T22:51:14.207Z</time>
      </trkpt>
      <trkpt lat="42.496917" lon="19.816423">
        <ele>1151.694975</ele>
        <time>2026-05-05T22:51:35.886Z</time>
      </trkpt>
      <trkpt lat="42.496610" lon="19.815784">
        <ele>1154.759717</ele>
        <time>2026-05-05T22:53:13.828Z</time>
      </trkpt>
      <trkpt lat="42.496565" lon="19.815357">
        <ele>1156.492998</ele>
        <time>2026-05-05T22:54:11.083Z</time>
      </trkpt>
      <trkpt lat="42.496496" lon="19.815142">
        <ele>1157.435241</ele>
        <time>2026-05-05T22:54:42.375Z</time>
      </trkpt>
      <trkpt lat="42.496327" lon="19.814879">
        <ele>1158.837105</ele>
        <time>2026-05-05T22:55:29.040Z</time>
      </trkpt>
      <trkpt lat="42.496097" lon="19.814675">
        <ele>1160.334852</ele>
        <time>2026-05-05T22:56:18.868Z</time>
      </trkpt>
      <trkpt lat="42.495771" lon="19.814565">
        <ele>1162.590869</ele>
        <time>2026-05-05T22:57:20.146Z</time>
      </trkpt>
      <trkpt lat="42.495596" lon="19.814389">
        <ele>1164.136042</ele>
        <time>2026-05-05T22:58:00.206Z</time>
      </trkpt>
      <trkpt lat="42.495548" lon="19.814312">
        <ele>1164.663329</ele>
        <time>2026-05-05T22:58:13.774Z</time>
      </trkpt>
      <trkpt lat="42.495229" lon="19.813464">
        <ele>1169.641664</ele>
        <time>2026-05-05T23:00:25.350Z</time>
      </trkpt>
      <trkpt lat="42.495128" lon="19.813328">
        <ele>1170.651085</ele>
        <time>2026-05-05T23:00:52.029Z</time>
      </trkpt>
      <trkpt lat="42.494676" lon="19.813101">
        <ele>1174.433161</ele>
        <time>2026-05-05T23:02:22.848Z</time>
      </trkpt>
      <trkpt lat="42.494259" lon="19.812819">
        <ele>1179.890994</ele>
        <time>2026-05-05T23:03:52.558Z</time>
      </trkpt>
      <trkpt lat="42.493975" lon="19.812573">
        <ele>1183.838055</ele>
        <time>2026-05-05T23:04:57.907Z</time>
      </trkpt>
      <trkpt lat="42.493386" lon="19.811927">
        <ele>1192.710646</ele>
        <time>2026-05-05T23:07:45.368Z</time>
      </trkpt>
      <trkpt lat="42.493176" lon="19.811810">
        <ele>1196.376766</ele>
        <time>2026-05-05T23:08:47.217Z</time>
      </trkpt>
      <trkpt lat="42.493037" lon="19.811922">
        <ele>1200.681329</ele>
        <time>2026-05-05T23:09:25.395Z</time>
      </trkpt>
      <trkpt lat="42.492829" lon="19.811881">
        <ele>1206.277225</ele>
        <time>2026-05-05T23:10:18.193Z</time>
      </trkpt>
      <trkpt lat="42.492528" lon="19.811993">
        <ele>1214.587084</ele>
        <time>2026-05-05T23:11:41.815Z</time>
      </trkpt>
      <trkpt lat="42.492263" lon="19.812213">
        <ele>1222.859297</ele>
        <time>2026-05-05T23:13:13.816Z</time>
      </trkpt>
      <trkpt lat="42.492109" lon="19.812380">
        <ele>1228.108917</ele>
        <time>2026-05-05T23:14:16.773Z</time>
      </trkpt>
      <trkpt lat="42.492152" lon="19.812530">
        <ele>1231.268341</ele>
        <time>2026-05-05T23:14:56.314Z</time>
      </trkpt>
      <trkpt lat="42.492125" lon="19.812707">
        <ele>1234.816682</ele>
        <time>2026-05-05T23:15:41.311Z</time>
      </trkpt>
      <trkpt lat="42.492140" lon="19.813125">
        <ele>1243.192384</ele>
        <time>2026-05-05T23:17:26.504Z</time>
      </trkpt>
      <trkpt lat="42.492109" lon="19.813329">
        <ele>1248.435280</ele>
        <time>2026-05-05T23:18:19.259Z</time>
      </trkpt>
      <trkpt lat="42.491974" lon="19.813404">
        <ele>1253.415448</ele>
        <time>2026-05-05T23:19:09.705Z</time>
      </trkpt>
      <trkpt lat="42.491966" lon="19.813882">
        <ele>1265.450553</ele>
        <time>2026-05-05T23:21:12.494Z</time>
      </trkpt>
      <trkpt lat="42.491895" lon="19.813957">
        <ele>1268.522759</ele>
        <time>2026-05-05T23:21:44.251Z</time>
      </trkpt>
      <trkpt lat="42.491875" lon="19.814043">
        <ele>1270.792627</ele>
        <time>2026-05-05T23:22:07.754Z</time>
      </trkpt>
      <trkpt lat="42.492014" lon="19.814440">
        <ele>1281.855066</ele>
        <time>2026-05-05T23:24:04.228Z</time>
      </trkpt>
      <trkpt lat="42.491998" lon="19.814729">
        <ele>1289.150118</ele>
        <time>2026-05-05T23:25:20.941Z</time>
      </trkpt>
      <trkpt lat="42.491919" lon="19.814949">
        <ele>1295.309615</ele>
        <time>2026-05-05T23:26:23.507Z</time>
      </trkpt>
      <trkpt lat="42.491907" lon="19.815314">
        <ele>1304.190743</ele>
        <time>2026-05-05T23:27:54.270Z</time>
      </trkpt>
      <trkpt lat="42.491844" lon="19.815351">
        <ele>1305.380619</ele>
        <time>2026-05-05T23:28:16.877Z</time>
      </trkpt>
      <trkpt lat="42.491800" lon="19.815459">
        <ele>1306.957498</ele>
        <time>2026-05-05T23:28:46.258Z</time>
      </trkpt>
      <trkpt lat="42.491698" lon="19.815598">
        <ele>1309.463642</ele>
        <time>2026-05-05T23:29:31.506Z</time>
      </trkpt>
      <trkpt lat="42.491698" lon="19.815786">
        <ele>1311.866252</ele>
        <time>2026-05-05T23:30:12.381Z</time>
      </trkpt>
      <trkpt lat="42.491812" lon="19.815899">
        <ele>1314.313546</ele>
        <time>2026-05-05T23:30:51.932Z</time>
      </trkpt>
      <trkpt lat="42.491804" lon="19.815995">
        <ele>1315.548218</ele>
        <time>2026-05-05T23:31:11.088Z</time>
      </trkpt>
      <trkpt lat="42.491515" lon="19.816113">
        <ele>1320.779119</ele>
        <time>2026-05-05T23:32:20.427Z</time>
      </trkpt>
      <trkpt lat="42.491452" lon="19.816081">
        <ele>1321.945079</ele>
        <time>2026-05-05T23:32:33.508Z</time>
      </trkpt>
      <trkpt lat="42.491425" lon="19.815807">
        <ele>1325.477899</ele>
        <time>2026-05-05T23:33:08.978Z</time>
      </trkpt>
      <trkpt lat="42.491385" lon="19.815807">
        <ele>1326.171160</ele>
        <time>2026-05-05T23:33:15.365Z</time>
      </trkpt>
      <trkpt lat="42.491254" lon="19.815963">
        <ele>1329.192676</ele>
        <time>2026-05-05T23:33:41.771Z</time>
      </trkpt>
      <trkpt lat="42.491152" lon="19.815765">
        <ele>1332.279461</ele>
        <time>2026-05-05T23:34:06.796Z</time>
      </trkpt>
      <trkpt lat="42.490997" lon="19.815817">
        <ele>1335.040285</ele>
        <time>2026-05-05T23:34:27.601Z</time>
      </trkpt>
      <trkpt lat="42.490902" lon="19.815783">
        <ele>1335.410231</ele>
        <time>2026-05-05T23:34:42.966Z</time>
      </trkpt>
      <trkpt lat="42.490691" lon="19.815612">
        <ele>1336.335754</ele>
        <time>2026-05-05T23:35:20.023Z</time>
      </trkpt>
      <trkpt lat="42.490329" lon="19.815026">
        <ele>1338.458250</ele>
        <time>2026-05-05T23:36:47.614Z</time>
      </trkpt>
      <trkpt lat="42.490156" lon="19.814974">
        <ele>1339.125448</ele>
        <time>2026-05-05T23:37:14.908Z</time>
      </trkpt>
      <trkpt lat="42.490039" lon="19.814957">
        <ele>1339.568505</ele>
        <time>2026-05-05T23:37:33.085Z</time>
      </trkpt>
      <trkpt lat="42.489992" lon="19.814981">
        <ele>1339.757602</ele>
        <time>2026-05-05T23:37:41.374Z</time>
      </trkpt>
      <trkpt lat="42.489838" lon="19.815136">
        <ele>1340.479705</ele>
        <time>2026-05-05T23:38:15.583Z</time>
      </trkpt>
      <trkpt lat="42.489504" lon="19.815362">
        <ele>1342.093993</ele>
        <time>2026-05-05T23:39:30.538Z</time>
      </trkpt>
      <trkpt lat="42.489442" lon="19.815404">
        <ele>1343.088154</ele>
        <time>2026-05-05T23:39:45.751Z</time>
      </trkpt>
      <trkpt lat="42.489385" lon="19.815419">
        <ele>1343.921054</ele>
        <time>2026-05-05T23:39:56.430Z</time>
      </trkpt>
      <trkpt lat="42.489284" lon="19.815261">
        <ele>1346.132908</ele>
        <time>2026-05-05T23:40:26.190Z</time>
      </trkpt>
      <trkpt lat="42.489168" lon="19.815224">
        <ele>1347.842301</ele>
        <time>2026-05-05T23:40:50.427Z</time>
      </trkpt>
      <trkpt lat="42.488960" lon="19.815068">
        <ele>1351.251911</ele>
        <time>2026-05-05T23:41:40.589Z</time>
      </trkpt>
      <trkpt lat="42.488497" lon="19.815111">
        <ele>1357.909064</ele>
        <time>2026-05-05T23:43:17.775Z</time>
      </trkpt>
      <trkpt lat="42.488202" lon="19.815200">
        <ele>1362.244210</ele>
        <time>2026-05-05T23:44:20.143Z</time>
      </trkpt>
      <trkpt lat="42.487959" lon="19.815414">
        <ele>1366.400515</ele>
        <time>2026-05-05T23:45:16.125Z</time>
      </trkpt>
      <trkpt lat="42.487741" lon="19.815473">
        <ele>1369.932010</ele>
        <time>2026-05-05T23:45:55.503Z</time>
      </trkpt>
      <trkpt lat="42.487474" lon="19.815787">
        <ele>1375.880219</ele>
        <time>2026-05-05T23:47:00.588Z</time>
      </trkpt>
      <trkpt lat="42.487233" lon="19.815975">
        <ele>1380.559607</ele>
        <time>2026-05-05T23:47:54.109Z</time>
      </trkpt>
      <trkpt lat="42.487152" lon="19.815988">
        <ele>1381.932390</ele>
        <time>2026-05-05T23:48:10.130Z</time>
      </trkpt>
      <trkpt lat="42.487085" lon="19.816160">
        <ele>1384.346660</ele>
        <time>2026-05-05T23:48:39.412Z</time>
      </trkpt>
      <trkpt lat="42.486944" lon="19.816316">
        <ele>1387.409392</ele>
        <time>2026-05-05T23:49:17.355Z</time>
      </trkpt>
      <trkpt lat="42.486280" lon="19.816324">
        <ele>1399.227192</ele>
        <time>2026-05-05T23:51:43.507Z</time>
      </trkpt>
      <trkpt lat="42.486007" lon="19.816565">
        <ele>1409.727295</ele>
        <time>2026-05-05T23:53:14.796Z</time>
      </trkpt>
      <trkpt lat="42.485896" lon="19.816806">
        <ele>1416.481461</ele>
        <time>2026-05-05T23:54:18.670Z</time>
      </trkpt>
      <trkpt lat="42.485868" lon="19.817249">
        <ele>1427.050320</ele>
        <time>2026-05-05T23:56:04.252Z</time>
      </trkpt>
      <trkpt lat="42.485753" lon="19.817184">
        <ele>1431.066278</ele>
        <time>2026-05-05T23:56:46.207Z</time>
      </trkpt>
      <trkpt lat="42.485604" lon="19.817023">
        <ele>1437.207357</ele>
        <time>2026-05-05T23:57:51.611Z</time>
      </trkpt>
      <trkpt lat="42.485492" lon="19.816951">
        <ele>1441.202636</ele>
        <time>2026-05-05T23:58:35.423Z</time>
      </trkpt>
      <trkpt lat="42.485440" lon="19.816885">
        <ele>1443.498443</ele>
        <time>2026-05-05T23:59:01.074Z</time>
      </trkpt>
      <trkpt lat="42.485398" lon="19.816761">
        <ele>1446.742019</ele>
        <time>2026-05-05T23:59:37.217Z</time>
      </trkpt>
      <trkpt lat="42.485336" lon="19.816748">
        <ele>1448.764240</ele>
        <time>2026-05-06T00:00:00.682Z</time>
      </trkpt>
      <trkpt lat="42.485097" lon="19.816963">
        <ele>1458.724971</ele>
        <time>2026-05-06T00:01:53.252Z</time>
      </trkpt>
      <trkpt lat="42.485048" lon="19.816947">
        <ele>1460.890780</ele>
        <time>2026-05-06T00:02:14.199Z</time>
      </trkpt>
      <trkpt lat="42.484995" lon="19.816885">
        <ele>1463.898661</ele>
        <time>2026-05-06T00:02:44.098Z</time>
      </trkpt>
      <trkpt lat="42.484731" lon="19.816799">
        <ele>1475.565998</ele>
        <time>2026-05-06T00:04:44.073Z</time>
      </trkpt>
      <trkpt lat="42.484659" lon="19.816977">
        <ele>1481.999613</ele>
        <time>2026-05-06T00:05:49.567Z</time>
      </trkpt>
      <trkpt lat="42.484498" lon="19.816867">
        <ele>1489.746659</ele>
        <time>2026-05-06T00:07:07.515Z</time>
      </trkpt>
      <trkpt lat="42.484261" lon="19.816771">
        <ele>1500.375671</ele>
        <time>2026-05-06T00:08:53.798Z</time>
      </trkpt>
      <trkpt lat="42.484144" lon="19.816758">
        <ele>1505.420230</ele>
        <time>2026-05-06T00:09:43.360Z</time>
      </trkpt>
      <trkpt lat="42.483894" lon="19.816827">
        <ele>1516.383472</ele>
        <time>2026-05-06T00:11:29.200Z</time>
      </trkpt>
      <trkpt lat="42.483628" lon="19.816829">
        <ele>1527.814164</ele>
        <time>2026-05-06T00:13:14.103Z</time>
      </trkpt>
      <trkpt lat="42.483193" lon="19.816909">
        <ele>1542.159690</ele>
        <time>2026-05-06T00:15:53.544Z</time>
      </trkpt>
      <trkpt lat="42.482795" lon="19.816869">
        <ele>1553.580846</ele>
        <time>2026-05-06T00:18:03.180Z</time>
      </trkpt>
      <trkpt lat="42.482554" lon="19.816905">
        <ele>1560.519477</ele>
        <time>2026-05-06T00:19:14.424Z</time>
      </trkpt>
      <trkpt lat="42.482044" lon="19.816762">
        <ele>1575.423371</ele>
        <time>2026-05-06T00:21:36.011Z</time>
      </trkpt>
      <trkpt lat="42.481818" lon="19.816855">
        <ele>1582.182288</ele>
        <time>2026-05-06T00:22:35.347Z</time>
      </trkpt>
      <trkpt lat="42.481602" lon="19.816873">
        <ele>1587.533966</ele>
        <time>2026-05-06T00:23:27.449Z</time>
      </trkpt>
      <trkpt lat="42.481305" lon="19.816750">
        <ele>1594.427348</ele>
        <time>2026-05-06T00:24:41.382Z</time>
      </trkpt>
      <trkpt lat="42.481088" lon="19.816726">
        <ele>1599.260258</ele>
        <time>2026-05-06T00:25:33.226Z</time>
      </trkpt>
      <trkpt lat="42.481004" lon="19.816740">
        <ele>1601.138902</ele>
        <time>2026-05-06T00:25:53.689Z</time>
      </trkpt>
      <trkpt lat="42.480670" lon="19.816911">
        <ele>1609.063858</ele>
        <time>2026-05-06T00:27:21.504Z</time>
      </trkpt>
      <trkpt lat="42.480617" lon="19.816963">
        <ele>1610.516030</ele>
        <time>2026-05-06T00:27:38.040Z</time>
      </trkpt>
      <trkpt lat="42.480596" lon="19.817077">
        <ele>1612.439657</ele>
        <time>2026-05-06T00:28:00.161Z</time>
      </trkpt>
      <trkpt lat="42.480457" lon="19.817166">
        <ele>1615.851861</ele>
        <time>2026-05-06T00:28:39.981Z</time>
      </trkpt>
      <trkpt lat="42.480185" lon="19.817454">
        <ele>1623.512463</ele>
        <time>2026-05-06T00:30:11.896Z</time>
      </trkpt>
      <trkpt lat="42.479965" lon="19.817529">
        <ele>1629.955395</ele>
        <time>2026-05-06T00:31:14.286Z</time>
      </trkpt>
      <trkpt lat="42.479842" lon="19.817493">
        <ele>1633.732042</ele>
        <time>2026-05-06T00:31:49.864Z</time>
      </trkpt>
      <trkpt lat="42.479645" lon="19.817284">
        <ele>1641.239442</ele>
        <time>2026-05-06T00:33:03.118Z</time>
      </trkpt>
      <trkpt lat="42.479466" lon="19.817208">
        <ele>1646.869034</ele>
        <time>2026-05-06T00:34:00.867Z</time>
      </trkpt>
      <trkpt lat="42.479419" lon="19.817091">
        <ele>1649.818114</ele>
        <time>2026-05-06T00:34:31.763Z</time>
      </trkpt>
      <trkpt lat="42.479399" lon="19.816839">
        <ele>1655.428419</ele>
        <time>2026-05-06T00:35:32.076Z</time>
      </trkpt>
      <trkpt lat="42.479360" lon="19.816831">
        <ele>1656.612252</ele>
        <time>2026-05-06T00:35:45.410Z</time>
      </trkpt>
      <trkpt lat="42.479303" lon="19.816875">
        <ele>1658.580820</ele>
        <time>2026-05-06T00:36:06.945Z</time>
      </trkpt>
      <trkpt lat="42.479253" lon="19.816841">
        <ele>1660.259626</ele>
        <time>2026-05-06T00:36:25.730Z</time>
      </trkpt>
      <trkpt lat="42.479183" lon="19.816720">
        <ele>1663.663683</ele>
        <time>2026-05-06T00:37:03.739Z</time>
      </trkpt>
      <trkpt lat="42.479166" lon="19.816538">
        <ele>1667.724508</ele>
        <time>2026-05-06T00:37:50.176Z</time>
      </trkpt>
      <trkpt lat="42.479092" lon="19.816506">
        <ele>1670.055702</ele>
        <time>2026-05-06T00:38:17.011Z</time>
      </trkpt>
      <trkpt lat="42.478999" lon="19.816520">
        <ele>1672.864078</ele>
        <time>2026-05-06T00:38:49.338Z</time>
      </trkpt>
      <trkpt lat="42.478879" lon="19.816442">
        <ele>1676.858127</ele>
        <time>2026-05-06T00:39:35.435Z</time>
      </trkpt>
      <trkpt lat="42.478771" lon="19.816412">
        <ele>1680.046220</ele>
        <time>2026-05-06T00:40:13.429Z</time>
      </trkpt>
      <trkpt lat="42.478552" lon="19.816419">
        <ele>1686.135279</ele>
        <time>2026-05-06T00:41:28.007Z</time>
      </trkpt>
      <trkpt lat="42.478338" lon="19.816361">
        <ele>1692.201341</ele>
        <time>2026-05-06T00:42:41.363Z</time>
      </trkpt>
      <trkpt lat="42.478015" lon="19.816409">
        <ele>1701.233279</ele>
        <time>2026-05-06T00:44:25.427Z</time>
      </trkpt>
      <trkpt lat="42.477798" lon="19.816341">
        <ele>1707.424053</ele>
        <time>2026-05-06T00:45:32.598Z</time>
      </trkpt>
      <trkpt lat="42.477602" lon="19.816157">
        <ele>1714.050547</ele>
        <time>2026-05-06T00:46:39.921Z</time>
      </trkpt>
      <trkpt lat="42.477389" lon="19.816014">
        <ele>1720.657197</ele>
        <time>2026-05-06T00:47:42.466Z</time>
      </trkpt>
      <trkpt lat="42.477299" lon="19.816014">
        <ele>1723.158855</ele>
        <time>2026-05-06T00:48:05.432Z</time>
      </trkpt>
      <trkpt lat="42.477162" lon="19.815974">
        <ele>1727.054228</ele>
        <time>2026-05-06T00:48:40.076Z</time>
      </trkpt>
      <trkpt lat="42.477088" lon="19.815952">
        <ele>1728.898067</ele>
        <time>2026-05-06T00:48:58.346Z</time>
      </trkpt>
      <trkpt lat="42.476805" lon="19.815800">
        <ele>1733.847172</ele>
        <time>2026-05-06T00:50:09.053Z</time>
      </trkpt>
      <trkpt lat="42.476344" lon="19.815698">
        <ele>1741.441606</ele>
        <time>2026-05-06T00:51:52.193Z</time>
      </trkpt>
      <trkpt lat="42.475582" lon="19.815647">
        <ele>1753.845864</ele>
        <time>2026-05-06T00:54:24.808Z</time>
      </trkpt>
      <trkpt lat="42.475299" lon="19.815521">
        <ele>1758.217590</ele>
        <time>2026-05-06T00:55:16.599Z</time>
      </trkpt>
      <trkpt lat="42.475196" lon="19.815461">
        <ele>1759.102786</ele>
        <time>2026-05-06T00:55:35.174Z</time>
      </trkpt>
      <trkpt lat="42.475018" lon="19.815264">
        <ele>1760.917126</ele>
        <time>2026-05-06T00:56:11.751Z</time>
      </trkpt>
      <trkpt lat="42.474755" lon="19.815066">
        <ele>1763.292501</ele>
        <time>2026-05-06T00:56:57.329Z</time>
      </trkpt>
      <trkpt lat="42.474369" lon="19.814617">
        <ele>1767.308468</ele>
        <time>2026-05-06T00:58:10.033Z</time>
      </trkpt>
      <trkpt lat="42.473986" lon="19.814276">
        <ele>1770.926506</ele>
        <time>2026-05-06T00:59:15.799Z</time>
      </trkpt>
      <trkpt lat="42.473714" lon="19.813953">
        <ele>1772.945323</ele>
        <time>2026-05-06T01:00:09.967Z</time>
      </trkpt>
      <trkpt lat="42.473461" lon="19.813772">
        <ele>1774.158499</ele>
        <time>2026-05-06T01:00:53.954Z</time>
      </trkpt>
      <trkpt lat="42.473289" lon="19.813604">
        <ele>1775.057528</ele>
        <time>2026-05-06T01:01:27.246Z</time>
      </trkpt>
      <trkpt lat="42.473061" lon="19.813500">
        <ele>1776.077721</ele>
        <time>2026-05-06T01:02:04.213Z</time>
      </trkpt>
      <trkpt lat="42.472291" lon="19.813253">
        <ele>1779.433404</ele>
        <time>2026-05-06T01:03:48.332Z</time>
      </trkpt>
      <trkpt lat="42.471950" lon="19.813183">
        <ele>1777.645214</ele>
        <time>2026-05-06T01:04:33.709Z</time>
      </trkpt>
      <trkpt lat="42.471495" lon="19.813004">
        <ele>1774.603287</ele>
        <time>2026-05-06T01:05:39.846Z</time>
      </trkpt>
      <trkpt lat="42.471223" lon="19.812914">
        <ele>1772.805597</ele>
        <time>2026-05-06T01:06:29.954Z</time>
      </trkpt>
      <trkpt lat="42.470785" lon="19.812928">
        <ele>1769.992554</ele>
        <time>2026-05-06T01:07:48.586Z</time>
      </trkpt>
      <trkpt lat="42.470505" lon="19.813022">
        <ele>1768.140460</ele>
        <time>2026-05-06T01:08:38.269Z</time>
      </trkpt>
      <trkpt lat="42.470211" lon="19.813203">
        <ele>1767.823758</ele>
        <time>2026-05-06T01:09:31.133Z</time>
      </trkpt>
      <trkpt lat="42.469971" lon="19.813395">
        <ele>1767.616071</ele>
        <time>2026-05-06T01:10:14.976Z</time>
      </trkpt>
      <trkpt lat="42.469866" lon="19.813439">
        <ele>1767.534164</ele>
        <time>2026-05-06T01:10:31.898Z</time>
      </trkpt>
      <trkpt lat="42.469608" lon="19.813482">
        <ele>1767.340435</ele>
        <time>2026-05-06T01:11:11.118Z</time>
      </trkpt>
      <trkpt lat="42.469484" lon="19.813547">
        <ele>1767.241353</ele>
        <time>2026-05-06T01:11:31.437Z</time>
      </trkpt>
      <trkpt lat="42.469379" lon="19.813567">
        <ele>1767.162331</ele>
        <time>2026-05-06T01:11:48.021Z</time>
      </trkpt>
      <trkpt lat="42.469128" lon="19.813762">
        <ele>1766.946727</ele>
        <time>2026-05-06T01:12:33.964Z</time>
      </trkpt>
      <trkpt lat="42.468921" lon="19.813825">
        <ele>1766.788615</ele>
        <time>2026-05-06T01:13:08.377Z</time>
      </trkpt>
      <trkpt lat="42.468628" lon="19.814049">
        <ele>1768.051248</ele>
        <time>2026-05-06T01:14:05.037Z</time>
      </trkpt>
      <trkpt lat="42.468433" lon="19.814115">
        <ele>1769.189338</ele>
        <time>2026-05-06T01:14:40.985Z</time>
      </trkpt>
      <trkpt lat="42.468358" lon="19.814170">
        <ele>1769.672184</ele>
        <time>2026-05-06T01:14:56.548Z</time>
      </trkpt>
      <trkpt lat="42.468133" lon="19.814217">
        <ele>1770.961293</ele>
        <time>2026-05-06T01:15:37.490Z</time>
      </trkpt>
      <trkpt lat="42.467906" lon="19.814398">
        <ele>1772.452547</ele>
        <time>2026-05-06T01:16:25.085Z</time>
      </trkpt>
      <trkpt lat="42.467809" lon="19.814421">
        <ele>1773.010153</ele>
        <time>2026-05-06T01:16:43.269Z</time>
      </trkpt>
      <trkpt lat="42.467624" lon="19.814585">
        <ele>1774.261821</ele>
        <time>2026-05-06T01:17:23.782Z</time>
      </trkpt>
      <trkpt lat="42.467532" lon="19.814629">
        <ele>1774.814245</ele>
        <time>2026-05-06T01:17:42.035Z</time>
      </trkpt>
      <trkpt lat="42.467409" lon="19.814575">
        <ele>1775.546351</ele>
        <time>2026-05-06T01:18:05.946Z</time>
      </trkpt>
      <trkpt lat="42.467347" lon="19.814476">
        <ele>1776.088809</ele>
        <time>2026-05-06T01:18:23.546Z</time>
      </trkpt>
      <trkpt lat="42.467301" lon="19.814457">
        <ele>1776.361108</ele>
        <time>2026-05-06T01:18:32.696Z</time>
      </trkpt>
      <trkpt lat="42.467236" lon="19.814430">
        <ele>1776.746065</ele>
        <time>2026-05-06T01:18:45.241Z</time>
      </trkpt>
      <trkpt lat="42.467192" lon="19.814381">
        <ele>1777.142199</ele>
        <time>2026-05-06T01:18:55.893Z</time>
      </trkpt>
      <trkpt lat="42.467165" lon="19.814205">
        <ele>1778.219209</ele>
        <time>2026-05-06T01:19:20.591Z</time>
      </trkpt>
      <trkpt lat="42.467121" lon="19.814146">
        <ele>1778.721857</ele>
        <time>2026-05-06T01:19:32.290Z</time>
      </trkpt>
      <trkpt lat="42.467016" lon="19.814118">
        <ele>1779.590993</ele>
        <time>2026-05-06T01:19:52.262Z</time>
      </trkpt>
      <trkpt lat="42.466887" lon="19.813921">
        <ele>1781.169202</ele>
        <time>2026-05-06T01:20:29.044Z</time>
      </trkpt>
      <trkpt lat="42.466849" lon="19.813897">
        <ele>1781.509683</ele>
        <time>2026-05-06T01:20:36.805Z</time>
      </trkpt>
      <trkpt lat="42.466669" lon="19.813933">
        <ele>1782.987438</ele>
        <time>2026-05-06T01:21:10.114Z</time>
      </trkpt>
      <trkpt lat="42.466608" lon="19.813900">
        <ele>1783.520864</ele>
        <time>2026-05-06T01:21:21.881Z</time>
      </trkpt>
      <trkpt lat="42.466222" lon="19.813496">
        <ele>1787.481555</ele>
        <time>2026-05-06T01:22:52.960Z</time>
      </trkpt>
      <trkpt lat="42.466158" lon="19.813306">
        <ele>1788.732960</ele>
        <time>2026-05-06T01:23:23.238Z</time>
      </trkpt>
      <trkpt lat="42.466027" lon="19.813213">
        <ele>1789.933990</ele>
        <time>2026-05-06T01:23:52.873Z</time>
      </trkpt>
      <trkpt lat="42.465887" lon="19.813042">
        <ele>1791.464521</ele>
        <time>2026-05-06T01:24:31.249Z</time>
      </trkpt>
      <trkpt lat="42.465874" lon="19.812865">
        <ele>1792.851965</ele>
        <time>2026-05-06T01:24:58.563Z</time>
      </trkpt>
      <trkpt lat="42.465665" lon="19.812405">
        <ele>1797.106663</ele>
        <time>2026-05-06T01:26:24.738Z</time>
      </trkpt>
      <trkpt lat="42.465629" lon="19.812096">
        <ele>1799.570335</ele>
        <time>2026-05-06T01:27:15.622Z</time>
      </trkpt>
      <trkpt lat="42.465619" lon="19.811881">
        <ele>1801.266916</ele>
        <time>2026-05-06T01:27:50.792Z</time>
      </trkpt>
      <trkpt lat="42.465678" lon="19.811414">
        <ele>1804.998292</ele>
        <time>2026-05-06T01:29:08.152Z</time>
      </trkpt>
      <trkpt lat="42.465731" lon="19.811226">
        <ele>1806.583307</ele>
        <time>2026-05-06T01:29:39.197Z</time>
      </trkpt>
      <trkpt lat="42.465759" lon="19.811018">
        <ele>1808.248446</ele>
        <time>2026-05-06T01:30:10.515Z</time>
      </trkpt>
      <trkpt lat="42.465885" lon="19.810705">
        <ele>1810.823549</ele>
        <time>2026-05-06T01:31:01.375Z</time>
      </trkpt>
      <trkpt lat="42.465878" lon="19.810640">
        <ele>1810.993752</ele>
        <time>2026-05-06T01:31:10.398Z</time>
      </trkpt>
      <trkpt lat="42.465754" lon="19.810447">
        <ele>1811.656904</ele>
        <time>2026-05-06T01:31:44.721Z</time>
      </trkpt>
      <trkpt lat="42.465688" lon="19.810269">
        <ele>1812.173096</ele>
        <time>2026-05-06T01:32:10.665Z</time>
      </trkpt>
      <trkpt lat="42.465486" lon="19.810126">
        <ele>1812.973529</ele>
        <time>2026-05-06T01:32:49.888Z</time>
      </trkpt>
      <trkpt lat="42.465147" lon="19.809808">
        <ele>1814.421533</ele>
        <time>2026-05-06T01:33:57.879Z</time>
      </trkpt>
      <trkpt lat="42.464990" lon="19.809721">
        <ele>1815.017280</ele>
        <time>2026-05-06T01:34:25.365Z</time>
      </trkpt>
      <trkpt lat="42.464692" lon="19.809448">
        <ele>1816.280594</ele>
        <time>2026-05-06T01:35:22.779Z</time>
      </trkpt>
      <trkpt lat="42.464582" lon="19.809394">
        <ele>1816.691517</ele>
        <time>2026-05-06T01:35:40.838Z</time>
      </trkpt>
      <trkpt lat="42.464484" lon="19.809259">
        <ele>1816.874483</ele>
        <time>2026-05-06T01:36:01.931Z</time>
      </trkpt>
      <trkpt lat="42.464340" lon="19.809128">
        <ele>1816.277002</ele>
        <time>2026-05-06T01:36:28.000Z</time>
      </trkpt>
      <trkpt lat="42.464214" lon="19.808911">
        <ele>1815.575134</ele>
        <time>2026-05-06T01:36:58.885Z</time>
      </trkpt>
      <trkpt lat="42.464111" lon="19.808652">
        <ele>1814.827311</ele>
        <time>2026-05-06T01:37:32.267Z</time>
      </trkpt>
      <trkpt lat="42.464125" lon="19.808494">
        <ele>1814.422857</ele>
        <time>2026-05-06T01:37:50.570Z</time>
      </trkpt>
      <trkpt lat="42.464096" lon="19.808450">
        <ele>1814.272896</ele>
        <time>2026-05-06T01:37:57.479Z</time>
      </trkpt>
      <trkpt lat="42.463862" lon="19.808297">
        <ele>1813.377823</ele>
        <time>2026-05-06T01:38:39.134Z</time>
      </trkpt>
      <trkpt lat="42.463738" lon="19.808101">
        <ele>1812.721574</ele>
        <time>2026-05-06T01:39:10.286Z</time>
      </trkpt>
      <trkpt lat="42.463654" lon="19.808019">
        <ele>1812.364939</ele>
        <time>2026-05-06T01:39:27.574Z</time>
      </trkpt>
      <trkpt lat="42.463561" lon="19.807954">
        <ele>1812.004448</ele>
        <time>2026-05-06T01:39:45.168Z</time>
      </trkpt>
      <trkpt lat="42.463404" lon="19.807915">
        <ele>1811.454535</ele>
        <time>2026-05-06T01:40:12.521Z</time>
      </trkpt>
      <trkpt lat="42.463284" lon="19.807827">
        <ele>1810.984483</ele>
        <time>2026-05-06T01:40:36.279Z</time>
      </trkpt>
      <trkpt lat="42.463166" lon="19.807826">
        <ele>1810.386476</ele>
        <time>2026-05-06T01:40:57.074Z</time>
      </trkpt>
      <trkpt lat="42.463055" lon="19.807768">
        <ele>1809.665448</ele>
        <time>2026-05-06T01:41:18.034Z</time>
      </trkpt>
      <trkpt lat="42.462872" lon="19.807786">
        <ele>1808.553361</ele>
        <time>2026-05-06T01:41:50.552Z</time>
      </trkpt>
      <trkpt lat="42.462821" lon="19.807740">
        <ele>1808.182072</ele>
        <time>2026-05-06T01:42:01.368Z</time>
      </trkpt>
      <trkpt lat="42.462619" lon="19.807474">
        <ele>1806.475146</ele>
        <time>2026-05-06T01:42:50.823Z</time>
      </trkpt>
      <trkpt lat="42.462475" lon="19.807376">
        <ele>1805.498533</ele>
        <time>2026-05-06T01:43:18.942Z</time>
      </trkpt>
      <trkpt lat="42.462430" lon="19.807316">
        <ele>1805.115955</ele>
        <time>2026-05-06T01:43:29.968Z</time>
      </trkpt>
      <trkpt lat="42.462298" lon="19.806909">
        <ele>1803.128012</ele>
        <time>2026-05-06T01:44:25.752Z</time>
      </trkpt>
      <trkpt lat="42.461931" lon="19.806320">
        <ele>1800.098704</ele>
        <time>2026-05-06T01:45:57.704Z</time>
      </trkpt>
      <trkpt lat="42.461718" lon="19.806060">
        <ele>1801.292488</ele>
        <time>2026-05-06T01:46:41.640Z</time>
      </trkpt>
      <trkpt lat="42.461358" lon="19.805776">
        <ele>1803.027258</ele>
        <time>2026-05-06T01:47:47.616Z</time>
      </trkpt>
      <trkpt lat="42.461119" lon="19.805587">
        <ele>1804.179658</ele>
        <time>2026-05-06T01:48:34.899Z</time>
      </trkpt>
      <trkpt lat="42.460889" lon="19.805305">
        <ele>1805.471299</ele>
        <time>2026-05-06T01:49:30.910Z</time>
      </trkpt>
      <trkpt lat="42.460645" lon="19.805163">
        <ele>1806.577217</ele>
        <time>2026-05-06T01:50:21.418Z</time>
      </trkpt>
      <trkpt lat="42.460560" lon="19.805041">
        <ele>1807.092811</ele>
        <time>2026-05-06T01:50:45.695Z</time>
      </trkpt>
      <trkpt lat="42.460456" lon="19.804248">
        <ele>1816.959433</ele>
        <time>2026-05-06T01:52:55.434Z</time>
      </trkpt>
      <trkpt lat="42.460319" lon="19.803725">
        <ele>1824.532706</ele>
        <time>2026-05-06T01:54:45.141Z</time>
      </trkpt>
      <trkpt lat="42.460309" lon="19.803603">
        <ele>1826.207738</ele>
        <time>2026-05-06T01:55:11.574Z</time>
      </trkpt>
      <trkpt lat="42.460201" lon="19.803307">
        <ele>1830.713885</ele>
        <time>2026-05-06T01:56:26.549Z</time>
      </trkpt>
      <trkpt lat="42.460073" lon="19.803033">
        <ele>1835.139402</ele>
        <time>2026-05-06T01:57:45.494Z</time>
      </trkpt>
      <trkpt lat="42.459795" lon="19.802672">
        <ele>1843.235475</ele>
        <time>2026-05-06T02:00:00.825Z</time>
      </trkpt>
      <trkpt lat="42.459735" lon="19.802408">
        <ele>1849.343329</ele>
        <time>2026-05-06T02:01:15.444Z</time>
      </trkpt>
      <trkpt lat="42.459588" lon="19.802110">
        <ele>1857.269431</ele>
        <time>2026-05-06T02:02:56.201Z</time>
      </trkpt>
      <trkpt lat="42.459488" lon="19.801987">
        <ele>1861.316430</ele>
        <time>2026-05-06T02:03:49.129Z</time>
      </trkpt>
      <trkpt lat="42.459297" lon="19.801876">
        <ele>1867.544652</ele>
        <time>2026-05-06T02:05:11.953Z</time>
      </trkpt>
      <trkpt lat="42.459139" lon="19.801515">
        <ele>1876.825492</ele>
        <time>2026-05-06T02:07:18.365Z</time>
      </trkpt>
      <trkpt lat="42.459068" lon="19.801418">
        <ele>1879.846703</ele>
        <time>2026-05-06T02:08:00.224Z</time>
      </trkpt>
      <trkpt lat="42.458301" lon="19.800690">
        <ele>1906.715895</ele>
        <time>2026-05-06T02:14:26.936Z</time>
      </trkpt>
      <trkpt lat="42.458094" lon="19.800549">
        <ele>1913.036769</ele>
        <time>2026-05-06T02:15:57.965Z</time>
      </trkpt>
      <trkpt lat="42.458020" lon="19.800532">
        <ele>1915.084588</ele>
        <time>2026-05-06T02:16:26.635Z</time>
      </trkpt>
      <trkpt lat="42.457885" lon="19.800557">
        <ele>1918.802163</ele>
        <time>2026-05-06T02:17:18.175Z</time>
      </trkpt>
      <trkpt lat="42.457772" lon="19.800510">
        <ele>1922.027164</ele>
        <time>2026-05-06T02:18:01.613Z</time>
      </trkpt>
      <trkpt lat="42.457405" lon="19.800595">
        <ele>1932.185571</ele>
        <time>2026-05-06T02:20:11.922Z</time>
      </trkpt>
      <trkpt lat="42.457264" lon="19.800537">
        <ele>1936.205893</ele>
        <time>2026-05-06T02:21:01.125Z</time>
      </trkpt>
      <trkpt lat="42.456971" lon="19.800510">
        <ele>1943.982985</ele>
        <time>2026-05-06T02:22:34.469Z</time>
      </trkpt>
      <trkpt lat="42.456670" lon="19.800386">
        <ele>1948.892817</ele>
        <time>2026-05-06T02:24:09.505Z</time>
      </trkpt>
      <trkpt lat="42.456587" lon="19.800403">
        <ele>1950.202887</ele>
        <time>2026-05-06T02:24:34.393Z</time>
      </trkpt>
      <trkpt lat="42.456271" lon="19.800141">
        <ele>1955.984172</ele>
        <time>2026-05-06T02:26:19.828Z</time>
      </trkpt>
      <trkpt lat="42.455865" lon="19.799914">
        <ele>1962.838473</ele>
        <time>2026-05-06T02:28:09.275Z</time>
      </trkpt>
      <trkpt lat="42.455715" lon="19.799780">
        <ele>1965.642240</ele>
        <time>2026-05-06T02:28:49.704Z</time>
      </trkpt>
      <trkpt lat="42.455613" lon="19.799743">
        <ele>1967.290158</ele>
        <time>2026-05-06T02:29:12.515Z</time>
      </trkpt>
      <trkpt lat="42.455532" lon="19.799664">
        <ele>1968.847578</ele>
        <time>2026-05-06T02:29:33.409Z</time>
      </trkpt>
      <trkpt lat="42.455643" lon="19.799633">
        <ele>1970.616325</ele>
        <time>2026-05-06T02:29:55.681Z</time>
      </trkpt>
      <trkpt lat="42.455935" lon="19.799708">
        <ele>1972.618925</ele>
        <time>2026-05-06T02:30:52.256Z</time>
      </trkpt>
      <trkpt lat="42.456091" lon="19.799527">
        <ele>1973.420983</ele>
        <time>2026-05-06T02:31:28.797Z</time>
      </trkpt>
      <trkpt lat="42.456283" lon="19.799423">
        <ele>1974.228561</ele>
        <time>2026-05-06T02:32:02.672Z</time>
      </trkpt>
      <trkpt lat="42.456378" lon="19.799341">
        <ele>1974.668462</ele>
        <time>2026-05-06T02:32:20.440Z</time>
      </trkpt>
      <trkpt lat="42.456579" lon="19.799391">
        <ele>1975.466637</ele>
        <time>2026-05-06T02:32:51.554Z</time>
      </trkpt>
      <trkpt lat="42.456793" lon="19.799352">
        <ele>1976.309996</ele>
        <time>2026-05-06T02:33:24.504Z</time>
      </trkpt>
      <trkpt lat="42.456968" lon="19.799412">
        <ele>1977.015037</ele>
        <time>2026-05-06T02:33:51.852Z</time>
      </trkpt>
      <trkpt lat="42.457159" lon="19.799357">
        <ele>1977.777692</ele>
        <time>2026-05-06T02:34:22.394Z</time>
      </trkpt>
      <trkpt lat="42.457392" lon="19.799410">
        <ele>1978.700466</ele>
        <time>2026-05-06T02:35:01.719Z</time>
      </trkpt>
      <trkpt lat="42.457394" lon="19.799340">
        <ele>1979.283740</ele>
        <time>2026-05-06T02:35:10.674Z</time>
      </trkpt>
      <trkpt lat="42.457526" lon="19.799321">
        <ele>1981.234289</ele>
        <time>2026-05-06T02:35:34.756Z</time>
      </trkpt>
      <trkpt lat="42.457829" lon="19.799436">
        <ele>1985.857908</ele>
        <time>2026-05-06T02:36:34.953Z</time>
      </trkpt>
      <trkpt lat="42.457964" lon="19.799428">
        <ele>1987.843528</ele>
        <time>2026-05-06T02:37:02.622Z</time>
      </trkpt>
      <trkpt lat="42.458175" lon="19.799380">
        <ele>1990.987382</ele>
        <time>2026-05-06T02:37:50.819Z</time>
      </trkpt>
      <trkpt lat="42.458471" lon="19.799186">
        <ele>1995.818675</ele>
        <time>2026-05-06T02:39:15.558Z</time>
      </trkpt>
      <trkpt lat="42.458638" lon="19.799139">
        <ele>1998.324956</ele>
        <time>2026-05-06T02:40:04.568Z</time>
      </trkpt>
      <trkpt lat="42.458862" lon="19.798775">
        <ele>2003.463599</ele>
        <time>2026-05-06T02:41:53.380Z</time>
      </trkpt>
      <trkpt lat="42.458959" lon="19.798513">
        <ele>2008.016431</ele>
        <time>2026-05-06T02:43:07.731Z</time>
      </trkpt>
      <trkpt lat="42.458953" lon="19.798410">
        <ele>2010.200457</ele>
        <time>2026-05-06T02:43:35.646Z</time>
      </trkpt>
      <trkpt lat="42.458975" lon="19.798306">
        <ele>2012.487429</ele>
        <time>2026-05-06T02:44:03.948Z</time>
      </trkpt>
      <trkpt lat="42.459056" lon="19.798258">
        <ele>2015.020346</ele>
        <time>2026-05-06T02:44:35.587Z</time>
      </trkpt>
      <trkpt lat="42.459355" lon="19.798270">
        <ele>2023.591054</ele>
        <time>2026-05-06T02:46:24.920Z</time>
      </trkpt>
      <trkpt lat="42.459540" lon="19.798024">
        <ele>2031.016451</ele>
        <time>2026-05-06T02:48:04.097Z</time>
      </trkpt>
      <trkpt lat="42.459622" lon="19.797962">
        <ele>2033.706723</ele>
        <time>2026-05-06T02:48:40.674Z</time>
      </trkpt>
      <trkpt lat="42.459880" lon="19.798010">
        <ele>2041.168251</ele>
        <time>2026-05-06T02:50:25.466Z</time>
      </trkpt>
      <trkpt lat="42.460077" lon="19.798050">
        <ele>2046.875675</ele>
        <time>2026-05-06T02:51:46.063Z</time>
      </trkpt>
      <trkpt lat="42.460328" lon="19.798003">
        <ele>2054.135629</ele>
        <time>2026-05-06T02:53:31.125Z</time>
      </trkpt>
      <trkpt lat="42.460363" lon="19.797788">
        <ele>2057.950798</ele>
        <time>2026-05-06T02:54:38.992Z</time>
      </trkpt>
      <trkpt lat="42.460453" lon="19.797573">
        <ele>2061.049300</ele>
        <time>2026-05-06T02:55:54.048Z</time>
      </trkpt>
      <trkpt lat="42.460639" lon="19.797400">
        <ele>2064.881916</ele>
        <time>2026-05-06T02:57:25.366Z</time>
      </trkpt>
      <trkpt lat="42.461233" lon="19.797209">
        <ele>2075.254182</ele>
        <time>2026-05-06T03:01:02.634Z</time>
      </trkpt>
      <trkpt lat="42.461643" lon="19.797127">
        <ele>2082.295591</ele>
        <time>2026-05-06T03:02:32.053Z</time>
      </trkpt>
      <trkpt lat="42.461757" lon="19.796736">
        <ele>2086.808298</ele>
        <time>2026-05-06T03:03:20.604Z</time>
      </trkpt>
      <trkpt lat="42.461976" lon="19.796499">
        <ele>2078.567901</ele>
        <time>2026-05-06T03:04:14.082Z</time>
      </trkpt>
      <trkpt lat="42.462128" lon="19.796090">
        <ele>2068.633154</ele>
        <time>2026-05-06T03:05:38.672Z</time>
      </trkpt>
      <trkpt lat="42.462128" lon="19.795735">
        <ele>2060.932081</ele>
        <time>2026-05-06T03:06:56.438Z</time>
      </trkpt>
      <trkpt lat="42.462204" lon="19.795314">
        <ele>2051.529808</ele>
        <time>2026-05-06T03:08:42.140Z</time>
      </trkpt>
      <trkpt lat="42.462159" lon="19.794914">
        <ele>2042.752235</ele>
        <time>2026-05-06T03:10:28.358Z</time>
      </trkpt>
      <trkpt lat="42.461998" lon="19.794589">
        <ele>2034.244734</ele>
        <time>2026-05-06T03:12:13.603Z</time>
      </trkpt>
      <trkpt lat="42.461808" lon="19.794504">
        <ele>2027.715960</ele>
        <time>2026-05-06T03:13:26.335Z</time>
      </trkpt>
      <trkpt lat="42.461692" lon="19.794304">
        <ele>2021.591651</ele>
        <time>2026-05-06T03:14:33.193Z</time>
      </trkpt>
      <trkpt lat="42.461627" lon="19.794134">
        <ele>2016.982312</ele>
        <time>2026-05-06T03:15:22.029Z</time>
      </trkpt>
      <trkpt lat="42.461623" lon="19.793850">
        <ele>2010.144425</ele>
        <time>2026-05-06T03:16:31.290Z</time>
      </trkpt>
      <trkpt lat="42.461690" lon="19.793246">
        <ele>1995.441085</ele>
        <time>2026-05-06T03:18:45.085Z</time>
      </trkpt>
      <trkpt lat="42.461866" lon="19.792791">
        <ele>1983.073733</ele>
        <time>2026-05-06T03:20:23.656Z</time>
      </trkpt>
      <trkpt lat="42.461831" lon="19.792376">
        <ele>1974.678757</ele>
        <time>2026-05-06T03:21:34.376Z</time>
      </trkpt>
      <trkpt lat="42.461645" lon="19.791958">
        <ele>1970.184582</ele>
        <time>2026-05-06T03:22:45.623Z</time>
      </trkpt>
      <trkpt lat="42.461703" lon="19.791603">
        <ele>1966.837070</ele>
        <time>2026-05-06T03:23:35.474Z</time>
      </trkpt>
      <trkpt lat="42.461611" lon="19.791306">
        <ele>1963.871465</ele>
        <time>2026-05-06T03:24:17.583Z</time>
      </trkpt>
      <trkpt lat="42.461370" lon="19.790963">
        <ele>1959.510554</ele>
        <time>2026-05-06T03:25:17.740Z</time>
      </trkpt>
      <trkpt lat="42.461184" lon="19.790642">
        <ele>1955.752646</ele>
        <time>2026-05-06T03:26:09.339Z</time>
      </trkpt>
      <trkpt lat="42.461191" lon="19.790487">
        <ele>1954.322950</ele>
        <time>2026-05-06T03:26:29.167Z</time>
      </trkpt>
      <trkpt lat="42.461397" lon="19.790295">
        <ele>1950.963032</ele>
        <time>2026-05-06T03:27:14.009Z</time>
      </trkpt>
      <trkpt lat="42.461283" lon="19.790152">
        <ele>1948.798524</ele>
        <time>2026-05-06T03:27:42.560Z</time>
      </trkpt>
      <trkpt lat="42.461630" lon="19.789466">
        <ele>1940.247421</ele>
        <time>2026-05-06T03:29:38.808Z</time>
      </trkpt>
      <trkpt lat="42.461907" lon="19.788992">
        <ele>1934.030766</ele>
        <time>2026-05-06T03:31:05.587Z</time>
      </trkpt>
      <trkpt lat="42.461987" lon="19.788598">
        <ele>1929.829601</ele>
        <time>2026-05-06T03:32:04.842Z</time>
      </trkpt>
      <trkpt lat="42.462001" lon="19.788110">
        <ele>1924.002141</ele>
        <time>2026-05-06T03:33:18.655Z</time>
      </trkpt>
      <trkpt lat="42.461947" lon="19.787734">
        <ele>1919.126005</ele>
        <time>2026-05-06T03:34:19.097Z</time>
      </trkpt>
      <trkpt lat="42.461804" lon="19.787374">
        <ele>1913.921315</ele>
        <time>2026-05-06T03:35:24.467Z</time>
      </trkpt>
      <trkpt lat="42.461739" lon="19.786967">
        <ele>1908.620390</ele>
        <time>2026-05-06T03:36:30.689Z</time>
      </trkpt>
      <trkpt lat="42.461779" lon="19.786558">
        <ele>1903.368467</ele>
        <time>2026-05-06T03:37:33.505Z</time>
      </trkpt>
      <trkpt lat="42.461658" lon="19.785763">
        <ele>1894.271718</ele>
        <time>2026-05-06T03:39:28.833Z</time>
      </trkpt>
      <trkpt lat="42.461818" lon="19.785308">
        <ele>1889.778710</ele>
        <time>2026-05-06T03:40:36.833Z</time>
      </trkpt>
      <trkpt lat="42.462176" lon="19.785052">
        <ele>1884.888038</ele>
        <time>2026-05-06T03:41:48.079Z</time>
      </trkpt>
      <trkpt lat="42.462448" lon="19.784570">
        <ele>1879.478710</ele>
        <time>2026-05-06T03:43:06.622Z</time>
      </trkpt>
      <trkpt lat="42.462629" lon="19.784309">
        <ele>1876.285665</ele>
        <time>2026-05-06T03:43:55.010Z</time>
      </trkpt>
      <trkpt lat="42.462892" lon="19.784019">
        <ele>1868.140847</ele>
        <time>2026-05-06T03:45:01.070Z</time>
      </trkpt>
      <trkpt lat="42.463022" lon="19.783499">
        <ele>1857.127806</ele>
        <time>2026-05-06T03:46:36.649Z</time>
      </trkpt>
      <trkpt lat="42.463098" lon="19.783331">
        <ele>1853.174857</ele>
        <time>2026-05-06T03:47:15.329Z</time>
      </trkpt>
      <trkpt lat="42.463463" lon="19.782912">
        <ele>1840.169963</ele>
        <time>2026-05-06T03:49:35.788Z</time>
      </trkpt>
      <trkpt lat="42.463533" lon="19.783003">
        <ele>1837.532867</ele>
        <time>2026-05-06T03:50:06.207Z</time>
      </trkpt>
      <trkpt lat="42.463573" lon="19.782889">
        <ele>1835.000754</ele>
        <time>2026-05-06T03:50:35.613Z</time>
      </trkpt>
      <trkpt lat="42.463819" lon="19.782787">
        <ele>1828.006108</ele>
        <time>2026-05-06T03:51:57.480Z</time>
      </trkpt>
      <trkpt lat="42.464093" lon="19.782554">
        <ele>1817.912126</ele>
        <time>2026-05-06T03:53:41.130Z</time>
      </trkpt>
      <trkpt lat="42.464153" lon="19.782609">
        <ele>1815.592705</ele>
        <time>2026-05-06T03:54:04.218Z</time>
      </trkpt>
      <trkpt lat="42.464203" lon="19.782867">
        <ele>1809.291149</ele>
        <time>2026-05-06T03:55:06.023Z</time>
      </trkpt>
      <trkpt lat="42.464291" lon="19.782953">
        <ele>1805.817190</ele>
        <time>2026-05-06T03:55:39.325Z</time>
      </trkpt>
      <trkpt lat="42.464477" lon="19.782524">
        <ele>1794.062205</ele>
        <time>2026-05-06T03:57:27.884Z</time>
      </trkpt>
      <trkpt lat="42.464618" lon="19.782450">
        <ele>1789.220432</ele>
        <time>2026-05-06T03:58:10.400Z</time>
      </trkpt>
      <trkpt lat="42.464673" lon="19.782965">
        <ele>1776.927817</ele>
        <time>2026-05-06T03:59:55.772Z</time>
      </trkpt>
      <trkpt lat="42.464819" lon="19.782814">
        <ele>1771.047145</ele>
        <time>2026-05-06T04:00:44.799Z</time>
      </trkpt>
      <trkpt lat="42.464879" lon="19.782913">
        <ele>1767.997685</ele>
        <time>2026-05-06T04:01:10.096Z</time>
      </trkpt>
      <trkpt lat="42.464940" lon="19.782920">
        <ele>1765.987995</ele>
        <time>2026-05-06T04:01:26.299Z</time>
      </trkpt>
      <trkpt lat="42.465049" lon="19.782848">
        <ele>1762.007493</ele>
        <time>2026-05-06T04:01:58.984Z</time>
      </trkpt>
      <trkpt lat="42.465009" lon="19.783123">
        <ele>1755.219563</ele>
        <time>2026-05-06T04:02:55.807Z</time>
      </trkpt>
      <trkpt lat="42.465040" lon="19.783311">
        <ele>1750.554393</ele>
        <time>2026-05-06T04:03:35.670Z</time>
      </trkpt>
      <trkpt lat="42.465255" lon="19.783559">
        <ele>1741.286888</ele>
        <time>2026-05-06T04:04:57.110Z</time>
      </trkpt>
      <trkpt lat="42.465300" lon="19.784102">
        <ele>1728.054329</ele>
        <time>2026-05-06T04:06:58.842Z</time>
      </trkpt>
      <trkpt lat="42.465391" lon="19.784302">
        <ele>1722.363730</ele>
        <time>2026-05-06T04:07:53.435Z</time>
      </trkpt>
      <trkpt lat="42.465367" lon="19.784520">
        <ele>1717.025961</ele>
        <time>2026-05-06T04:08:45.270Z</time>
      </trkpt>
      <trkpt lat="42.465586" lon="19.784505">
        <ele>1709.819703</ele>
        <time>2026-05-06T04:09:56.122Z</time>
      </trkpt>
      <trkpt lat="42.465823" lon="19.784193">
        <ele>1697.342413</ele>
        <time>2026-05-06T04:11:45.377Z</time>
      </trkpt>
      <trkpt lat="42.465984" lon="19.784102">
        <ele>1690.754350</ele>
        <time>2026-05-06T04:12:44.278Z</time>
      </trkpt>
      <trkpt lat="42.466094" lon="19.784293">
        <ele>1684.003261</ele>
        <time>2026-05-06T04:13:45.494Z</time>
      </trkpt>
      <trkpt lat="42.466111" lon="19.784505">
        <ele>1678.061994</ele>
        <time>2026-05-06T04:14:39.849Z</time>
      </trkpt>
      <trkpt lat="42.466212" lon="19.784706">
        <ele>1671.286223</ele>
        <time>2026-05-06T04:15:41.451Z</time>
      </trkpt>
      <trkpt lat="42.466277" lon="19.784900">
        <ele>1665.349863</ele>
        <time>2026-05-06T04:16:34.966Z</time>
      </trkpt>
      <trkpt lat="42.466403" lon="19.784868">
        <ele>1660.508279</ele>
        <time>2026-05-06T04:17:17.928Z</time>
      </trkpt>
      <trkpt lat="42.466645" lon="19.784716">
        <ele>1650.434980</ele>
        <time>2026-05-06T04:18:45.186Z</time>
      </trkpt>
      <trkpt lat="42.466758" lon="19.784812">
        <ele>1645.398348</ele>
        <time>2026-05-06T04:19:27.705Z</time>
      </trkpt>
      <trkpt lat="42.466913" lon="19.784722">
        <ele>1639.871327</ele>
        <time>2026-05-06T04:20:19.540Z</time>
      </trkpt>
      <trkpt lat="42.466913" lon="19.784913">
        <ele>1636.084964</ele>
        <time>2026-05-06T04:21:01.319Z</time>
      </trkpt>
      <trkpt lat="42.466996" lon="19.784999">
        <ele>1633.277518</ele>
        <time>2026-05-06T04:21:31.186Z</time>
      </trkpt>
      <trkpt lat="42.467206" lon="19.784780">
        <ele>1626.157345</ele>
        <time>2026-05-06T04:22:44.493Z</time>
      </trkpt>
      <trkpt lat="42.467244" lon="19.784907">
        <ele>1623.440495</ele>
        <time>2026-05-06T04:23:11.297Z</time>
      </trkpt>
      <trkpt lat="42.467264" lon="19.785108">
        <ele>1619.419828</ele>
        <time>2026-05-06T04:23:50.128Z</time>
      </trkpt>
      <trkpt lat="42.467171" lon="19.785297">
        <ele>1614.916048</ele>
        <time>2026-05-06T04:24:32.111Z</time>
      </trkpt>
      <trkpt lat="42.467280" lon="19.785404">
        <ele>1611.299461</ele>
        <time>2026-05-06T04:25:04.848Z</time>
      </trkpt>
      <trkpt lat="42.467448" lon="19.785785">
        <ele>1602.500095</ele>
        <time>2026-05-06T04:26:21.285Z</time>
      </trkpt>
      <trkpt lat="42.467501" lon="19.785763">
        <ele>1601.010512</ele>
        <time>2026-05-06T04:26:33.952Z</time>
      </trkpt>
      <trkpt lat="42.467570" lon="19.785494">
        <ele>1595.364741</ele>
        <time>2026-05-06T04:27:22.442Z</time>
      </trkpt>
      <trkpt lat="42.467537" lon="19.785208">
        <ele>1590.596514</ele>
        <time>2026-05-06T04:28:12.105Z</time>
      </trkpt>
      <trkpt lat="42.467651" lon="19.784313">
        <ele>1576.976271</ele>
        <time>2026-05-06T04:30:54.391Z</time>
      </trkpt>
      <trkpt lat="42.467725" lon="19.784068">
        <ele>1573.006139</ele>
        <time>2026-05-06T04:31:42.210Z</time>
      </trkpt>
      <trkpt lat="42.467847" lon="19.783154">
        <ele>1559.077042</ele>
        <time>2026-05-06T04:34:14.384Z</time>
      </trkpt>
      <trkpt lat="42.468000" lon="19.782745">
        <ele>1557.010018</ele>
        <time>2026-05-06T04:35:18.206Z</time>
      </trkpt>
      <trkpt lat="42.468039" lon="19.782418">
        <ele>1556.973955</ele>
        <time>2026-05-06T04:36:00.610Z</time>
      </trkpt>
      <trkpt lat="42.467993" lon="19.782239">
        <ele>1556.953318</ele>
        <time>2026-05-06T04:36:23.257Z</time>
      </trkpt>
      <trkpt lat="42.468066" lon="19.781656">
        <ele>1556.888939</ele>
        <time>2026-05-06T04:37:32.538Z</time>
      </trkpt>
      <trkpt lat="42.468051" lon="19.781537">
        <ele>1556.875795</ele>
        <time>2026-05-06T04:37:48.767Z</time>
      </trkpt>
      <trkpt lat="42.467954" lon="19.781354">
        <ele>1556.851262</ele>
        <time>2026-05-06T04:38:20.153Z</time>
      </trkpt>
      <trkpt lat="42.467582" lon="19.781007">
        <ele>1556.784616</ele>
        <time>2026-05-06T04:39:50.447Z</time>
      </trkpt>
      <trkpt lat="42.467276" lon="19.780621">
        <ele>1559.466010</ele>
        <time>2026-05-06T04:41:15.113Z</time>
      </trkpt>
      <trkpt lat="42.466975" lon="19.780385">
        <ele>1561.892890</ele>
        <time>2026-05-06T04:42:24.818Z</time>
      </trkpt>
      <trkpt lat="42.466855" lon="19.780226">
        <ele>1563.064039</ele>
        <time>2026-05-06T04:42:57.512Z</time>
      </trkpt>
      <trkpt lat="42.466728" lon="19.779885">
        <ele>1565.030756</ele>
        <time>2026-05-06T04:43:50.377Z</time>
      </trkpt>
      <trkpt lat="42.466459" lon="19.779478">
        <ele>1567.844264</ele>
        <time>2026-05-06T04:45:01.048Z</time>
      </trkpt>
      <trkpt lat="42.466374" lon="19.779425">
        <ele>1568.497264</ele>
        <time>2026-05-06T04:45:16.674Z</time>
      </trkpt>
      <trkpt lat="42.466029" lon="19.779313">
        <ele>1569.587896</ele>
        <time>2026-05-06T04:46:13.103Z</time>
      </trkpt>
      <trkpt lat="42.465703" lon="19.779022">
        <ele>1570.010879</ele>
        <time>2026-05-06T04:47:12.948Z</time>
      </trkpt>
      <trkpt lat="42.465424" lon="19.778667">
        <ele>1570.425541</ele>
        <time>2026-05-06T04:48:10.327Z</time>
      </trkpt>
      <trkpt lat="42.465310" lon="19.778581">
        <ele>1570.566919</ele>
        <time>2026-05-06T04:48:30.242Z</time>
      </trkpt>
      <trkpt lat="42.465068" lon="19.778495">
        <ele>1570.838025</ele>
        <time>2026-05-06T04:49:08.400Z</time>
      </trkpt>
      <trkpt lat="42.464622" lon="19.778177">
        <ele>1571.792342</ele>
        <time>2026-05-06T04:50:26.035Z</time>
      </trkpt>
      <trkpt lat="42.464456" lon="19.777933">
        <ele>1573.122391</ele>
        <time>2026-05-06T04:51:06.051Z</time>
      </trkpt>
      <trkpt lat="42.464286" lon="19.777803">
        <ele>1574.182620</ele>
        <time>2026-05-06T04:51:39.449Z</time>
      </trkpt>
      <trkpt lat="42.464082" lon="19.777721">
        <ele>1575.338425</ele>
        <time>2026-05-06T04:52:17.364Z</time>
      </trkpt>
      <trkpt lat="42.463163" lon="19.777146">
        <ele>1580.836473</ele>
        <time>2026-05-06T04:55:26.815Z</time>
      </trkpt>
      <trkpt lat="42.463067" lon="19.777155">
        <ele>1581.549866</ele>
        <time>2026-05-06T04:55:44.952Z</time>
      </trkpt>
      <trkpt lat="42.462899" lon="19.776848">
        <ele>1584.033921</ele>
        <time>2026-05-06T04:56:38.426Z</time>
      </trkpt>
      <trkpt lat="42.462690" lon="19.776708">
        <ele>1586.087561</ele>
        <time>2026-05-06T04:57:23.224Z</time>
      </trkpt>
      <trkpt lat="42.462129" lon="19.776423">
        <ele>1591.365152</ele>
        <time>2026-05-06T04:59:19.338Z</time>
      </trkpt>
      <trkpt lat="42.461971" lon="19.776442">
        <ele>1592.762461</ele>
        <time>2026-05-06T04:59:50.495Z</time>
      </trkpt>
      <trkpt lat="42.461645" lon="19.776367">
        <ele>1595.675307</ele>
        <time>2026-05-06T05:00:56.288Z</time>
      </trkpt>
      <trkpt lat="42.461580" lon="19.776316">
        <ele>1596.336906</ele>
        <time>2026-05-06T05:01:11.216Z</time>
      </trkpt>
      <trkpt lat="42.461421" lon="19.776260">
        <ele>1598.210250</ele>
        <time>2026-05-06T05:01:44.179Z</time>
      </trkpt>
      <trkpt lat="42.461261" lon="19.776116">
        <ele>1600.714911</ele>
        <time>2026-05-06T05:02:22.818Z</time>
      </trkpt>
      <trkpt lat="42.460988" lon="19.775928">
        <ele>1604.708297</ele>
        <time>2026-05-06T05:03:26.953Z</time>
      </trkpt>
      <trkpt lat="42.460872" lon="19.775881">
        <ele>1606.287223</ele>
        <time>2026-05-06T05:03:52.476Z</time>
      </trkpt>
      <trkpt lat="42.460583" lon="19.775643">
        <ele>1610.697227</ele>
        <time>2026-05-06T05:05:03.535Z</time>
      </trkpt>
      <trkpt lat="42.460433" lon="19.775561">
        <ele>1612.806518</ele>
        <time>2026-05-06T05:05:41.570Z</time>
      </trkpt>
      <trkpt lat="42.460371" lon="19.775560">
        <ele>1613.615135</ele>
        <time>2026-05-06T05:05:56.655Z</time>
      </trkpt>
      <trkpt lat="42.460095" lon="19.775436">
        <ele>1617.407096</ele>
        <time>2026-05-06T05:07:05.426Z</time>
      </trkpt>
      <trkpt lat="42.460026" lon="19.775434">
        <ele>1618.307151</ele>
        <time>2026-05-06T05:07:21.971Z</time>
      </trkpt>
      <trkpt lat="42.459747" lon="19.775216">
        <ele>1623.717435</ele>
        <time>2026-05-06T05:08:46.004Z</time>
      </trkpt>
      <trkpt lat="42.459699" lon="19.775148">
        <ele>1625.131942</ele>
        <time>2026-05-06T05:09:06.628Z</time>
      </trkpt>
      <trkpt lat="42.459557" lon="19.775073">
        <ele>1628.236728</ele>
        <time>2026-05-06T05:09:52.768Z</time>
      </trkpt>
      <trkpt lat="42.459396" lon="19.774984">
        <ele>1631.779014</ele>
        <time>2026-05-06T05:10:48.893Z</time>
      </trkpt>
      <trkpt lat="42.459299" lon="19.774882">
        <ele>1634.280108</ele>
        <time>2026-05-06T05:11:30.254Z</time>
      </trkpt>
      <trkpt lat="42.459045" lon="19.774848">
        <ele>1639.479944</ele>
        <time>2026-05-06T05:12:57.397Z</time>
      </trkpt>
      <trkpt lat="42.458591" lon="19.774965">
        <ele>1648.894834</ele>
        <time>2026-05-06T05:15:36.858Z</time>
      </trkpt>
      <trkpt lat="42.458436" lon="19.774899">
        <ele>1652.204751</ele>
        <time>2026-05-06T05:16:25.872Z</time>
      </trkpt>
      <trkpt lat="42.458300" lon="19.774639">
        <ele>1656.995185</ele>
        <time>2026-05-06T05:17:29.720Z</time>
      </trkpt>
      <trkpt lat="42.458232" lon="19.774610">
        <ele>1657.626322</ele>
        <time>2026-05-06T05:17:49.084Z</time>
      </trkpt>
      <trkpt lat="42.457993" lon="19.774732">
        <ele>1659.884104</ele>
        <time>2026-05-06T05:18:53.951Z</time>
      </trkpt>
      <trkpt lat="42.457876" lon="19.774715">
        <ele>1660.924384</ele>
        <time>2026-05-06T05:19:20.436Z</time>
      </trkpt>
      <trkpt lat="42.457765" lon="19.774616">
        <ele>1662.099085</ele>
        <time>2026-05-06T05:19:47.113Z</time>
      </trkpt>
      <trkpt lat="42.457686" lon="19.774322">
        <ele>1664.139897</ele>
        <time>2026-05-06T05:20:29.925Z</time>
      </trkpt>
      <trkpt lat="42.457706" lon="19.774135">
        <ele>1665.372336</ele>
        <time>2026-05-06T05:20:54.581Z</time>
      </trkpt>
      <trkpt lat="42.457793" lon="19.774504">
        <ele>1667.899012</ele>
        <time>2026-05-06T05:21:33.578Z</time>
      </trkpt>
      <trkpt lat="42.457825" lon="19.774523">
        <ele>1668.207865</ele>
        <time>2026-05-06T05:21:38.090Z</time>
      </trkpt>
      <trkpt lat="42.457793" lon="19.774504">
        <ele>1668.516718</ele>
        <time>2026-05-06T05:21:43.050Z</time>
      </trkpt>
      <trkpt lat="42.457706" lon="19.774135">
        <ele>1671.043394</ele>
        <time>2026-05-06T05:22:21.241Z</time>
      </trkpt>
      <trkpt lat="42.457674" lon="19.774051">
        <ele>1671.660004</ele>
        <time>2026-05-06T05:22:33.297Z</time>
      </trkpt>
      <trkpt lat="42.457612" lon="19.773988">
        <ele>1672.345047</ele>
        <time>2026-05-06T05:22:46.105Z</time>
      </trkpt>
      <trkpt lat="42.457514" lon="19.773945">
        <ele>1673.244925</ele>
        <time>2026-05-06T05:23:04.040Z</time>
      </trkpt>
      <trkpt lat="42.457269" lon="19.773664">
        <ele>1675.996860</ele>
        <time>2026-05-06T05:24:03.434Z</time>
      </trkpt>
      <trkpt lat="42.456951" lon="19.772948">
        <ele>1681.283756</ele>
        <time>2026-05-06T05:26:03.263Z</time>
      </trkpt>
      <trkpt lat="42.456798" lon="19.772676">
        <ele>1683.447533</ele>
        <time>2026-05-06T05:26:54.057Z</time>
      </trkpt>
      <trkpt lat="42.456285" lon="19.772408">
        <ele>1688.161681</ele>
        <time>2026-05-06T05:28:46.328Z</time>
      </trkpt>
      <trkpt lat="42.456128" lon="19.772416">
        <ele>1689.520385</ele>
        <time>2026-05-06T05:29:17.875Z</time>
      </trkpt>
      <trkpt lat="42.456002" lon="19.772483">
        <ele>1690.692227</ele>
        <time>2026-05-06T05:29:45.057Z</time>
      </trkpt>
      <trkpt lat="42.455984" lon="19.772403">
        <ele>1691.226482</ele>
        <time>2026-05-06T05:29:54.768Z</time>
      </trkpt>
      <trkpt lat="42.455818" lon="19.772416">
        <ele>1692.666087</ele>
        <time>2026-05-06T05:30:27.975Z</time>
      </trkpt>
      <trkpt lat="42.455731" lon="19.772369">
        <ele>1693.476950</ele>
        <time>2026-05-06T05:30:46.756Z</time>
      </trkpt>
      <trkpt lat="42.455612" lon="19.772399">
        <ele>1694.524908</ele>
        <time>2026-05-06T05:31:10.891Z</time>
      </trkpt>
      <trkpt lat="42.455577" lon="19.772391">
        <ele>1694.832213</ele>
        <time>2026-05-06T05:31:17.750Z</time>
      </trkpt>
      <trkpt lat="42.455487" lon="19.772371">
        <ele>1695.621826</ele>
        <time>2026-05-06T05:31:35.738Z</time>
      </trkpt>
      <trkpt lat="42.455328" lon="19.772392">
        <ele>1697.004950</ele>
        <time>2026-05-06T05:32:06.971Z</time>
      </trkpt>
      <trkpt lat="42.455073" lon="19.772322">
        <ele>1699.257536</ele>
        <time>2026-05-06T05:32:56.590Z</time>
      </trkpt>
      <trkpt lat="42.454749" lon="19.772292">
        <ele>1702.069228</ele>
        <time>2026-05-06T05:33:58.926Z</time>
      </trkpt>
      <trkpt lat="42.454648" lon="19.772188">
        <ele>1703.167409</ele>
        <time>2026-05-06T05:34:23.194Z</time>
      </trkpt>
      <trkpt lat="42.454610" lon="19.772051">
        <ele>1704.027419</ele>
        <time>2026-05-06T05:34:43.403Z</time>
      </trkpt>
      <trkpt lat="42.454519" lon="19.771941">
        <ele>1704.705481</ele>
        <time>2026-05-06T05:35:05.682Z</time>
      </trkpt>
      <trkpt lat="42.454076" lon="19.771630">
        <ele>1707.479818</ele>
        <time>2026-05-06T05:36:33.027Z</time>
      </trkpt>
      <trkpt lat="42.453996" lon="19.771602">
        <ele>1707.939285</ele>
        <time>2026-05-06T05:36:47.274Z</time>
      </trkpt>
      <trkpt lat="42.453839" lon="19.771392">
        <ele>1709.165917</ele>
        <time>2026-05-06T05:37:24.998Z</time>
      </trkpt>
      <trkpt lat="42.453740" lon="19.771189">
        <ele>1710.164319</ele>
        <time>2026-05-06T05:37:55.589Z</time>
      </trkpt>
      <trkpt lat="42.453528" lon="19.770970">
        <ele>1711.646624</ele>
        <time>2026-05-06T05:38:41.702Z</time>
      </trkpt>
      <trkpt lat="42.453215" lon="19.770773">
        <ele>1713.565711</ele>
        <time>2026-05-06T05:39:43.755Z</time>
      </trkpt>
      <trkpt lat="42.453008" lon="19.770838">
        <ele>1714.858599</ele>
        <time>2026-05-06T05:40:23.393Z</time>
      </trkpt>
      <trkpt lat="42.452951" lon="19.770793">
        <ele>1715.273320</ele>
        <time>2026-05-06T05:40:35.875Z</time>
      </trkpt>
      <trkpt lat="42.452940" lon="19.770721">
        <ele>1715.614394</ele>
        <time>2026-05-06T05:40:46.247Z</time>
      </trkpt>
      <trkpt lat="42.452911" lon="19.770698">
        <ele>1715.825639</ele>
        <time>2026-05-06T05:40:52.554Z</time>
      </trkpt>
      <trkpt lat="42.452894" lon="19.770722">
        <ele>1715.979968</ele>
        <time>2026-05-06T05:40:57.263Z</time>
      </trkpt>
      <trkpt lat="42.452859" lon="19.770680">
        <ele>1716.273868</ele>
        <time>2026-05-06T05:41:06.191Z</time>
      </trkpt>
      <trkpt lat="42.452620" lon="19.770580">
        <ele>1717.846431</ele>
        <time>2026-05-06T05:41:54.785Z</time>
      </trkpt>
      <trkpt lat="42.452528" lon="19.770419">
        <ele>1718.791059</ele>
        <time>2026-05-06T05:42:24.370Z</time>
      </trkpt>
      <trkpt lat="42.452477" lon="19.770376">
        <ele>1719.168676</ele>
        <time>2026-05-06T05:42:36.314Z</time>
      </trkpt>
      <trkpt lat="42.452470" lon="19.770277">
        <ele>1719.630019</ele>
        <time>2026-05-06T05:42:50.810Z</time>
      </trkpt>
      <trkpt lat="42.452400" lon="19.770201">
        <ele>1720.193905</ele>
        <time>2026-05-06T05:43:08.489Z</time>
      </trkpt>
      <trkpt lat="42.452311" lon="19.770007">
        <ele>1721.253598</ele>
        <time>2026-05-06T05:43:41.185Z</time>
      </trkpt>
      <trkpt lat="42.452238" lon="19.769758">
        <ele>1722.496495</ele>
        <time>2026-05-06T05:44:18.321Z</time>
      </trkpt>
      <trkpt lat="42.452236" lon="19.769736">
        <ele>1722.599320</ele>
        <time>2026-05-06T05:44:21.317Z</time>
      </trkpt>
      <trkpt lat="42.452226" lon="19.769623">
        <ele>1723.127261</ele>
        <time>2026-05-06T05:44:36.622Z</time>
      </trkpt>
      <trkpt lat="42.452166" lon="19.769460">
        <ele>1723.972256</ele>
        <time>2026-05-06T05:45:00.419Z</time>
      </trkpt>
      <trkpt lat="42.452138" lon="19.769175">
        <ele>1725.025426</ele>
        <time>2026-05-06T05:45:36.159Z</time>
      </trkpt>
      <trkpt lat="42.452033" lon="19.769018">
        <ele>1723.330373</ele>
        <time>2026-05-06T05:46:00.872Z</time>
      </trkpt>
      <trkpt lat="42.451925" lon="19.769005">
        <ele>1722.154866</ele>
        <time>2026-05-06T05:46:17.228Z</time>
      </trkpt>
      <trkpt lat="42.451861" lon="19.769024">
        <ele>1721.444549</ele>
        <time>2026-05-06T05:46:27.342Z</time>
      </trkpt>
      <trkpt lat="42.451821" lon="19.769082">
        <ele>1720.809464</ele>
        <time>2026-05-06T05:46:36.652Z</time>
      </trkpt>
      <trkpt lat="42.451781" lon="19.769078">
        <ele>1720.374619</ele>
        <time>2026-05-06T05:46:43.045Z</time>
      </trkpt>
      <trkpt lat="42.451782" lon="19.768975">
        <ele>1719.550602</ele>
        <time>2026-05-06T05:46:55.533Z</time>
      </trkpt>
      <trkpt lat="42.451757" lon="19.768929">
        <ele>1719.093580</ele>
        <time>2026-05-06T05:47:02.498Z</time>
      </trkpt>
      <trkpt lat="42.451726" lon="19.768886">
        <ele>1718.612667</ele>
        <time>2026-05-06T05:47:10.051Z</time>
      </trkpt>
      <trkpt lat="42.451662" lon="19.768886">
        <ele>1717.918801</ele>
        <time>2026-05-06T05:47:20.906Z</time>
      </trkpt>
      <trkpt lat="42.451547" lon="19.769020">
        <ele>1716.274562</ele>
        <time>2026-05-06T05:47:47.804Z</time>
      </trkpt>
      <trkpt lat="42.451536" lon="19.769157">
        <ele>1715.172162</ele>
        <time>2026-05-06T05:48:06.330Z</time>
      </trkpt>
      <trkpt lat="42.451473" lon="19.769116">
        <ele>1714.414473</ele>
        <time>2026-05-06T05:48:19.437Z</time>
      </trkpt>
      <trkpt lat="42.451397" lon="19.769177">
        <ele>1713.456854</ele>
        <time>2026-05-06T05:48:36.134Z</time>
      </trkpt>
      <trkpt lat="42.451339" lon="19.769187">
        <ele>1712.822970</ele>
        <time>2026-05-06T05:48:47.487Z</time>
      </trkpt>
      <trkpt lat="42.451302" lon="19.769258">
        <ele>1712.127628</ele>
        <time>2026-05-06T05:49:00.028Z</time>
      </trkpt>
      <trkpt lat="42.451215" lon="19.769277">
        <ele>1711.172237</ele>
        <time>2026-05-06T05:49:17.747Z</time>
      </trkpt>
      <trkpt lat="42.451200" lon="19.769200">
        <ele>1710.535167</ele>
        <time>2026-05-06T05:49:30.129Z</time>
      </trkpt>
      <trkpt lat="42.451144" lon="19.769121">
        <ele>1709.658817</ele>
        <time>2026-05-06T05:49:47.832Z</time>
      </trkpt>
      <trkpt lat="42.451095" lon="19.769204">
        <ele>1708.808486</ele>
        <time>2026-05-06T05:50:05.707Z</time>
      </trkpt>
      <trkpt lat="42.451046" lon="19.769134">
        <ele>1708.036617</ele>
        <time>2026-05-06T05:50:21.976Z</time>
      </trkpt>
      <trkpt lat="42.451007" lon="19.769197">
        <ele>1707.378765</ele>
        <time>2026-05-06T05:50:36.207Z</time>
      </trkpt>
      <trkpt lat="42.450943" lon="19.769211">
        <ele>1706.675919</ele>
        <time>2026-05-06T05:50:51.308Z</time>
      </trkpt>
      <trkpt lat="42.450914" lon="19.769165">
        <ele>1706.191913</ele>
        <time>2026-05-06T05:51:01.738Z</time>
      </trkpt>
      <trkpt lat="42.450869" lon="19.769214">
        <ele>1705.391030</ele>
        <time>2026-05-06T05:51:15.508Z</time>
      </trkpt>
      <trkpt lat="42.450803" lon="19.769160">
        <ele>1703.484599</ele>
        <time>2026-05-06T05:51:34.160Z</time>
      </trkpt>
      <trkpt lat="42.450617" lon="19.769106">
        <ele>1698.780753</ele>
        <time>2026-05-06T05:52:21.044Z</time>
      </trkpt>
      <trkpt lat="42.450575" lon="19.769152">
        <ele>1697.445408</ele>
        <time>2026-05-06T05:52:34.465Z</time>
      </trkpt>
      <trkpt lat="42.450368" lon="19.769169">
        <ele>1692.317223</ele>
        <time>2026-05-06T05:53:26.816Z</time>
      </trkpt>
      <trkpt lat="42.450162" lon="19.769244">
        <ele>1687.042545</ele>
        <time>2026-05-06T05:54:22.156Z</time>
      </trkpt>
      <trkpt lat="42.450048" lon="19.769184">
        <ele>1684.018382</ele>
        <time>2026-05-06T05:54:54.476Z</time>
      </trkpt>
      <trkpt lat="42.449941" lon="19.769192">
        <ele>1681.368411</ele>
        <time>2026-05-06T05:55:22.398Z</time>
      </trkpt>
      <trkpt lat="42.449894" lon="19.769118">
        <ele>1679.586861</ele>
        <time>2026-05-06T05:55:41.265Z</time>
      </trkpt>
      <trkpt lat="42.449819" lon="19.769149">
        <ele>1677.647887</ele>
        <time>2026-05-06T05:56:01.796Z</time>
      </trkpt>
      <trkpt lat="42.449804" lon="19.769192">
        <ele>1676.780030</ele>
        <time>2026-05-06T05:56:11.019Z</time>
      </trkpt>
      <trkpt lat="42.449656" lon="19.769236">
        <ele>1673.033191</ele>
        <time>2026-05-06T05:56:50.793Z</time>
      </trkpt>
      <trkpt lat="42.449607" lon="19.769362">
        <ele>1670.434377</ele>
        <time>2026-05-06T05:57:17.870Z</time>
      </trkpt>
      <trkpt lat="42.449627" lon="19.769594">
        <ele>1666.172412</ele>
        <time>2026-05-06T05:58:02.460Z</time>
      </trkpt>
      <trkpt lat="42.449537" lon="19.769914">
        <ele>1660.453075</ele>
        <time>2026-05-06T05:59:05.417Z</time>
      </trkpt>
      <trkpt lat="42.449538" lon="19.770121">
        <ele>1658.212357</ele>
        <time>2026-05-06T05:59:41.546Z</time>
      </trkpt>
      <trkpt lat="42.449502" lon="19.770143">
        <ele>1657.633033</ele>
        <time>2026-05-06T05:59:50.523Z</time>
      </trkpt>
      <trkpt lat="42.449438" lon="19.770117">
        <ele>1656.652887</ele>
        <time>2026-05-06T06:00:05.984Z</time>
      </trkpt>
      <trkpt lat="42.449394" lon="19.770151">
        <ele>1655.909862</ele>
        <time>2026-05-06T06:00:17.607Z</time>
      </trkpt>
      <trkpt lat="42.449344" lon="19.770076">
        <ele>1654.815743</ele>
        <time>2026-05-06T06:00:34.943Z</time>
      </trkpt>
      <trkpt lat="42.449285" lon="19.770069">
        <ele>1653.946910</ele>
        <time>2026-05-06T06:00:48.488Z</time>
      </trkpt>
      <trkpt lat="42.449216" lon="19.769864">
        <ele>1651.507916</ele>
        <time>2026-05-06T06:01:25.300Z</time>
      </trkpt>
      <trkpt lat="42.449182" lon="19.769854">
        <ele>1650.997530</ele>
        <time>2026-05-06T06:01:32.703Z</time>
      </trkpt>
      <trkpt lat="42.449147" lon="19.769875">
        <ele>1650.436015</ele>
        <time>2026-05-06T06:01:41.001Z</time>
      </trkpt>
      <trkpt lat="42.449126" lon="19.769991">
        <ele>1649.143126</ele>
        <time>2026-05-06T06:01:59.821Z</time>
      </trkpt>
      <trkpt lat="42.448999" lon="19.770117">
        <ele>1646.834175</ele>
        <time>2026-05-06T06:02:32.273Z</time>
      </trkpt>
      <trkpt lat="42.448927" lon="19.770132">
        <ele>1645.765536</ele>
        <time>2026-05-06T06:02:46.532Z</time>
      </trkpt>
      <trkpt lat="42.448825" lon="19.769977">
        <ele>1643.517414</ele>
        <time>2026-05-06T06:03:16.263Z</time>
      </trkpt>
      <trkpt lat="42.448733" lon="19.769946">
        <ele>1642.126694</ele>
        <time>2026-05-06T06:03:33.982Z</time>
      </trkpt>
      <trkpt lat="42.448581" lon="19.769811">
        <ele>1639.460690</ele>
        <time>2026-05-06T06:04:06.753Z</time>
      </trkpt>
      <trkpt lat="42.448538" lon="19.769649">
        <ele>1637.597089</ele>
        <time>2026-05-06T06:04:28.368Z</time>
      </trkpt>
      <trkpt lat="42.448541" lon="19.769575">
        <ele>1636.794855</ele>
        <time>2026-05-06T06:04:37.471Z</time>
      </trkpt>
      <trkpt lat="42.448472" lon="19.769374">
        <ele>1635.176805</ele>
        <time>2026-05-06T06:05:03.221Z</time>
      </trkpt>
      <trkpt lat="42.448353" lon="19.769286">
        <ele>1636.689210</ele>
        <time>2026-05-06T06:05:24.217Z</time>
      </trkpt>
      <trkpt lat="42.448223" lon="19.769077">
        <ele>1638.939477</ele>
        <time>2026-05-06T06:05:59.194Z</time>
      </trkpt>
      <trkpt lat="42.448131" lon="19.769070">
        <ele>1639.967486</ele>
        <time>2026-05-06T06:06:16.418Z</time>
      </trkpt>
      <trkpt lat="42.448036" lon="19.769084">
        <ele>1641.033597</ele>
        <time>2026-05-06T06:06:35.054Z</time>
      </trkpt>
      <trkpt lat="42.447922" lon="19.769049">
        <ele>1642.337660</ele>
        <time>2026-05-06T06:06:58.606Z</time>
      </trkpt>
      <trkpt lat="42.447622" lon="19.769086">
        <ele>1645.698426</ele>
        <time>2026-05-06T06:08:09.010Z</time>
      </trkpt>
      <trkpt lat="42.447296" lon="19.769193">
        <ele>1649.440577</ele>
        <time>2026-05-06T06:09:40.653Z</time>
      </trkpt>
      <trkpt lat="42.447214" lon="19.769191">
        <ele>1650.355553</ele>
        <time>2026-05-06T06:10:04.031Z</time>
      </trkpt>
      <trkpt lat="42.446987" lon="19.769285">
        <ele>1653.003657</ele>
        <time>2026-05-06T06:11:13.547Z</time>
      </trkpt>
      <trkpt lat="42.446952" lon="19.769299">
        <ele>1653.410787</ele>
        <time>2026-05-06T06:11:24.216Z</time>
      </trkpt>
      <trkpt lat="42.446818" lon="19.769309">
        <ele>1654.909187</ele>
        <time>2026-05-06T06:12:03.062Z</time>
      </trkpt>
      <trkpt lat="42.446657" lon="19.769440">
        <ele>1658.028266</ele>
        <time>2026-05-06T06:12:55.774Z</time>
      </trkpt>
      <trkpt lat="42.446579" lon="19.769609">
        <ele>1660.471347</ele>
        <time>2026-05-06T06:13:36.197Z</time>
      </trkpt>
      <trkpt lat="42.446412" lon="19.769799">
        <ele>1664.093016</ele>
        <time>2026-05-06T06:14:34.604Z</time>
      </trkpt>
      <trkpt lat="42.446332" lon="19.769942">
        <ele>1666.292405</ele>
        <time>2026-05-06T06:15:09.400Z</time>
      </trkpt>
      <trkpt lat="42.446271" lon="19.770186">
        <ele>1669.449890</ele>
        <time>2026-05-06T06:15:58.901Z</time>
      </trkpt>
      <trkpt lat="42.446216" lon="19.770232">
        <ele>1670.523373</ele>
        <time>2026-05-06T06:16:15.820Z</time>
      </trkpt>
      <trkpt lat="42.446152" lon="19.770238">
        <ele>1671.588913</ele>
        <time>2026-05-06T06:16:32.362Z</time>
      </trkpt>
      <trkpt lat="42.446081" lon="19.770328">
        <ele>1673.203662</ele>
        <time>2026-05-06T06:16:57.598Z</time>
      </trkpt>
      <trkpt lat="42.446003" lon="19.770640">
        <ele>1677.241117</ele>
        <time>2026-05-06T06:18:00.582Z</time>
      </trkpt>
      <trkpt lat="42.445979" lon="19.770668">
        <ele>1677.767112</ele>
        <time>2026-05-06T06:18:08.688Z</time>
      </trkpt>
      <trkpt lat="42.445842" lon="19.770580">
        <ele>1680.285267</ele>
        <time>2026-05-06T06:18:47.263Z</time>
      </trkpt>
      <trkpt lat="42.445768" lon="19.770606">
        <ele>1681.554997</ele>
        <time>2026-05-06T06:19:06.168Z</time>
      </trkpt>
      <trkpt lat="42.445739" lon="19.770558">
        <ele>1682.315332</ele>
        <time>2026-05-06T06:19:17.318Z</time>
      </trkpt>
      <trkpt lat="42.445699" lon="19.770613">
        <ele>1683.261800</ele>
        <time>2026-05-06T06:19:31.260Z</time>
      </trkpt>
      <trkpt lat="42.445494" lon="19.770561">
        <ele>1685.667645</ele>
        <time>2026-05-06T06:20:22.383Z</time>
      </trkpt>
      <trkpt lat="42.445295" lon="19.770572">
        <ele>1687.176722</ele>
        <time>2026-05-06T06:21:13.074Z</time>
      </trkpt>
      <trkpt lat="42.445100" lon="19.770445">
        <ele>1688.816014</ele>
        <time>2026-05-06T06:22:08.774Z</time>
      </trkpt>
      <trkpt lat="42.445062" lon="19.770474">
        <ele>1689.146457</ele>
        <time>2026-05-06T06:22:19.592Z</time>
      </trkpt>
      <trkpt lat="42.445032" lon="19.770338">
        <ele>1689.940116</ele>
        <time>2026-05-06T06:22:45.529Z</time>
      </trkpt>
      <trkpt lat="42.444729" lon="19.770383">
        <ele>1692.249694</ele>
        <time>2026-05-06T06:23:54.201Z</time>
      </trkpt>
      <trkpt lat="42.444665" lon="19.770372">
        <ele>1692.738507</ele>
        <time>2026-05-06T06:24:07.161Z</time>
      </trkpt>
      <trkpt lat="42.444552" lon="19.770286">
        <ele>1693.720494</ele>
        <time>2026-05-06T06:24:32.333Z</time>
      </trkpt>
      <trkpt lat="42.444379" lon="19.770346">
        <ele>1695.073564</ele>
        <time>2026-05-06T06:25:09.366Z</time>
      </trkpt>
      <trkpt lat="42.444347" lon="19.770497">
        <ele>1695.951980</ele>
        <time>2026-05-06T06:25:30.386Z</time>
      </trkpt>
      <trkpt lat="42.444212" lon="19.770507">
        <ele>1696.976402</ele>
        <time>2026-05-06T06:25:55.693Z</time>
      </trkpt>
      <trkpt lat="42.443875" lon="19.770620">
        <ele>1696.222758</ele>
        <time>2026-05-06T06:26:54.545Z</time>
      </trkpt>
      <trkpt lat="42.443531" lon="19.770750">
        <ele>1691.288759</ele>
        <time>2026-05-06T06:28:04.385Z</time>
      </trkpt>
      <trkpt lat="42.443514" lon="19.770726">
        <ele>1690.949590</ele>
        <time>2026-05-06T06:28:09.351Z</time>
      </trkpt>
      <trkpt lat="42.443401" lon="19.770756">
        <ele>1689.358720</ele>
        <time>2026-05-06T06:28:33.023Z</time>
      </trkpt>
      <trkpt lat="42.443278" lon="19.770693">
        <ele>1687.542035</ele>
        <time>2026-05-06T06:29:02.827Z</time>
      </trkpt>
      <trkpt lat="42.443247" lon="19.770641">
        <ele>1686.860491</ele>
        <time>2026-05-06T06:29:13.790Z</time>
      </trkpt>
      <trkpt lat="42.443205" lon="19.770572">
        <ele>1685.948575</ele>
        <time>2026-05-06T06:29:30.044Z</time>
      </trkpt>
      <trkpt lat="42.443082" lon="19.770492">
        <ele>1684.063624</ele>
        <time>2026-05-06T06:30:03.270Z</time>
      </trkpt>
      <trkpt lat="42.443033" lon="19.770427">
        <ele>1683.116276</ele>
        <time>2026-05-06T06:30:20.253Z</time>
      </trkpt>
      <trkpt lat="42.442935" lon="19.770386">
        <ele>1681.699264</ele>
        <time>2026-05-06T06:30:45.748Z</time>
      </trkpt>
      <trkpt lat="42.442937" lon="19.770336">
        <ele>1681.188745</ele>
        <time>2026-05-06T06:30:55.094Z</time>
      </trkpt>
      <trkpt lat="42.442897" lon="19.770285">
        <ele>1680.429951</ele>
        <time>2026-05-06T06:31:07.614Z</time>
      </trkpt>
      <trkpt lat="42.442859" lon="19.770306">
        <ele>1679.862970</ele>
        <time>2026-05-06T06:31:18.146Z</time>
      </trkpt>
      <trkpt lat="42.442804" lon="19.770409">
        <ele>1678.566755</ele>
        <time>2026-05-06T06:31:40.123Z</time>
      </trkpt>
      <trkpt lat="42.442745" lon="19.770348">
        <ele>1677.541459</ele>
        <time>2026-05-06T06:31:58.240Z</time>
      </trkpt>
      <trkpt lat="42.442695" lon="19.770366">
        <ele>1676.826705</ele>
        <time>2026-05-06T06:32:10.117Z</time>
      </trkpt>
      <trkpt lat="42.442706" lon="19.770177">
        <ele>1674.893783</ele>
        <time>2026-05-06T06:32:40.963Z</time>
      </trkpt>
      <trkpt lat="42.442671" lon="19.770154">
        <ele>1674.356369</ele>
        <time>2026-05-06T06:32:48.649Z</time>
      </trkpt>
      <trkpt lat="42.442631" lon="19.770198">
        <ele>1673.644579</ele>
        <time>2026-05-06T06:32:59.540Z</time>
      </trkpt>
      <trkpt lat="42.442589" lon="19.770186">
        <ele>1673.567198</ele>
        <time>2026-05-06T06:33:08.490Z</time>
      </trkpt>
      <trkpt lat="42.442570" lon="19.770031">
        <ele>1673.594740</ele>
        <time>2026-05-06T06:33:31.555Z</time>
      </trkpt>
      <trkpt lat="42.442524" lon="19.770077">
        <ele>1673.608319</ele>
        <time>2026-05-06T06:33:42.855Z</time>
      </trkpt>
      <trkpt lat="42.442498" lon="19.770069">
        <ele>1673.614652</ele>
        <time>2026-05-06T06:33:47.858Z</time>
      </trkpt>
      <trkpt lat="42.442497" lon="19.770016">
        <ele>1673.623945</ele>
        <time>2026-05-06T06:33:55.376Z</time>
      </trkpt>
      <trkpt lat="42.442469" lon="19.769980">
        <ele>1673.633113</ele>
        <time>2026-05-06T06:34:02.965Z</time>
      </trkpt>
      <trkpt lat="42.442487" lon="19.769826">
        <ele>1673.660444</ele>
        <time>2026-05-06T06:34:24.638Z</time>
      </trkpt>
      <trkpt lat="42.442460" lon="19.769768">
        <ele>1673.672465</ele>
        <time>2026-05-06T06:34:34.362Z</time>
      </trkpt>
      <trkpt lat="42.442403" lon="19.769865">
        <ele>1673.694199</ele>
        <time>2026-05-06T06:34:50.915Z</time>
      </trkpt>
      <trkpt lat="42.442379" lon="19.769730">
        <ele>1673.718540</ele>
        <time>2026-05-06T06:35:09.414Z</time>
      </trkpt>
      <trkpt lat="42.442301" lon="19.769790">
        <ele>1673.739845</ele>
        <time>2026-05-06T06:35:24.679Z</time>
      </trkpt>
      <trkpt lat="42.442303" lon="19.769708">
        <ele>1673.754226</ele>
        <time>2026-05-06T06:35:34.972Z</time>
      </trkpt>
      <trkpt lat="42.442257" lon="19.769756">
        <ele>1673.768017</ele>
        <time>2026-05-06T06:35:44.831Z</time>
      </trkpt>
      <trkpt lat="42.442266" lon="19.769653">
        <ele>1673.786197</ele>
        <time>2026-05-06T06:35:57.401Z</time>
      </trkpt>
      <trkpt lat="42.442213" lon="19.769686">
        <ele>1673.800052</ele>
        <time>2026-05-06T06:36:08.210Z</time>
      </trkpt>
      <trkpt lat="42.442236" lon="19.769534">
        <ele>1673.827250</ele>
        <time>2026-05-06T06:36:28.188Z</time>
      </trkpt>
      <trkpt lat="42.442151" lon="19.769591">
        <ele>1673.849777</ele>
        <time>2026-05-06T06:36:47.044Z</time>
      </trkpt>
      <trkpt lat="42.442130" lon="19.769575">
        <ele>1673.855499</ele>
        <time>2026-05-06T06:36:51.934Z</time>
      </trkpt>
      <trkpt lat="42.442116" lon="19.769492">
        <ele>1673.870424</ele>
        <time>2026-05-06T06:37:05.477Z</time>
      </trkpt>
      <trkpt lat="42.442168" lon="19.769260">
        <ele>1673.912925</ele>
        <time>2026-05-06T06:37:45.458Z</time>
      </trkpt>
      <trkpt lat="42.442084" lon="19.769346">
        <ele>1673.937932</ele>
        <time>2026-05-06T06:38:11.214Z</time>
      </trkpt>
      <trkpt lat="42.441983" lon="19.769393">
        <ele>1673.963298</ele>
        <time>2026-05-06T06:38:39.219Z</time>
      </trkpt>
      <trkpt lat="42.441974" lon="19.769143">
        <ele>1673.811582</ele>
        <time>2026-05-06T06:39:29.847Z</time>
      </trkpt>
      <trkpt lat="42.441880" lon="19.769198">
        <ele>1673.614205</ele>
        <time>2026-05-06T06:39:58.188Z</time>
      </trkpt>
      <trkpt lat="42.441899" lon="19.769024">
        <ele>1673.363980</ele>
        <time>2026-05-06T06:40:32.890Z</time>
      </trkpt>
      <trkpt lat="42.442069" lon="19.768634">
        <ele>1672.719613</ele>
        <time>2026-05-06T06:41:54.975Z</time>
      </trkpt>
      <trkpt lat="42.442061" lon="19.768534">
        <ele>1672.576522</ele>
        <time>2026-05-06T06:42:10.863Z</time>
      </trkpt>
      <trkpt lat="42.441944" lon="19.768535">
        <ele>1672.350973</ele>
        <time>2026-05-06T06:42:34.884Z</time>
      </trkpt>
      <trkpt lat="42.441939" lon="19.768483">
        <ele>1672.276374</ele>
        <time>2026-05-06T06:42:42.285Z</time>
      </trkpt>
      <trkpt lat="42.441997" lon="19.768412">
        <ele>1672.125699</ele>
        <time>2026-05-06T06:42:57.009Z</time>
      </trkpt>
      <trkpt lat="42.441953" lon="19.768408">
        <ele>1672.040689</ele>
        <time>2026-05-06T06:43:04.703Z</time>
      </trkpt>
      <trkpt lat="42.441958" lon="19.768328">
        <ele>1671.926475</ele>
        <time>2026-05-06T06:43:14.530Z</time>
      </trkpt>
      <trkpt lat="42.441886" lon="19.768325">
        <ele>1671.787613</ele>
        <time>2026-05-06T06:43:26.410Z</time>
      </trkpt>
      <trkpt lat="42.441995" lon="19.768014">
        <ele>1671.297827</ele>
        <time>2026-05-06T06:44:14.019Z</time>
      </trkpt>
      <trkpt lat="42.441989" lon="19.767945">
        <ele>1671.198989</ele>
        <time>2026-05-06T06:44:24.452Z</time>
      </trkpt>
      <trkpt lat="42.441889" lon="19.768046">
        <ele>1670.958562</ele>
        <time>2026-05-06T06:44:50.844Z</time>
      </trkpt>
      <trkpt lat="42.441879" lon="19.768022">
        <ele>1670.919353</ele>
        <time>2026-05-06T06:44:55.237Z</time>
      </trkpt>
      <trkpt lat="42.441904" lon="19.767967">
        <ele>1670.827460</ele>
        <time>2026-05-06T06:45:06.779Z</time>
      </trkpt>
      <trkpt lat="42.441877" lon="19.767838">
        <ele>1670.636708</ele>
        <time>2026-05-06T06:45:31.504Z</time>
      </trkpt>
      <trkpt lat="42.441777" lon="19.767980">
        <ele>1666.376855</ele>
        <time>2026-05-06T06:46:12.470Z</time>
      </trkpt>
      <trkpt lat="42.441755" lon="19.767967">
        <ele>1665.186303</ele>
        <time>2026-05-06T06:46:19.471Z</time>
      </trkpt>
      <trkpt lat="42.441746" lon="19.767865">
        <ele>1661.425840</ele>
        <time>2026-05-06T06:46:43.717Z</time>
      </trkpt>
      <trkpt lat="42.441673" lon="19.767938">
        <ele>1656.925417</ele>
        <time>2026-05-06T06:47:13.836Z</time>
      </trkpt>
      <trkpt lat="42.441654" lon="19.767853">
        <ele>1653.674248</ele>
        <time>2026-05-06T06:47:37.346Z</time>
      </trkpt>
      <trkpt lat="42.441637" lon="19.767779">
        <ele>1650.837137</ele>
        <time>2026-05-06T06:47:57.770Z</time>
      </trkpt>
      <trkpt lat="42.441487" lon="19.767879">
        <ele>1642.544684</ele>
        <time>2026-05-06T06:49:03.010Z</time>
      </trkpt>
      <trkpt lat="42.441463" lon="19.767869">
        <ele>1641.299159</ele>
        <time>2026-05-06T06:49:13.445Z</time>
      </trkpt>
      <trkpt lat="42.441456" lon="19.767806">
        <ele>1638.966942</ele>
        <time>2026-05-06T06:49:33.209Z</time>
      </trkpt>
      <trkpt lat="42.441386" lon="19.767973">
        <ele>1631.936305</ele>
        <time>2026-05-06T06:50:33.931Z</time>
      </trkpt>
      <trkpt lat="42.441361" lon="19.767984">
        <ele>1630.632447</ele>
        <time>2026-05-06T06:50:45.274Z</time>
      </trkpt>
      <trkpt lat="42.441331" lon="19.767939">
        <ele>1628.412496</ele>
        <time>2026-05-06T06:51:05.091Z</time>
      </trkpt>
      <trkpt lat="42.441356" lon="19.767882">
        <ele>1625.985205</ele>
        <time>2026-05-06T06:51:27.228Z</time>
      </trkpt>
      <trkpt lat="42.441341" lon="19.767764">
        <ele>1621.601988</ele>
        <time>2026-05-06T06:52:08.599Z</time>
      </trkpt>
      <trkpt lat="42.441201" lon="19.767870">
        <ele>1613.646778</ele>
        <time>2026-05-06T06:53:26.434Z</time>
      </trkpt>
      <trkpt lat="42.441162" lon="19.767874">
        <ele>1611.706657</ele>
        <time>2026-05-06T06:53:45.872Z</time>
      </trkpt>
      <trkpt lat="42.441133" lon="19.767838">
        <ele>1609.755729</ele>
        <time>2026-05-06T06:54:05.468Z</time>
      </trkpt>
      <trkpt lat="42.441135" lon="19.767786">
        <ele>1607.849587</ele>
        <time>2026-05-06T06:54:25.063Z</time>
      </trkpt>
      <trkpt lat="42.441194" lon="19.767562">
        <ele>1599.143007</ele>
        <time>2026-05-06T06:55:54.860Z</time>
      </trkpt>
      <trkpt lat="42.441181" lon="19.767532">
        <ele>1597.869467</ele>
        <time>2026-05-06T06:56:08.051Z</time>
      </trkpt>
      <trkpt lat="42.441098" lon="19.767513">
        <ele>1593.693933</ele>
        <time>2026-05-06T06:56:52.134Z</time>
      </trkpt>
      <trkpt lat="42.440875" lon="19.767675">
        <ele>1581.121106</ele>
        <time>2026-05-06T06:59:04.728Z</time>
      </trkpt>
      <trkpt lat="42.440863" lon="19.767710">
        <ele>1579.510897</ele>
        <time>2026-05-06T06:59:19.914Z</time>
      </trkpt>
      <trkpt lat="42.440824" lon="19.767705">
        <ele>1577.296102</ele>
        <time>2026-05-06T06:59:40.822Z</time>
      </trkpt>
      <trkpt lat="42.440804" lon="19.767774">
        <ele>1574.203116</ele>
        <time>2026-05-06T07:00:09.500Z</time>
      </trkpt>
      <trkpt lat="42.440739" lon="19.767841">
        <ele>1569.585814</ele>
        <time>2026-05-06T07:00:53.348Z</time>
      </trkpt>
      <trkpt lat="42.440715" lon="19.767958">
        <ele>1564.519145</ele>
        <time>2026-05-06T07:01:40.533Z</time>
      </trkpt>
      <trkpt lat="42.440677" lon="19.767868">
        <ele>1560.192916</ele>
        <time>2026-05-06T07:02:20.694Z</time>
      </trkpt>
      <trkpt lat="42.440672" lon="19.768100">
        <ele>1550.509035</ele>
        <time>2026-05-06T07:03:48.660Z</time>
      </trkpt>
      <trkpt lat="42.440580" lon="19.768069">
        <ele>1545.149217</ele>
        <time>2026-05-06T07:04:36.291Z</time>
      </trkpt>
      <trkpt lat="42.440473" lon="19.767953">
        <ele>1537.401917</ele>
        <time>2026-05-06T07:05:44.804Z</time>
      </trkpt>
      <trkpt lat="42.440431" lon="19.767884">
        <ele>1533.670080</ele>
        <time>2026-05-06T07:06:17.477Z</time>
      </trkpt>
      <trkpt lat="42.440426" lon="19.767751">
        <ele>1528.113693</ele>
        <time>2026-05-06T07:07:05.249Z</time>
      </trkpt>
      <trkpt lat="42.440373" lon="19.767800">
        <ele>1524.486221</ele>
        <time>2026-05-06T07:07:36.138Z</time>
      </trkpt>
      <trkpt lat="42.440310" lon="19.767712">
        <ele>1519.370782</ele>
        <time>2026-05-06T07:08:18.832Z</time>
      </trkpt>
      <trkpt lat="42.440239" lon="19.767800">
        <ele>1513.930715</ele>
        <time>2026-05-06T07:09:03.904Z</time>
      </trkpt>
      <trkpt lat="42.440211" lon="19.767759">
        <ele>1511.599971</ele>
        <time>2026-05-06T07:09:22.962Z</time>
      </trkpt>
      <trkpt lat="42.440171" lon="19.767781">
        <ele>1509.159298</ele>
        <time>2026-05-06T07:09:43.349Z</time>
      </trkpt>
      <trkpt lat="42.440183" lon="19.767699">
        <ele>1505.671360</ele>
        <time>2026-05-06T07:10:11.958Z</time>
      </trkpt>
      <trkpt lat="42.440144" lon="19.767713">
        <ele>1503.390351</ele>
        <time>2026-05-06T07:10:29.957Z</time>
      </trkpt>
      <trkpt lat="42.440098" lon="19.767781">
        <ele>1499.541539</ele>
        <time>2026-05-06T07:11:00.717Z</time>
      </trkpt>
      <trkpt lat="42.440066" lon="19.767922">
        <ele>1493.386625</ele>
        <time>2026-05-06T07:11:48.371Z</time>
      </trkpt>
      <trkpt lat="42.440176" lon="19.768144">
        <ele>1482.229885</ele>
        <time>2026-05-06T07:13:10.776Z</time>
      </trkpt>
      <trkpt lat="42.440105" lon="19.768132">
        <ele>1479.008628</ele>
        <time>2026-05-06T07:13:39.267Z</time>
      </trkpt>
      <trkpt lat="42.440076" lon="19.768097">
        <ele>1478.084983</ele>
        <time>2026-05-06T07:13:54.489Z</time>
      </trkpt>
      <trkpt lat="42.440056" lon="19.768174">
        <ele>1476.652207</ele>
        <time>2026-05-06T07:14:17.320Z</time>
      </trkpt>
      <trkpt lat="42.440157" lon="19.768312">
        <ele>1473.240848</ele>
        <time>2026-05-06T07:15:09.212Z</time>
      </trkpt>
      <trkpt lat="42.440182" lon="19.768375">
        <ele>1471.985345</ele>
        <time>2026-05-06T07:15:27.202Z</time>
      </trkpt>
      <trkpt lat="42.440164" lon="19.768433">
        <ele>1470.880973</ele>
        <time>2026-05-06T07:15:42.678Z</time>
      </trkpt>
      <trkpt lat="42.440076" lon="19.768361">
        <ele>1468.436059</ele>
        <time>2026-05-06T07:16:15.129Z</time>
      </trkpt>
      <trkpt lat="42.440030" lon="19.768260">
        <ele>1466.352880</ele>
        <time>2026-05-06T07:16:41.298Z</time>
      </trkpt>
      <trkpt lat="42.440005" lon="19.768249">
        <ele>1465.727724</ele>
        <time>2026-05-06T07:16:48.642Z</time>
      </trkpt>
      <trkpt lat="42.439932" lon="19.768304">
        <ele>1463.741173</ele>
        <time>2026-05-06T07:17:11.263Z</time>
      </trkpt>
      <trkpt lat="42.439909" lon="19.768387">
        <ele>1462.185031</ele>
        <time>2026-05-06T07:17:27.838Z</time>
      </trkpt>
      <trkpt lat="42.439862" lon="19.768342">
        <ele>1460.816302</ele>
        <time>2026-05-06T07:17:42.157Z</time>
      </trkpt>
      <trkpt lat="42.439802" lon="19.768126">
        <ele>1456.765368</ele>
        <time>2026-05-06T07:18:20.754Z</time>
      </trkpt>
      <trkpt lat="42.439759" lon="19.768151">
        <ele>1455.652501</ele>
        <time>2026-05-06T07:18:30.667Z</time>
      </trkpt>
      <trkpt lat="42.439712" lon="19.768340">
        <ele>1452.151869</ele>
        <time>2026-05-06T07:19:00.677Z</time>
      </trkpt>
      <trkpt lat="42.439698" lon="19.768517">
        <ele>1449.027342</ele>
        <time>2026-05-06T07:19:26.679Z</time>
      </trkpt>
      <trkpt lat="42.439721" lon="19.768670">
        <ele>1446.286713</ele>
        <time>2026-05-06T07:19:48.537Z</time>
      </trkpt>
      <trkpt lat="42.439748" lon="19.768728">
        <ele>1445.083073</ele>
        <time>2026-05-06T07:19:58.485Z</time>
      </trkpt>
      <trkpt lat="42.439887" lon="19.768829">
        <ele>1441.331806</ele>
        <time>2026-05-06T07:20:28.630Z</time>
      </trkpt>
      <trkpt lat="42.439936" lon="19.768760">
        <ele>1439.651055</ele>
        <time>2026-05-06T07:20:42.181Z</time>
      </trkpt>
      <trkpt lat="42.439958" lon="19.768855">
        <ele>1437.903436</ele>
        <time>2026-05-06T07:20:56.467Z</time>
      </trkpt>
      <trkpt lat="42.440096" lon="19.768942">
        <ele>1432.578469</ele>
        <time>2026-05-06T07:21:26.057Z</time>
      </trkpt>
      <trkpt lat="42.440119" lon="19.769000">
        <ele>1430.648545</ele>
        <time>2026-05-06T07:21:35.596Z</time>
      </trkpt>
      <trkpt lat="42.440103" lon="19.769293">
        <ele>1422.036964</ele>
        <time>2026-05-06T07:22:19.934Z</time>
      </trkpt>
      <trkpt lat="42.440003" lon="19.769663">
        <ele>1410.487503</ele>
        <time>2026-05-06T07:23:33.426Z</time>
      </trkpt>
      <trkpt lat="42.440029" lon="19.769767">
        <ele>1407.269000</ele>
        <time>2026-05-06T07:23:57.963Z</time>
      </trkpt>
      <trkpt lat="42.440153" lon="19.769919">
        <ele>1400.627853</ele>
        <time>2026-05-06T07:24:55.189Z</time>
      </trkpt>
      <trkpt lat="42.440180" lon="19.770025">
        <ele>1397.341037</ele>
        <time>2026-05-06T07:25:26.337Z</time>
      </trkpt>
      <trkpt lat="42.440168" lon="19.770129">
        <ele>1394.255669</ele>
        <time>2026-05-06T07:25:57.355Z</time>
      </trkpt>
      <trkpt lat="42.440150" lon="19.770141">
        <ele>1393.458913</ele>
        <time>2026-05-06T07:26:05.900Z</time>
      </trkpt>
      <trkpt lat="42.439886" lon="19.770059">
        <ele>1382.701522</ele>
        <time>2026-05-06T07:28:06.959Z</time>
      </trkpt>
      <trkpt lat="42.439750" lon="19.770108">
        <ele>1377.112245</ele>
        <time>2026-05-06T07:29:17.065Z</time>
      </trkpt>
      <trkpt lat="42.439587" lon="19.770299">
        <ele>1368.553350</ele>
        <time>2026-05-06T07:31:13.208Z</time>
      </trkpt>
      <trkpt lat="42.439155" lon="19.770074">
        <ele>1341.665776</ele>
        <time>2026-05-06T07:35:36.194Z</time>
      </trkpt>
      <trkpt lat="42.438978" lon="19.770056">
        <ele>1330.675943</ele>
        <time>2026-05-06T07:37:17.787Z</time>
      </trkpt>
      <trkpt lat="42.438943" lon="19.770177">
        <ele>1324.737537</ele>
        <time>2026-05-06T07:38:11.967Z</time>
      </trkpt>
      <trkpt lat="42.438959" lon="19.770437">
        <ele>1312.816046</ele>
        <time>2026-05-06T07:39:59.923Z</time>
      </trkpt>
      <trkpt lat="42.438799" lon="19.770529">
        <ele>1302.054558</ele>
        <time>2026-05-06T07:41:32.805Z</time>
      </trkpt>
      <trkpt lat="42.438725" lon="19.770511">
        <ele>1297.399586</ele>
        <time>2026-05-06T07:42:11.815Z</time>
      </trkpt>
      <trkpt lat="42.438617" lon="19.770559">
        <ele>1290.362219</ele>
        <time>2026-05-06T07:43:08.729Z</time>
      </trkpt>
      <trkpt lat="42.438566" lon="19.770551">
        <ele>1287.183449</ele>
        <time>2026-05-06T07:43:34.100Z</time>
      </trkpt>
      <trkpt lat="42.438593" lon="19.770361">
        <ele>1278.342186</ele>
        <time>2026-05-06T07:44:41.672Z</time>
      </trkpt>
      <trkpt lat="42.438576" lon="19.770348">
        <ele>1277.133576</ele>
        <time>2026-05-06T07:44:50.775Z</time>
      </trkpt>
      <trkpt lat="42.438454" lon="19.770405">
        <ele>1269.143486</ele>
        <time>2026-05-06T07:45:48.329Z</time>
      </trkpt>
      <trkpt lat="42.438419" lon="19.770413">
        <ele>1266.945835</ele>
        <time>2026-05-06T07:46:03.766Z</time>
      </trkpt>
      <trkpt lat="42.438190" lon="19.770463">
        <ele>1253.175851</ele>
        <time>2026-05-06T07:47:40.509Z</time>
      </trkpt>
      <trkpt lat="42.438103" lon="19.770453">
        <ele>1249.986444</ele>
        <time>2026-05-06T07:48:15.505Z</time>
      </trkpt>
      <trkpt lat="42.437973" lon="19.770518">
        <ele>1244.924730</ele>
        <time>2026-05-06T07:49:09.078Z</time>
      </trkpt>
      <trkpt lat="42.437970" lon="19.770386">
        <ele>1241.364528</ele>
        <time>2026-05-06T07:49:45.863Z</time>
      </trkpt>
      <trkpt lat="42.438015" lon="19.770184">
        <ele>1235.676236</ele>
        <time>2026-05-06T07:50:42.957Z</time>
      </trkpt>
      <trkpt lat="42.437767" lon="19.770263">
        <ele>1226.370155</ele>
        <time>2026-05-06T07:52:12.760Z</time>
      </trkpt>
      <trkpt lat="42.437736" lon="19.770239">
        <ele>1225.065962</ele>
        <time>2026-05-06T07:52:24.794Z</time>
      </trkpt>
      <trkpt lat="42.437653" lon="19.770280">
        <ele>1221.838892</ele>
        <time>2026-05-06T07:52:54.765Z</time>
      </trkpt>
      <trkpt lat="42.437509" lon="19.770261">
        <ele>1216.553885</ele>
        <time>2026-05-06T07:53:42.660Z</time>
      </trkpt>
      <trkpt lat="42.437447" lon="19.770292">
        <ele>1214.139835</ele>
        <time>2026-05-06T07:54:04.572Z</time>
      </trkpt>
      <trkpt lat="42.437311" lon="19.770462">
        <ele>1207.380862</ele>
        <time>2026-05-06T07:55:03.408Z</time>
      </trkpt>
      <trkpt lat="42.437215" lon="19.770539">
        <ele>1203.305773</ele>
        <time>2026-05-06T07:55:38.119Z</time>
      </trkpt>
      <trkpt lat="42.437084" lon="19.770513">
        <ele>1198.469456</ele>
        <time>2026-05-06T07:56:18.271Z</time>
      </trkpt>
      <trkpt lat="42.436920" lon="19.770551">
        <ele>1192.391795</ele>
        <time>2026-05-06T07:57:07.467Z</time>
      </trkpt>
      <trkpt lat="42.436776" lon="19.770508">
        <ele>1187.364000</ele>
        <time>2026-05-06T07:57:50.304Z</time>
      </trkpt>
      <trkpt lat="42.436747" lon="19.770466">
        <ele>1186.234777</ele>
        <time>2026-05-06T07:58:02.274Z</time>
      </trkpt>
      <trkpt lat="42.436636" lon="19.770458">
        <ele>1183.277709</ele>
        <time>2026-05-06T07:58:33.982Z</time>
      </trkpt>
      <trkpt lat="42.436583" lon="19.770392">
        <ele>1181.362757</ele>
        <time>2026-05-06T07:58:54.487Z</time>
      </trkpt>
      <trkpt lat="42.436359" lon="19.770355">
        <ele>1175.359648</ele>
        <time>2026-05-06T07:59:58.333Z</time>
      </trkpt>
      <trkpt lat="42.436244" lon="19.770287">
        <ele>1172.021718</ele>
        <time>2026-05-06T08:00:33.824Z</time>
      </trkpt>
      <trkpt lat="42.436063" lon="19.769935">
        <ele>1163.598712</ele>
        <time>2026-05-06T08:02:02.277Z</time>
      </trkpt>
      <trkpt lat="42.435831" lon="19.769282">
        <ele>1149.369767</ele>
        <time>2026-05-06T08:04:32.769Z</time>
      </trkpt>
      <trkpt lat="42.435644" lon="19.769084">
        <ele>1143.056289</ele>
        <time>2026-05-06T08:05:39.256Z</time>
      </trkpt>
      <trkpt lat="42.435310" lon="19.768579">
        <ele>1131.855933</ele>
        <time>2026-05-06T08:07:53.676Z</time>
      </trkpt>
      <trkpt lat="42.435245" lon="19.768363">
        <ele>1128.177803</ele>
        <time>2026-05-06T08:08:38.593Z</time>
      </trkpt>
      <trkpt lat="42.435150" lon="19.768188">
        <ele>1124.752336</ele>
        <time>2026-05-06T08:09:19.672Z</time>
      </trkpt>
      <trkpt lat="42.435018" lon="19.768021">
        <ele>1120.893925</ele>
        <time>2026-05-06T08:10:04.843Z</time>
      </trkpt>
      <trkpt lat="42.434586" lon="19.767622">
        <ele>1109.723971</ele>
        <time>2026-05-06T08:12:08.330Z</time>
      </trkpt>
      <trkpt lat="42.434390" lon="19.767588">
        <ele>1105.502301</ele>
        <time>2026-05-06T08:12:52.763Z</time>
      </trkpt>
      <trkpt lat="42.434319" lon="19.767544">
        <ele>1103.834266</ele>
        <time>2026-05-06T08:13:10.023Z</time>
      </trkpt>
      <trkpt lat="42.434269" lon="19.767362">
        <ele>1101.040732</ele>
        <time>2026-05-06T08:13:41.573Z</time>
      </trkpt>
      <trkpt lat="42.434277" lon="19.767286">
        <ele>1100.084958</ele>
        <time>2026-05-06T08:13:53.838Z</time>
      </trkpt>
      <trkpt lat="42.434231" lon="19.767203">
        <ele>1098.792702</ele>
        <time>2026-05-06T08:14:10.348Z</time>
      </trkpt>
      <trkpt lat="42.434156" lon="19.767219">
        <ele>1097.511963</ele>
        <time>2026-05-06T08:14:26.595Z</time>
      </trkpt>
      <trkpt lat="42.434114" lon="19.767146">
        <ele>1096.359591</ele>
        <time>2026-05-06T08:14:41.302Z</time>
      </trkpt>
      <trkpt lat="42.434084" lon="19.767184">
        <ele>1095.666826</ele>
        <time>2026-05-06T08:14:50.122Z</time>
      </trkpt>
      <trkpt lat="42.434118" lon="19.767268">
        <ele>1094.474080</ele>
        <time>2026-05-06T08:15:05.337Z</time>
      </trkpt>
      <trkpt lat="42.434074" lon="19.767267">
        <ele>1093.731752</ele>
        <time>2026-05-06T08:15:14.805Z</time>
      </trkpt>
      <trkpt lat="42.434052" lon="19.767212">
        <ele>1092.952901</ele>
        <time>2026-05-06T08:15:24.684Z</time>
      </trkpt>
      <trkpt lat="42.434057" lon="19.767128">
        <ele>1091.903703</ele>
        <time>2026-05-06T08:15:38.046Z</time>
      </trkpt>
      <trkpt lat="42.434007" lon="19.767074">
        <ele>1090.825106</ele>
        <time>2026-05-06T08:15:51.690Z</time>
      </trkpt>
      <trkpt lat="42.433897" lon="19.767060">
        <ele>1088.961379</ele>
        <time>2026-05-06T08:16:15.132Z</time>
      </trkpt>
      <trkpt lat="42.433824" lon="19.766952">
        <ele>1087.138098</ele>
        <time>2026-05-06T08:16:37.878Z</time>
      </trkpt>
      <trkpt lat="42.433634" lon="19.766878">
        <ele>1083.803254</ele>
        <time>2026-05-06T08:17:19.694Z</time>
      </trkpt>
      <trkpt lat="42.433599" lon="19.766822">
        <ele>1082.889649</ele>
        <time>2026-05-06T08:17:31.151Z</time>
      </trkpt>
      <trkpt lat="42.433503" lon="19.766779">
        <ele>1081.184055</ele>
        <time>2026-05-06T08:17:52.480Z</time>
      </trkpt>
      <trkpt lat="42.433418" lon="19.766647">
        <ele>1079.003063</ele>
        <time>2026-05-06T08:18:19.699Z</time>
      </trkpt>
      <trkpt lat="42.433352" lon="19.766618">
        <ele>1077.832647</ele>
        <time>2026-05-06T08:18:34.424Z</time>
      </trkpt>
      <trkpt lat="42.433073" lon="19.766613">
        <ele>1073.125864</ele>
        <time>2026-05-06T08:19:33.921Z</time>
      </trkpt>
      <trkpt lat="42.432998" lon="19.766624">
        <ele>1071.853320</ele>
        <time>2026-05-06T08:19:50.500Z</time>
      </trkpt>
      <trkpt lat="42.432794" lon="19.766656">
        <ele>1068.348950</ele>
        <time>2026-05-06T08:20:36.768Z</time>
      </trkpt>
      <trkpt lat="42.432615" lon="19.766597">
        <ele>1065.203775</ele>
        <time>2026-05-06T08:21:19.504Z</time>
      </trkpt>
      <trkpt lat="42.432553" lon="19.766530">
        <ele>1063.849800</ele>
        <time>2026-05-06T08:21:37.930Z</time>
      </trkpt>
      <trkpt lat="42.432415" lon="19.766063">
        <ele>1057.510997</ele>
        <time>2026-05-06T08:23:02.090Z</time>
      </trkpt>
      <trkpt lat="42.432306" lon="19.765813">
        <ele>1053.852137</ele>
        <time>2026-05-06T08:23:49.128Z</time>
      </trkpt>
      <trkpt lat="42.432264" lon="19.765744">
        <ele>1052.725124</ele>
        <time>2026-05-06T08:24:03.571Z</time>
      </trkpt>
      <trkpt lat="42.432171" lon="19.765667">
        <ele>1050.864349</ele>
        <time>2026-05-06T08:24:26.789Z</time>
      </trkpt>
      <trkpt lat="42.432095" lon="19.765439">
        <ele>1047.711887</ele>
        <time>2026-05-06T08:25:06.190Z</time>
      </trkpt>
      <trkpt lat="42.431968" lon="19.765270">
        <ele>1044.672731</ele>
        <time>2026-05-06T08:25:43.745Z</time>
      </trkpt>
      <trkpt lat="42.431528" lon="19.764990">
        <ele>1037.039127</ele>
        <time>2026-05-06T08:27:26.236Z</time>
      </trkpt>
      <trkpt lat="42.431292" lon="19.764766">
        <ele>1032.827540</ele>
        <time>2026-05-06T08:28:26.104Z</time>
      </trkpt>
      <trkpt lat="42.431084" lon="19.764673">
        <ele>1029.626153</ele>
        <time>2026-05-06T08:29:10.598Z</time>
      </trkpt>
      <trkpt lat="42.430759" lon="19.764439">
        <ele>1024.246868</ele>
        <time>2026-05-06T08:30:24.660Z</time>
      </trkpt>
      <trkpt lat="42.430617" lon="19.764392">
        <ele>1022.110366</ele>
        <time>2026-05-06T08:30:52.327Z</time>
      </trkpt>
      <trkpt lat="42.430562" lon="19.764355">
        <ele>1021.212845</ele>
        <time>2026-05-06T08:31:04.149Z</time>
      </trkpt>
      <trkpt lat="42.430526" lon="19.764284">
        <ele>1020.283580</ele>
        <time>2026-05-06T08:31:16.355Z</time>
      </trkpt>
      <trkpt lat="42.430536" lon="19.764113">
        <ele>1018.433055</ele>
        <time>2026-05-06T08:31:40.765Z</time>
      </trkpt>
      <trkpt lat="42.430589" lon="19.764046">
        <ele>1017.373570</ele>
        <time>2026-05-06T08:31:54.823Z</time>
      </trkpt>
      <trkpt lat="42.430475" lon="19.763932">
        <ele>1015.302637</ele>
        <time>2026-05-06T08:32:24.737Z</time>
      </trkpt>
      <trkpt lat="42.430106" lon="19.763827">
        <ele>1008.401621</ele>
        <time>2026-05-06T08:33:45.279Z</time>
      </trkpt>
      <trkpt lat="42.429971" lon="19.763704">
        <ele>1005.351889</ele>
        <time>2026-05-06T08:34:21.263Z</time>
      </trkpt>
      <trkpt lat="42.429945" lon="19.763658">
        <ele>1004.550231</ele>
        <time>2026-05-06T08:34:30.482Z</time>
      </trkpt>
      <trkpt lat="42.429886" lon="19.763554">
        <ele>1002.735304</ele>
        <time>2026-05-06T08:34:53.310Z</time>
      </trkpt>
      <trkpt lat="42.429756" lon="19.763450">
        <ele>999.905189</ele>
        <time>2026-05-06T08:35:28.846Z</time>
      </trkpt>
      <trkpt lat="42.429711" lon="19.763476">
        <ele>998.988114</ele>
        <time>2026-05-06T08:35:39.518Z</time>
      </trkpt>
      <trkpt lat="42.429606" lon="19.763473">
        <ele>997.019351</ele>
        <time>2026-05-06T08:36:02.525Z</time>
      </trkpt>
      <trkpt lat="42.429567" lon="19.763408">
        <ele>995.860312</ele>
        <time>2026-05-06T08:36:16.148Z</time>
      </trkpt>
      <trkpt lat="42.429586" lon="19.763290">
        <ele>994.189204</ele>
        <time>2026-05-06T08:36:36.048Z</time>
      </trkpt>
      <trkpt lat="42.429419" lon="19.763080">
        <ele>989.917969</ele>
        <time>2026-05-06T08:37:30.398Z</time>
      </trkpt>
      <trkpt lat="42.429337" lon="19.762919">
        <ele>987.211406</ele>
        <time>2026-05-06T08:38:02.013Z</time>
      </trkpt>
      <trkpt lat="42.429263" lon="19.762691">
        <ele>983.765143</ele>
        <time>2026-05-06T08:38:42.821Z</time>
      </trkpt>
      <trkpt lat="42.429065" lon="19.762412">
        <ele>979.505634</ele>
        <time>2026-05-06T08:39:46.228Z</time>
      </trkpt>
      <trkpt lat="42.428815" lon="19.762336">
        <ele>976.739525</ele>
        <time>2026-05-06T08:40:42.139Z</time>
      </trkpt>
      <trkpt lat="42.428644" lon="19.762213">
        <ele>974.649350</ele>
        <time>2026-05-06T08:41:23.849Z</time>
      </trkpt>
      <trkpt lat="42.428602" lon="19.762026">
        <ele>973.091740</ele>
        <time>2026-05-06T08:41:53.054Z</time>
      </trkpt>
      <trkpt lat="42.428557" lon="19.761532">
        <ele>969.125326</ele>
        <time>2026-05-06T08:43:01.688Z</time>
      </trkpt>
      <trkpt lat="42.428496" lon="19.761304">
        <ele>967.192786</ele>
        <time>2026-05-06T08:43:32.123Z</time>
      </trkpt>
      <trkpt lat="42.428400" lon="19.761078">
        <ele>965.114920</ele>
        <time>2026-05-06T08:44:03.411Z</time>
      </trkpt>
      <trkpt lat="42.428256" lon="19.760907">
        <ele>963.047631</ele>
        <time>2026-05-06T08:44:33.327Z</time>
      </trkpt>
      <trkpt lat="42.428487" lon="19.760971">
        <ele>962.311679</ele>
        <time>2026-05-06T08:45:09.908Z</time>
      </trkpt>
      <trkpt lat="42.428757" lon="19.761112">
        <ele>964.453735</ele>
        <time>2026-05-06T08:45:59.083Z</time>
      </trkpt>
      <trkpt lat="42.428849" lon="19.761124">
        <ele>965.137927</ele>
        <time>2026-05-06T08:46:15.778Z</time>
      </trkpt>
      <trkpt lat="42.429391" lon="19.760951">
        <ele>969.260004</ele>
        <time>2026-05-06T08:48:07.586Z</time>
      </trkpt>
      <trkpt lat="42.429993" lon="19.761018">
        <ele>973.731402</ele>
        <time>2026-05-06T08:50:10.218Z</time>
      </trkpt>
      <trkpt lat="42.430639" lon="19.760822">
        <ele>980.655412</ele>
        <time>2026-05-06T08:52:20.865Z</time>
      </trkpt>
      <trkpt lat="42.430883" lon="19.760682">
        <ele>983.677747</ele>
        <time>2026-05-06T08:53:13.623Z</time>
      </trkpt>
      <trkpt lat="42.430935" lon="19.760704">
        <ele>984.299102</ele>
        <time>2026-05-06T08:53:24.520Z</time>
      </trkpt>
      <trkpt lat="42.430971" lon="19.760762">
        <ele>984.937085</ele>
        <time>2026-05-06T08:53:35.779Z</time>
      </trkpt>
      <trkpt lat="42.431440" lon="19.760616">
        <ele>990.425867</ele>
        <time>2026-05-06T08:55:14.641Z</time>
      </trkpt>
      <trkpt lat="42.431636" lon="19.760638">
        <ele>992.669092</ele>
        <time>2026-05-06T08:55:57.522Z</time>
      </trkpt>
      <trkpt lat="42.431808" lon="19.760676">
        <ele>994.656828</ele>
        <time>2026-05-06T08:56:37.598Z</time>
      </trkpt>
      <trkpt lat="42.431984" lon="19.760792">
        <ele>998.141586</ele>
        <time>2026-05-06T08:57:26.276Z</time>
      </trkpt>
      <trkpt lat="42.432063" lon="19.760742">
        <ele>999.975643</ele>
        <time>2026-05-06T08:57:48.992Z</time>
      </trkpt>
      <trkpt lat="42.432146" lon="19.760735">
        <ele>1001.724849</ele>
        <time>2026-05-06T08:58:10.921Z</time>
      </trkpt>
      <trkpt lat="42.432200" lon="19.760788">
        <ele>1003.127401</ele>
        <time>2026-05-06T08:58:28.650Z</time>
      </trkpt>
      <trkpt lat="42.432227" lon="19.760863">
        <ele>1004.422876</ele>
        <time>2026-05-06T08:58:45.297Z</time>
      </trkpt>
      <trkpt lat="42.432274" lon="19.760884">
        <ele>1005.463847</ele>
        <time>2026-05-06T08:58:58.866Z</time>
      </trkpt>
      <trkpt lat="42.432389" lon="19.760827">
        <ele>1008.039546</ele>
        <time>2026-05-06T08:59:32.773Z</time>
      </trkpt>
      <trkpt lat="42.432478" lon="19.760839">
        <ele>1009.920824</ele>
        <time>2026-05-06T08:59:58.403Z</time>
      </trkpt>
      <trkpt lat="42.432595" lon="19.760943">
        <ele>1012.864167</ele>
        <time>2026-05-06T09:00:38.845Z</time>
      </trkpt>
      <trkpt lat="42.432716" lon="19.760943">
        <ele>1015.409289</ele>
        <time>2026-05-06T09:01:15.362Z</time>
      </trkpt>
      <trkpt lat="42.432778" lon="19.760975">
        <ele>1016.804819</ele>
        <time>2026-05-06T09:01:35.565Z</time>
      </trkpt>
      <trkpt lat="42.433183" lon="19.760922">
        <ele>1025.363258</ele>
        <time>2026-05-06T09:03:47.885Z</time>
      </trkpt>
      <trkpt lat="42.433691" lon="19.760937">
        <ele>1037.664575</ele>
        <time>2026-05-06T09:06:49.500Z</time>
      </trkpt>
      <trkpt lat="42.433839" lon="19.760789">
        <ele>1043.753109</ele>
        <time>2026-05-06T09:07:59.799Z</time>
      </trkpt>
      <trkpt lat="42.436822" lon="19.760858">
        <ele>1151.669640</ele>
        <time>2026-05-06T09:29:44.840Z</time>
      </trkpt>
      <trkpt lat="42.437123" lon="19.760703">
        <ele>1164.756362</ele>
        <time>2026-05-06T09:32:44.424Z</time>
      </trkpt>
      <trkpt lat="42.437280" lon="19.760851">
        <ele>1175.691277</ele>
        <time>2026-05-06T09:34:37.727Z</time>
      </trkpt>
      <trkpt lat="42.438175" lon="19.760377">
        <ele>1230.631588</ele>
        <time>2026-05-06T09:45:16.192Z</time>
      </trkpt>
      <trkpt lat="42.438744" lon="19.759683">
        <ele>1273.156727</ele>
        <time>2026-05-06T09:53:28.903Z</time>
      </trkpt>
      <trkpt lat="42.438743" lon="19.759614">
        <ele>1275.631226</ele>
        <time>2026-05-06T09:53:59.739Z</time>
      </trkpt>
      <trkpt lat="42.438742" lon="19.759513">
        <ele>1279.252948</ele>
        <time>2026-05-06T09:54:45.455Z</time>
      </trkpt>
      <trkpt lat="42.438662" lon="19.759238">
        <ele>1289.851597</ele>
        <time>2026-05-06T09:56:58.686Z</time>
      </trkpt>
      <trkpt lat="42.438764" lon="19.759074">
        <ele>1297.541594</ele>
        <time>2026-05-06T09:58:35.927Z</time>
      </trkpt>
      <trkpt lat="42.438738" lon="19.758927">
        <ele>1302.961596</ele>
        <time>2026-05-06T09:59:44.476Z</time>
      </trkpt>
      <trkpt lat="42.438785" lon="19.758900">
        <ele>1305.441812</ele>
        <time>2026-05-06T10:00:15.645Z</time>
      </trkpt>
      <trkpt lat="42.438791" lon="19.758809">
        <ele>1308.717648</ele>
        <time>2026-05-06T10:00:56.528Z</time>
      </trkpt>
      <trkpt lat="42.438900" lon="19.758726">
        <ele>1314.792284</ele>
        <time>2026-05-06T10:02:11.173Z</time>
      </trkpt>
      <trkpt lat="42.438966" lon="19.758592">
        <ele>1320.568655</ele>
        <time>2026-05-06T10:03:20.592Z</time>
      </trkpt>
      <trkpt lat="42.438987" lon="19.758426">
        <ele>1326.607443</ele>
        <time>2026-05-06T10:04:31.187Z</time>
      </trkpt>
      <trkpt lat="42.439088" lon="19.758230">
        <ele>1335.178711</ele>
        <time>2026-05-06T10:06:03.967Z</time>
      </trkpt>
      <trkpt lat="42.439158" lon="19.758192">
        <ele>1338.842407</ele>
        <time>2026-05-06T10:06:41.286Z</time>
      </trkpt>
      <trkpt lat="42.439184" lon="19.758091">
        <ele>1342.677769</ele>
        <time>2026-05-06T10:07:20.788Z</time>
      </trkpt>
      <trkpt lat="42.439453" lon="19.757848">
        <ele>1352.932102</ele>
        <time>2026-05-06T10:09:47.973Z</time>
      </trkpt>
      <trkpt lat="42.439625" lon="19.757624">
        <ele>1351.580371</ele>
        <time>2026-05-06T10:11:17.371Z</time>
      </trkpt>
      <trkpt lat="42.439735" lon="19.757567">
        <ele>1350.913071</ele>
        <time>2026-05-06T10:11:52.470Z</time>
      </trkpt>
      <trkpt lat="42.439734" lon="19.757483">
        <ele>1350.561773</ele>
        <time>2026-05-06T10:12:08.078Z</time>
      </trkpt>
      <trkpt lat="42.439692" lon="19.757412">
        <ele>1350.181274</ele>
        <time>2026-05-06T10:12:22.822Z</time>
      </trkpt>
      <trkpt lat="42.439547" lon="19.757294">
        <ele>1349.222894</ele>
        <time>2026-05-06T10:12:52.521Z</time>
      </trkpt>
      <trkpt lat="42.439692" lon="19.757412">
        <ele>1348.264514</ele>
        <time>2026-05-06T10:13:20.434Z</time>
      </trkpt>
      <trkpt lat="42.439734" lon="19.757483">
        <ele>1347.884016</ele>
        <time>2026-05-06T10:13:32.900Z</time>
      </trkpt>
      <trkpt lat="42.439735" lon="19.757567">
        <ele>1347.532718</ele>
        <time>2026-05-06T10:13:45.024Z</time>
      </trkpt>
      <trkpt lat="42.439625" lon="19.757624">
        <ele>1346.865417</ele>
        <time>2026-05-06T10:14:10.941Z</time>
      </trkpt>
      <trkpt lat="42.439453" lon="19.757848">
        <ele>1345.513686</ele>
        <time>2026-05-06T10:15:15.458Z</time>
      </trkpt>
      <trkpt lat="42.439184" lon="19.758091">
        <ele>1343.681824</ele>
        <time>2026-05-06T10:16:59.979Z</time>
      </trkpt>
      <trkpt lat="42.439158" lon="19.758192">
        <ele>1342.612506</ele>
        <time>2026-05-06T10:17:27.852Z</time>
      </trkpt>
      <trkpt lat="42.439088" lon="19.758230">
        <ele>1338.672226</ele>
        <time>2026-05-06T10:17:54.177Z</time>
      </trkpt>
      <trkpt lat="42.438987" lon="19.758426">
        <ele>1329.453890</ele>
        <time>2026-05-06T10:18:59.417Z</time>
      </trkpt>
      <trkpt lat="42.438966" lon="19.758592">
        <ele>1322.959217</ele>
        <time>2026-05-06T10:19:48.838Z</time>
      </trkpt>
      <trkpt lat="42.438900" lon="19.758726">
        <ele>1316.746772</ele>
        <time>2026-05-06T10:20:37.349Z</time>
      </trkpt>
      <trkpt lat="42.438791" lon="19.758809">
        <ele>1310.213544</ele>
        <time>2026-05-06T10:21:29.455Z</time>
      </trkpt>
      <trkpt lat="42.438785" lon="19.758900">
        <ele>1306.690407</ele>
        <time>2026-05-06T10:21:57.974Z</time>
      </trkpt>
      <trkpt lat="42.438738" lon="19.758927">
        <ele>1304.022952</ele>
        <time>2026-05-06T10:22:19.715Z</time>
      </trkpt>
      <trkpt lat="42.438764" lon="19.759074">
        <ele>1298.193779</ele>
        <time>2026-05-06T10:23:07.496Z</time>
      </trkpt>
      <trkpt lat="42.438662" lon="19.759238">
        <ele>1289.923242</ele>
        <time>2026-05-06T10:24:15.283Z</time>
      </trkpt>
      <trkpt lat="42.438742" lon="19.759513">
        <ele>1278.524472</ele>
        <time>2026-05-06T10:25:48.166Z</time>
      </trkpt>
      <trkpt lat="42.438743" lon="19.759614">
        <ele>1274.629337</ele>
        <time>2026-05-06T10:26:20.037Z</time>
      </trkpt>
      <trkpt lat="42.438744" lon="19.759683">
        <ele>1271.968030</ele>
        <time>2026-05-06T10:26:41.545Z</time>
      </trkpt>
      <trkpt lat="42.438175" lon="19.760377">
        <ele>1230.914157</ele>
        <time>2026-05-06T10:32:24.179Z</time>
      </trkpt>
      <trkpt lat="42.437280" lon="19.760851">
        <ele>1177.661862</ele>
        <time>2026-05-06T10:39:47.517Z</time>
      </trkpt>
      <trkpt lat="42.437123" lon="19.760703">
        <ele>1167.062918</ele>
        <time>2026-05-06T10:41:06.648Z</time>
      </trkpt>
      <trkpt lat="42.436822" lon="19.760858">
        <ele>1149.360232</ele>
        <time>2026-05-06T10:43:12.487Z</time>
      </trkpt>
      <trkpt lat="42.433839" lon="19.760789">
        <ele>1044.714288</ele>
        <time>2026-05-06T10:58:42.016Z</time>
      </trkpt>
      <trkpt lat="42.433691" lon="19.760937">
        <ele>1038.862696</ele>
        <time>2026-05-06T10:59:32.650Z</time>
      </trkpt>
      <trkpt lat="42.433183" lon="19.760922">
        <ele>1023.804992</ele>
        <time>2026-05-06T11:01:44.284Z</time>
      </trkpt>
      <trkpt lat="42.432778" lon="19.760975">
        <ele>1016.094788</ele>
        <time>2026-05-06T11:03:21.114Z</time>
      </trkpt>
      <trkpt lat="42.432716" lon="19.760943">
        <ele>1014.837569</ele>
        <time>2026-05-06T11:03:36.003Z</time>
      </trkpt>
      <trkpt lat="42.432595" lon="19.760943">
        <ele>1012.544697</ele>
        <time>2026-05-06T11:04:02.967Z</time>
      </trkpt>
      <trkpt lat="42.432478" lon="19.760839">
        <ele>1009.893071</ele>
        <time>2026-05-06T11:04:32.940Z</time>
      </trkpt>
      <trkpt lat="42.432389" lon="19.760827">
        <ele>1008.198248</ele>
        <time>2026-05-06T11:04:51.989Z</time>
      </trkpt>
      <trkpt lat="42.432274" lon="19.760884">
        <ele>1005.877829</ele>
        <time>2026-05-06T11:05:17.243Z</time>
      </trkpt>
      <trkpt lat="42.432227" lon="19.760863">
        <ele>1004.940029</ele>
        <time>2026-05-06T11:05:27.372Z</time>
      </trkpt>
      <trkpt lat="42.432200" lon="19.760788">
        <ele>1003.772950</ele>
        <time>2026-05-06T11:05:39.810Z</time>
      </trkpt>
      <trkpt lat="42.432146" lon="19.760735">
        <ele>1002.509406</ele>
        <time>2026-05-06T11:05:53.093Z</time>
      </trkpt>
      <trkpt lat="42.432063" lon="19.760742">
        <ele>1000.933566</ele>
        <time>2026-05-06T11:06:09.539Z</time>
      </trkpt>
      <trkpt lat="42.431984" lon="19.760792">
        <ele>999.281284</ele>
        <time>2026-05-06T11:06:26.731Z</time>
      </trkpt>
      <trkpt lat="42.431808" lon="19.760676">
        <ele>995.572515</ele>
        <time>2026-05-06T11:07:04.684Z</time>
      </trkpt>
      <trkpt lat="42.431636" lon="19.760638">
        <ele>992.270178</ele>
        <time>2026-05-06T11:07:37.693Z</time>
      </trkpt>
      <trkpt lat="42.431440" lon="19.760616">
        <ele>989.745442</ele>
        <time>2026-05-06T11:08:14.224Z</time>
      </trkpt>
      <trkpt lat="42.430971" lon="19.760762">
        <ele>984.529482</ele>
        <time>2026-05-06T11:09:42.189Z</time>
      </trkpt>
      <trkpt lat="42.430935" lon="19.760704">
        <ele>983.923211</ele>
        <time>2026-05-06T11:09:52.241Z</time>
      </trkpt>
      <trkpt lat="42.430883" lon="19.760682">
        <ele>983.332740</ele>
        <time>2026-05-06T11:10:02.055Z</time>
      </trkpt>
      <trkpt lat="42.430639" lon="19.760822">
        <ele>980.460631</ele>
        <time>2026-05-06T11:10:49.495Z</time>
      </trkpt>
      <trkpt lat="42.429993" lon="19.761018">
        <ele>973.285197</ele>
        <time>2026-05-06T11:12:47.220Z</time>
      </trkpt>
      <trkpt lat="42.429391" lon="19.760951">
        <ele>965.824160</ele>
        <time>2026-05-06T11:14:36.708Z</time>
      </trkpt>
      <trkpt lat="42.428849" lon="19.761124">
        <ele>958.710802</ele>
        <time>2026-05-06T11:16:22.077Z</time>
      </trkpt>
      <trkpt lat="42.428757" lon="19.761112">
        <ele>957.530110</ele>
        <time>2026-05-06T11:16:39.699Z</time>
      </trkpt>
      <trkpt lat="42.428487" lon="19.760971">
        <ele>953.833620</ele>
        <time>2026-05-06T11:17:34.980Z</time>
      </trkpt>
      <trkpt lat="42.428256" lon="19.760907">
        <ele>950.821629</ele>
        <time>2026-05-06T11:18:20.575Z</time>
      </trkpt>
      <trkpt lat="42.428107" lon="19.760865">
        <ele>948.877575</ele>
        <time>2026-05-06T11:18:50.110Z</time>
      </trkpt>
      <trkpt lat="42.427684" lon="19.760828">
        <ele>943.753323</ele>
        <time>2026-05-06T11:20:11.042Z</time>
      </trkpt>
      <trkpt lat="42.427496" lon="19.760783">
        <ele>941.445410</ele>
        <time>2026-05-06T11:20:45.862Z</time>
      </trkpt>
      <trkpt lat="42.427360" lon="19.760695">
        <ele>939.623423</ele>
        <time>2026-05-06T11:21:13.396Z</time>
      </trkpt>
      <trkpt lat="42.426865" lon="19.760534">
        <ele>933.469378</ele>
        <time>2026-05-06T11:22:46.205Z</time>
      </trkpt>
      <trkpt lat="42.427022" lon="19.760837">
        <ele>930.165967</ele>
        <time>2026-05-06T11:23:36.454Z</time>
      </trkpt>
      <trkpt lat="42.427075" lon="19.760899">
        <ele>929.319452</ele>
        <time>2026-05-06T11:23:49.311Z</time>
      </trkpt>
      <trkpt lat="42.427022" lon="19.760837">
        <ele>928.472936</ele>
        <time>2026-05-06T11:24:02.371Z</time>
      </trkpt>
      <trkpt lat="42.426865" lon="19.760534">
        <ele>925.285999</ele>
        <time>2026-05-06T11:24:53.241Z</time>
      </trkpt>
      <trkpt lat="42.426562" lon="19.760377">
        <ele>921.596578</ele>
        <time>2026-05-06T11:25:52.583Z</time>
      </trkpt>
      <trkpt lat="42.426261" lon="19.760410">
        <ele>918.162155</ele>
        <time>2026-05-06T11:26:47.286Z</time>
      </trkpt>
      <trkpt lat="42.426161" lon="19.760368">
        <ele>916.971468</ele>
        <time>2026-05-06T11:27:06.649Z</time>
      </trkpt>
      <trkpt lat="42.425980" lon="19.760468">
        <ele>914.748383</ele>
        <time>2026-05-06T11:27:43.888Z</time>
      </trkpt>
      <trkpt lat="42.425886" lon="19.760425">
        <ele>913.620033</ele>
        <time>2026-05-06T11:28:02.531Z</time>
      </trkpt>
      <trkpt lat="42.425132" lon="19.760395">
        <ele>905.444912</ele>
        <time>2026-05-06T11:30:20.645Z</time>
      </trkpt>
      <trkpt lat="42.424945" lon="19.760526">
        <ele>903.640399</ele>
        <time>2026-05-06T11:30:57.715Z</time>
      </trkpt>
      <trkpt lat="42.424356" lon="19.760583">
        <ele>898.578865</ele>
        <time>2026-05-06T11:32:40.536Z</time>
      </trkpt>
      <trkpt lat="42.424107" lon="19.760635">
        <ele>896.419326</ele>
        <time>2026-05-06T11:33:24.195Z</time>
      </trkpt>
      <trkpt lat="42.423897" lon="19.760761">
        <ele>894.450642</ele>
        <time>2026-05-06T11:34:04.113Z</time>
      </trkpt>
      <trkpt lat="42.423282" lon="19.760904">
        <ele>889.444210</ele>
        <time>2026-05-06T11:35:52.683Z</time>
      </trkpt>
      <trkpt lat="42.422986" lon="19.761101">
        <ele>887.064984</ele>
        <time>2026-05-06T11:36:50.462Z</time>
      </trkpt>
      <trkpt lat="42.422642" lon="19.761148">
        <ele>884.570676</ele>
        <time>2026-05-06T11:37:50.417Z</time>
      </trkpt>
      <trkpt lat="42.422438" lon="19.761084">
        <ele>883.060008</ele>
        <time>2026-05-06T11:38:26.245Z</time>
      </trkpt>
      <trkpt lat="42.422278" lon="19.761086">
        <ele>881.905672</ele>
        <time>2026-05-06T11:38:53.556Z</time>
      </trkpt>
      <trkpt lat="42.422025" lon="19.761292">
        <ele>879.776126</ele>
        <time>2026-05-06T11:39:43.408Z</time>
      </trkpt>
      <trkpt lat="42.421692" lon="19.761463">
        <ele>877.413026</ele>
        <time>2026-05-06T11:40:43.419Z</time>
      </trkpt>
      <trkpt lat="42.421549" lon="19.761495">
        <ele>876.566898</ele>
        <time>2026-05-06T11:41:07.811Z</time>
      </trkpt>
      <trkpt lat="42.421428" lon="19.761605">
        <ele>875.716195</ele>
        <time>2026-05-06T11:41:32.279Z</time>
      </trkpt>
      <trkpt lat="42.421331" lon="19.761571">
        <ele>875.131272</ele>
        <time>2026-05-06T11:41:49.036Z</time>
      </trkpt>
      <trkpt lat="42.421231" lon="19.761475">
        <ele>874.415754</ele>
        <time>2026-05-06T11:42:09.501Z</time>
      </trkpt>
      <trkpt lat="42.421096" lon="19.761319">
        <ele>873.379852</ele>
        <time>2026-05-06T11:42:38.842Z</time>
      </trkpt>
      <trkpt lat="42.421046" lon="19.761216">
        <ele>872.848594</ele>
        <time>2026-05-06T11:42:53.915Z</time>
      </trkpt>
      <trkpt lat="42.421007" lon="19.760895">
        <ele>871.446616</ele>
        <time>2026-05-06T11:43:33.863Z</time>
      </trkpt>
      <trkpt lat="42.420837" lon="19.760396">
        <ele>869.078186</ele>
        <time>2026-05-06T11:44:42.060Z</time>
      </trkpt>
      <trkpt lat="42.420828" lon="19.759915">
        <ele>866.983290</ele>
        <time>2026-05-06T11:45:42.264Z</time>
      </trkpt>
      <trkpt lat="42.420690" lon="19.759779">
        <ele>865.959859</ele>
        <time>2026-05-06T11:46:11.180Z</time>
      </trkpt>
      <trkpt lat="42.420530" lon="19.759700">
        <ele>864.938581</ele>
        <time>2026-05-06T11:46:40.162Z</time>
      </trkpt>
      <trkpt lat="42.420467" lon="19.759621">
        <ele>864.423740</ele>
        <time>2026-05-06T11:46:54.711Z</time>
      </trkpt>
      <trkpt lat="42.419806" lon="19.758670">
        <ele>858.641061</ele>
        <time>2026-05-06T11:49:37.653Z</time>
      </trkpt>
      <trkpt lat="42.419719" lon="19.758519">
        <ele>857.793059</ele>
        <time>2026-05-06T11:50:01.292Z</time>
      </trkpt>
      <trkpt lat="42.419635" lon="19.758293">
        <ele>856.809935</ele>
        <time>2026-05-06T11:50:32.347Z</time>
      </trkpt>
      <trkpt lat="42.419577" lon="19.758272">
        <ele>856.600621</ele>
        <time>2026-05-06T11:50:42.223Z</time>
      </trkpt>
      <trkpt lat="42.419406" lon="19.758208">
        <ele>855.982098</ele>
        <time>2026-05-06T11:51:11.506Z</time>
      </trkpt>
      <trkpt lat="42.419346" lon="19.758228">
        <ele>855.766670</ele>
        <time>2026-05-06T11:51:21.595Z</time>
      </trkpt>
      <trkpt lat="42.418842" lon="19.758114">
        <ele>853.985163</ele>
        <time>2026-05-06T11:52:44.334Z</time>
      </trkpt>
      <trkpt lat="42.418693" lon="19.758116">
        <ele>853.465654</ele>
        <time>2026-05-06T11:53:08.060Z</time>
      </trkpt>
      <trkpt lat="42.418561" lon="19.758180">
        <ele>852.976849</ele>
        <time>2026-05-06T11:53:30.405Z</time>
      </trkpt>
      <trkpt lat="42.418244" lon="19.758090">
        <ele>851.847624</ele>
        <time>2026-05-06T11:54:21.403Z</time>
      </trkpt>
      <trkpt lat="42.417800" lon="19.758128">
        <ele>850.388772</ele>
        <time>2026-05-06T11:55:31.294Z</time>
      </trkpt>
      <trkpt lat="42.417640" lon="19.758211">
        <ele>849.918705</ele>
        <time>2026-05-06T11:55:58.126Z</time>
      </trkpt>
      <trkpt lat="42.417537" lon="19.758312">
        <ele>849.569840</ele>
        <time>2026-05-06T11:56:18.027Z</time>
      </trkpt>
      <trkpt lat="42.417492" lon="19.758559">
        <ele>849.054542</ele>
        <time>2026-05-06T11:56:47.300Z</time>
      </trkpt>
      <trkpt lat="42.417455" lon="19.758628">
        <ele>848.881808</ele>
        <time>2026-05-06T11:56:57.254Z</time>
      </trkpt>
      <trkpt lat="42.417259" lon="19.758779">
        <ele>848.263170</ele>
        <time>2026-05-06T11:57:32.593Z</time>
      </trkpt>
      <trkpt lat="42.417088" lon="19.758721">
        <ele>847.779529</ele>
        <time>2026-05-06T11:58:00.322Z</time>
      </trkpt>
      <trkpt lat="42.416988" lon="19.758776">
        <ele>847.483415</ele>
        <time>2026-05-06T11:58:17.535Z</time>
      </trkpt>
      <trkpt lat="42.416692" lon="19.759211">
        <ele>846.285154</ele>
        <time>2026-05-06T11:59:27.494Z</time>
      </trkpt>
      <trkpt lat="42.416666" lon="19.759222">
        <ele>846.210422</ele>
        <time>2026-05-06T11:59:31.888Z</time>
      </trkpt>
      <trkpt lat="42.416539" lon="19.759313">
        <ele>845.816236</ele>
        <time>2026-05-06T11:59:55.088Z</time>
      </trkpt>
      <trkpt lat="42.416379" lon="19.759376">
        <ele>845.212056</ele>
        <time>2026-05-06T12:00:22.058Z</time>
      </trkpt>
      <trkpt lat="42.415932" lon="19.759346">
        <ele>843.569633</ele>
        <time>2026-05-06T12:01:34.824Z</time>
      </trkpt>
      <trkpt lat="42.415527" lon="19.759471">
        <ele>842.045258</ele>
        <time>2026-05-06T12:02:42.467Z</time>
      </trkpt>
      <trkpt lat="42.415182" lon="19.759421">
        <ele>840.771942</ele>
        <time>2026-05-06T12:03:38.866Z</time>
      </trkpt>
      <trkpt lat="42.415039" lon="19.759433">
        <ele>840.246151</ele>
        <time>2026-05-06T12:04:01.935Z</time>
      </trkpt>
      <trkpt lat="42.414737" lon="19.759591">
        <ele>839.124088</ele>
        <time>2026-05-06T12:04:53.670Z</time>
      </trkpt>
      <trkpt lat="42.414525" lon="19.759667">
        <ele>838.710420</ele>
        <time>2026-05-06T12:05:28.387Z</time>
      </trkpt>
      <trkpt lat="42.414310" lon="19.759719">
        <ele>838.298448</ele>
        <time>2026-05-06T12:06:02.748Z</time>
      </trkpt>
      <trkpt lat="42.414041" lon="19.759709">
        <ele>837.790838</ele>
        <time>2026-05-06T12:06:44.545Z</time>
      </trkpt>
      <trkpt lat="42.413827" lon="19.759700">
        <ele>837.386973</ele>
        <time>2026-05-06T12:07:17.790Z</time>
      </trkpt>
      <trkpt lat="42.413553" lon="19.759746">
        <ele>836.866168</ele>
        <time>2026-05-06T12:08:00.972Z</time>
      </trkpt>
      <trkpt lat="42.413242" lon="19.759960">
        <ele>836.208161</ele>
        <time>2026-05-06T12:08:55.154Z</time>
      </trkpt>
      <trkpt lat="42.413197" lon="19.760292">
        <ele>835.766883</ele>
        <time>2026-05-06T12:09:33.015Z</time>
      </trkpt>
      <trkpt lat="42.413077" lon="19.760470">
        <ele>835.584622</ele>
        <time>2026-05-06T12:10:00.075Z</time>
      </trkpt>
      <trkpt lat="42.412981" lon="19.760743">
        <ele>835.355979</ele>
        <time>2026-05-06T12:10:34.147Z</time>
      </trkpt>
      <trkpt lat="42.412825" lon="19.761057">
        <ele>835.069802</ele>
        <time>2026-05-06T12:11:16.878Z</time>
      </trkpt>
      <trkpt lat="42.412602" lon="19.761574">
        <ele>834.617053</ele>
        <time>2026-05-06T12:12:24.757Z</time>
      </trkpt>
      <trkpt lat="42.412427" lon="19.761764">
        <ele>834.387352</ele>
        <time>2026-05-06T12:12:59.115Z</time>
      </trkpt>
      <trkpt lat="42.412210" lon="19.761869">
        <ele>834.151354</ele>
        <time>2026-05-06T12:13:34.103Z</time>
      </trkpt>
      <trkpt lat="42.412032" lon="19.761935">
        <ele>833.962347</ele>
        <time>2026-05-06T12:14:01.920Z</time>
      </trkpt>
      <trkpt lat="42.411906" lon="19.762101">
        <ele>833.687275</ele>
        <time>2026-05-06T12:14:28.772Z</time>
      </trkpt>
      <trkpt lat="42.411715" lon="19.762216">
        <ele>833.358048</ele>
        <time>2026-05-06T12:15:01.494Z</time>
      </trkpt>
      <trkpt lat="42.411528" lon="19.762379">
        <ele>833.007783</ele>
        <time>2026-05-06T12:15:36.852Z</time>
      </trkpt>
      <trkpt lat="42.411426" lon="19.762569">
        <ele>832.734595</ele>
        <time>2026-05-06T12:16:04.119Z</time>
      </trkpt>
      <trkpt lat="42.411345" lon="19.762804">
        <ele>832.432995</ele>
        <time>2026-05-06T12:16:34.135Z</time>
      </trkpt>
      <trkpt lat="42.411246" lon="19.762958">
        <ele>832.195533</ele>
        <time>2026-05-06T12:16:57.697Z</time>
      </trkpt>
      <trkpt lat="42.410937" lon="19.763309">
        <ele>831.560321</ele>
        <time>2026-05-06T12:18:00.245Z</time>
      </trkpt>
      <trkpt lat="42.410593" lon="19.763794">
        <ele>831.087666</ele>
        <time>2026-05-06T12:19:16.497Z</time>
      </trkpt>
      <trkpt lat="42.410445" lon="19.763945">
        <ele>831.055490</ele>
        <time>2026-05-06T12:19:44.650Z</time>
      </trkpt>
      <trkpt lat="42.410434" lon="19.764033">
        <ele>831.044047</ele>
        <time>2026-05-06T12:19:54.680Z</time>
      </trkpt>
      <trkpt lat="42.410377" lon="19.764148">
        <ele>831.026289</ele>
        <time>2026-05-06T12:20:10.058Z</time>
      </trkpt>
      <trkpt lat="42.409996" lon="19.764490">
        <ele>830.946919</ele>
        <time>2026-05-06T12:21:18.794Z</time>
      </trkpt>
      <trkpt lat="42.409803" lon="19.764775">
        <ele>830.897338</ele>
        <time>2026-05-06T12:22:02.127Z</time>
      </trkpt>
      <trkpt lat="42.409529" lon="19.764975">
        <ele>830.843289</ele>
        <time>2026-05-06T12:22:49.932Z</time>
      </trkpt>
      <trkpt lat="42.409223" lon="19.765188">
        <ele>830.567982</ele>
        <time>2026-05-06T12:23:43.265Z</time>
      </trkpt>
      <trkpt lat="42.408966" lon="19.765431">
        <ele>830.124236</ele>
        <time>2026-05-06T12:24:30.875Z</time>
      </trkpt>
      <trkpt lat="42.408540" lon="19.765733">
        <ele>829.443495</ele>
        <time>2026-05-06T12:25:45.077Z</time>
      </trkpt>
      <trkpt lat="42.408388" lon="19.765917">
        <ele>829.154870</ele>
        <time>2026-05-06T12:26:16.949Z</time>
      </trkpt>
      <trkpt lat="42.408313" lon="19.765990">
        <ele>829.024111</ele>
        <time>2026-05-06T12:26:31.430Z</time>
      </trkpt>
      <trkpt lat="42.408224" lon="19.765947">
        <ele>828.890331</ele>
        <time>2026-05-06T12:26:46.195Z</time>
      </trkpt>
      <trkpt lat="42.408057" lon="19.765942">
        <ele>828.653841</ele>
        <time>2026-05-06T12:27:12.399Z</time>
      </trkpt>
      <trkpt lat="42.407695" lon="19.766077">
        <ele>827.982734</ele>
        <time>2026-05-06T12:28:11.898Z</time>
      </trkpt>
      <trkpt lat="42.407555" lon="19.766190">
        <ele>827.529925</ele>
        <time>2026-05-06T12:28:37.931Z</time>
      </trkpt>
      <trkpt lat="42.407418" lon="19.766371">
        <ele>826.998175</ele>
        <time>2026-05-06T12:29:08.772Z</time>
      </trkpt>
      <trkpt lat="42.407028" lon="19.766559">
        <ele>825.848022</ele>
        <time>2026-05-06T12:30:15.634Z</time>
      </trkpt>
      <trkpt lat="42.406810" lon="19.766729">
        <ele>825.149109</ele>
        <time>2026-05-06T12:30:55.490Z</time>
      </trkpt>
      <trkpt lat="42.406722" lon="19.766788">
        <ele>824.876293</ele>
        <time>2026-05-06T12:31:11.006Z</time>
      </trkpt>
      <trkpt lat="42.406161" lon="19.767236">
        <ele>823.113237</ele>
        <time>2026-05-06T12:32:53.742Z</time>
      </trkpt>
      <trkpt lat="42.405992" lon="19.767505">
        <ele>822.554174</ele>
        <time>2026-05-06T12:33:34.068Z</time>
      </trkpt>
      <trkpt lat="42.405935" lon="19.767662">
        <ele>822.277247</ele>
        <time>2026-05-06T12:33:53.892Z</time>
      </trkpt>
      <trkpt lat="42.405834" lon="19.767709">
        <ele>822.048308</ele>
        <time>2026-05-06T12:34:10.450Z</time>
      </trkpt>
      <trkpt lat="42.405664" lon="19.767641">
        <ele>821.668316</ele>
        <time>2026-05-06T12:34:37.985Z</time>
      </trkpt>
      <trkpt lat="42.405520" lon="19.767676">
        <ele>821.354691</ele>
        <time>2026-05-06T12:35:00.774Z</time>
      </trkpt>
      <trkpt lat="42.404876" lon="19.768076">
        <ele>819.835878</ele>
        <time>2026-05-06T12:36:51.559Z</time>
      </trkpt>
      <trkpt lat="42.404047" lon="19.768645">
        <ele>816.721239</ele>
        <time>2026-05-06T12:39:20.693Z</time>
      </trkpt>
      <trkpt lat="42.403581" lon="19.768901">
        <ele>814.872911</ele>
        <time>2026-05-06T12:40:43.117Z</time>
      </trkpt>
      <trkpt lat="42.403443" lon="19.769113">
        <ele>814.105889</ele>
        <time>2026-05-06T12:41:17.068Z</time>
      </trkpt>
      <trkpt lat="42.403325" lon="19.769230">
        <ele>813.568364</ele>
        <time>2026-05-06T12:41:40.808Z</time>
      </trkpt>
      <trkpt lat="42.403220" lon="19.769254">
        <ele>813.176981</ele>
        <time>2026-05-06T12:41:58.067Z</time>
      </trkpt>
      <trkpt lat="42.403115" lon="19.769230">
        <ele>812.784688</ele>
        <time>2026-05-06T12:42:15.323Z</time>
      </trkpt>
      <trkpt lat="42.403010" lon="19.769282">
        <ele>812.352683</ele>
        <time>2026-05-06T12:42:33.401Z</time>
      </trkpt>
      <trkpt lat="42.402932" lon="19.769522">
        <ele>811.604498</ele>
        <time>2026-05-06T12:43:04.640Z</time>
      </trkpt>
      <trkpt lat="42.402865" lon="19.769590">
        <ele>811.280969</ele>
        <time>2026-05-06T12:43:18.028Z</time>
      </trkpt>
      <trkpt lat="42.402810" lon="19.769611">
        <ele>811.060160</ele>
        <time>2026-05-06T12:43:26.983Z</time>
      </trkpt>
      <trkpt lat="42.402534" lon="19.769521">
        <ele>809.963197</ele>
        <time>2026-05-06T12:44:11.567Z</time>
      </trkpt>
      <trkpt lat="42.402441" lon="19.769523">
        <ele>809.603794</ele>
        <time>2026-05-06T12:44:26.095Z</time>
      </trkpt>
      <trkpt lat="42.402309" lon="19.769637">
        <ele>808.998844</ele>
        <time>2026-05-06T12:44:51.063Z</time>
      </trkpt>
      <trkpt lat="42.402200" lon="19.769781">
        <ele>808.410441</ele>
        <time>2026-05-06T12:45:15.559Z</time>
      </trkpt>
      <trkpt lat="42.402055" lon="19.770158">
        <ele>807.197562</ele>
        <time>2026-05-06T12:46:06.871Z</time>
      </trkpt>
      <trkpt lat="42.402030" lon="19.770425">
        <ele>806.429619</ele>
        <time>2026-05-06T12:46:39.682Z</time>
      </trkpt>
      <trkpt lat="42.401921" lon="19.770566">
        <ele>805.843407</ele>
        <time>2026-05-06T12:47:04.633Z</time>
      </trkpt>
      <trkpt lat="42.401879" lon="19.770651">
        <ele>805.371605</ele>
        <time>2026-05-06T12:47:16.942Z</time>
      </trkpt>
      <trkpt lat="42.401822" lon="19.770684">
        <ele>804.984341</ele>
        <time>2026-05-06T12:47:27.547Z</time>
      </trkpt>
      <trkpt lat="42.401774" lon="19.770670">
        <ele>804.677602</ele>
        <time>2026-05-06T12:47:35.645Z</time>
      </trkpt>
      <trkpt lat="42.401750" lon="19.770605">
        <ele>804.342354</ele>
        <time>2026-05-06T12:47:44.694Z</time>
      </trkpt>
      <trkpt lat="42.401755" lon="19.770512">
        <ele>803.912198</ele>
        <time>2026-05-06T12:47:56.422Z</time>
      </trkpt>
      <trkpt lat="42.401777" lon="19.769872">
        <ele>800.956607</ele>
        <time>2026-05-06T12:49:16.648Z</time>
      </trkpt>
      <trkpt lat="42.401753" lon="19.769817">
        <ele>800.661897</ele>
        <time>2026-05-06T12:49:24.489Z</time>
      </trkpt>
      <trkpt lat="42.401682" lon="19.769810">
        <ele>800.217175</ele>
        <time>2026-05-06T12:49:36.783Z</time>
      </trkpt>
      <trkpt lat="42.401395" lon="19.770127">
        <ele>797.903494</ele>
        <time>2026-05-06T12:50:40.293Z</time>
      </trkpt>
      <trkpt lat="42.401326" lon="19.770123">
        <ele>797.472045</ele>
        <time>2026-05-06T12:50:52.020Z</time>
      </trkpt>
      <trkpt lat="42.401288" lon="19.770160">
        <ele>797.179661</ele>
        <time>2026-05-06T12:51:00.115Z</time>
      </trkpt>
      <trkpt lat="42.400977" lon="19.770285">
        <ele>795.153026</ele>
        <time>2026-05-06T12:51:54.617Z</time>
      </trkpt>
      <trkpt lat="42.400853" lon="19.770457">
        <ele>793.900296</ele>
        <time>2026-05-06T12:52:24.531Z</time>
      </trkpt>
      <trkpt lat="42.400802" lon="19.770478">
        <ele>793.483660</ele>
        <time>2026-05-06T12:52:33.443Z</time>
      </trkpt>
      <trkpt lat="42.400474" lon="19.770489">
        <ele>790.919225</ele>
        <time>2026-05-06T12:53:28.981Z</time>
      </trkpt>
      <trkpt lat="42.400366" lon="19.770532">
        <ele>790.039369</ele>
        <time>2026-05-06T12:53:48.241Z</time>
      </trkpt>
      <trkpt lat="42.400109" lon="19.770831">
        <ele>787.391134</ele>
        <time>2026-05-06T12:54:46.612Z</time>
      </trkpt>
      <trkpt lat="42.399931" lon="19.770944">
        <ele>785.854596</ele>
        <time>2026-05-06T12:55:20.866Z</time>
      </trkpt>
      <trkpt lat="42.399621" lon="19.770885">
        <ele>783.407823</ele>
        <time>2026-05-06T12:56:04.792Z</time>
      </trkpt>
      <trkpt lat="42.399427" lon="19.770927">
        <ele>781.872263</ele>
        <time>2026-05-06T12:56:32.733Z</time>
      </trkpt>
      <trkpt lat="42.399294" lon="19.770892">
        <ele>780.813288</ele>
        <time>2026-05-06T12:56:52.056Z</time>
      </trkpt>
      <trkpt lat="42.399083" lon="19.770758">
        <ele>778.680628</ele>
        <time>2026-05-06T12:57:25.596Z</time>
      </trkpt>
      <trkpt lat="42.399021" lon="19.770742">
        <ele>778.089360</ele>
        <time>2026-05-06T12:57:36.874Z</time>
      </trkpt>
      <trkpt lat="42.398905" lon="19.770881">
        <ele>776.638306</ele>
        <time>2026-05-06T12:58:04.724Z</time>
      </trkpt>
      <trkpt lat="42.398827" lon="19.770889">
        <ele>775.905510</ele>
        <time>2026-05-06T12:58:16.055Z</time>
      </trkpt>
      <trkpt lat="42.398694" lon="19.770816">
        <ele>774.561110</ele>
        <time>2026-05-06T12:58:36.582Z</time>
      </trkpt>
      <trkpt lat="42.398611" lon="19.770824">
        <ele>773.781600</ele>
        <time>2026-05-06T12:58:48.517Z</time>
      </trkpt>
      <trkpt lat="42.398287" lon="19.771261">
        <ele>769.497655</ele>
        <time>2026-05-06T12:59:53.676Z</time>
      </trkpt>
      <trkpt lat="42.398183" lon="19.771577">
        <ele>767.104281</ele>
        <time>2026-05-06T13:00:29.769Z</time>
      </trkpt>
      <trkpt lat="42.398128" lon="19.771656">
        <ele>766.353174</ele>
        <time>2026-05-06T13:00:41.131Z</time>
      </trkpt>
      <trkpt lat="42.397764" lon="19.771809">
        <ele>763.708969</ele>
        <time>2026-05-06T13:01:35.096Z</time>
      </trkpt>
      <trkpt lat="42.397670" lon="19.771877">
        <ele>763.708969</ele>
        <time>2026-05-06T13:01:50.179Z</time>
      </trkpt>
      <trkpt lat="42.397610" lon="19.772015">
        <ele>763.708969</ele>
        <time>2026-05-06T13:02:06.824Z</time>
      </trkpt>
      <trkpt lat="42.397526" lon="19.772138">
        <ele>763.708969</ele>
        <time>2026-05-06T13:02:28.725Z</time>
      </trkpt>
      <trkpt lat="42.397378" lon="19.772198">
        <ele>763.708969</ele>
        <time>2026-05-06T13:02:55.865Z</time>
      </trkpt>
      <trkpt lat="42.397108" lon="19.772146">
        <ele>763.708969</ele>
        <time>2026-05-06T13:03:43.597Z</time>
      </trkpt>
      <trkpt lat="42.397007" lon="19.772155">
        <ele>763.708969</ele>
        <time>2026-05-06T13:04:00.970Z</time>
      </trkpt>
      <trkpt lat="42.396819" lon="19.772240">
        <ele>763.708969</ele>
        <time>2026-05-06T13:04:34.982Z</time>
      </trkpt>
      <trkpt lat="42.396745" lon="19.772319">
        <ele>763.708969</ele>
        <time>2026-05-06T13:04:50.885Z</time>
      </trkpt>
      <trkpt lat="42.396568" lon="19.772306">
        <ele>763.708969</ele>
        <time>2026-05-06T13:05:14.818Z</time>
      </trkpt>
      <trkpt lat="42.396391" lon="19.772433">
        <ele>763.708969</ele>
        <time>2026-05-06T13:05:41.465Z</time>
      </trkpt>
      <trkpt lat="42.396312" lon="19.772539">
        <ele>763.708969</ele>
        <time>2026-05-06T13:05:56.108Z</time>
      </trkpt>
    </trkseg>
  </trk>
</gpx>